# Tournament Config: startingPlayers=3, gamesPerPhase=100
# Fallbacks: {"2":{"file":"tournament_j3zvExqh9bhYFcfuzihx_older.csv","topX":5}}
Rank,Status,VP,EN,HL,AT,YD,WinRate,GamesPlayed,AvgCardsBought,P1%,P2%,P3%,P4%,P5%,P6%,P7%,P8%,P9%,P10%,P11%
1,Active,0,5,6,2,6,0.0%,0,0.00,87.0%,47.0%,44.0%,38.0%,36.0%,37.0%,44.0%,45.0%,32.0%,40.2%,37.0%
2,Eliminated,0,0,6,3,6,26.0%,100,0.00,85.0%,45.0%,38.0%,40.0%,37.0%,48.5%,37.0%,45.0%,41.0%,37.0%,26.0%
3,Eliminated,0,0,6,1,4,33.0%,103,0.00,80.0%,42.0%,43.0%,35.0%,43.0%,42.0%,38.0%,37.9%,34.3%,33.0%,-
4,Eliminated,5,5,6,1,4,32.7%,101,0.00,88.0%,40.0%,36.0%,40.0%,42.0%,34.0%,39.0%,33.7%,40.8%,32.7%,-
5,Eliminated,0,0,4,1,6,23.8%,101,0.00,85.0%,36.0%,40.0%,42.0%,36.0%,36.0%,35.6%,34.7%,34.0%,23.8%,-
6,Eliminated,0,5,6,3,4,31.0%,100,0.00,74.0%,41.0%,45.0%,38.0%,40.0%,34.0%,36.0%,36.3%,31.0%,-,-
7,Eliminated,0,0,8,1,4,30.8%,104,0.00,83.0%,43.0%,45.0%,46.0%,51.0%,44.0%,38.0%,38.0%,30.8%,-,-
8,Eliminated,0,10,8,2,4,30.4%,102,0.00,77.0%,46.0%,41.0%,42.0%,34.0%,43.0%,37.0%,33.0%,30.4%,-,-
9,Eliminated,0,0,8,2,8,30.0%,100,0.00,91.0%,37.6%,40.0%,48.0%,34.0%,42.0%,41.6%,35.0%,30.0%,-,-
10,Eliminated,0,5,8,1,6,29.0%,100,0.00,92.0%,39.0%,40.0%,41.0%,45.0%,36.0%,37.0%,33.0%,29.0%,-,-
11,Eliminated,10,10,6,1,4,32.0%,103,0.00,71.0%,39.0%,45.0%,34.0%,41.0%,34.7%,36.0%,32.0%,-,-,-
12,Eliminated,0,0,4,1,4,32.0%,100,0.00,78.0%,39.0%,43.0%,39.0%,41.0%,36.0%,42.6%,32.0%,-,-,-
13,Eliminated,0,5,4,2,4,32.0%,100,0.00,75.0%,40.0%,37.0%,35.0%,39.0%,38.0%,38.0%,32.0%,-,-,-
14,Eliminated,5,5,6,1,6,32.0%,100,0.00,85.0%,45.0%,45.0%,39.0%,42.0%,45.0%,35.0%,32.0%,-,-,-
15,Eliminated,0,5,8,3,10,31.0%,100,0.00,87.0%,36.0%,45.0%,44.0%,37.0%,33.3%,35.0%,31.0%,-,-,-
16,Eliminated,0,0,6,1,6,30.7%,101,0.00,87.0%,42.0%,40.0%,46.0%,34.0%,41.0%,44.0%,30.7%,-,-,-
17,Eliminated,0,10,6,2,6,30.0%,100,0.00,82.0%,49.0%,35.0%,44.0%,36.0%,36.6%,40.0%,30.0%,-,-,-
18,Eliminated,0,10,8,3,8,30.0%,100,0.00,79.0%,45.0%,34.0%,45.0%,43.0%,39.0%,36.0%,30.0%,-,-,-
19,Eliminated,0,15,8,2,4,28.0%,100,0.00,72.0%,39.0%,47.0%,35.0%,34.0%,37.0%,38.0%,28.0%,-,-,-
20,Eliminated,0,5,8,1,4,26.0%,100,0.00,85.0%,34.0%,46.0%,45.0%,43.0%,34.0%,36.0%,26.0%,-,-,-
21,Eliminated,0,5,4,1,4,24.8%,101,0.00,76.0%,39.0%,35.0%,38.0%,41.0%,35.0%,34.7%,24.8%,-,-,-
22,Eliminated,5,5,8,2,8,34.7%,101,0.00,90.0%,44.0%,44.0%,36.0%,40.0%,40.0%,34.7%,-,-,-,-
23,Eliminated,0,5,6,1,4,34.0%,100,0.00,82.0%,45.0%,43.0%,39.0%,40.0%,41.0%,34.0%,-,-,-,-
24,Eliminated,10,5,6,1,6,33.0%,100,0.00,85.0%,44.0%,40.0%,42.0%,36.0%,39.0%,33.0%,-,-,-,-
25,Eliminated,0,0,8,2,6,32.7%,101,0.00,86.0%,38.0%,40.0%,44.0%,42.0%,38.0%,32.7%,-,-,-,-
26,Eliminated,0,10,8,2,8,32.7%,101,0.00,81.0%,47.0%,35.0%,35.6%,38.0%,36.0%,32.7%,-,-,-,-
27,Eliminated,5,5,8,2,10,32.7%,101,0.00,90.0%,37.0%,39.0%,36.0%,39.0%,35.0%,32.7%,-,-,-,-
28,Eliminated,0,0,6,3,8,31.0%,100,0.00,84.0%,33.0%,33.0%,36.0%,37.0%,36.6%,31.0%,-,-,-,-
29,Eliminated,5,10,8,3,8,31.0%,100,0.00,88.0%,43.0%,41.0%,41.0%,49.0%,36.0%,31.0%,-,-,-,-
30,Eliminated,10,10,8,2,6,30.0%,100,0.00,78.0%,35.0%,35.0%,36.0%,38.6%,37.0%,30.0%,-,-,-,-
31,Eliminated,5,10,8,3,6,29.7%,101,0.00,77.0%,39.0%,38.0%,41.0%,35.0%,41.0%,29.7%,-,-,-,-
32,Eliminated,0,15,10,3,8,29.0%,100,0.00,82.0%,46.0%,36.0%,39.0%,34.0%,38.0%,29.0%,-,-,-,-
33,Eliminated,15,15,6,1,6,27.7%,101,0.00,77.0%,44.6%,36.0%,39.0%,36.0%,34.0%,27.7%,-,-,-,-
34,Eliminated,20,5,8,1,8,27.7%,101,0.00,88.0%,44.0%,39.0%,35.0%,36.0%,38.0%,27.7%,-,-,-,-
35,Eliminated,0,5,10,3,8,27.0%,100,0.00,86.0%,39.0%,36.6%,37.0%,43.0%,43.0%,27.0%,-,-,-,-
36,Eliminated,0,10,6,1,4,27.0%,100,0.00,71.0%,34.0%,46.0%,39.0%,36.0%,35.0%,27.0%,-,-,-,-
37,Eliminated,20,10,8,3,10,27.0%,100,0.00,92.0%,37.0%,35.0%,33.7%,36.0%,34.0%,27.0%,-,-,-,-
38,Eliminated,0,5,6,1,2,24.8%,101,0.00,67.0%,35.0%,36.0%,38.0%,37.0%,39.0%,24.8%,-,-,-,-
39,Eliminated,10,10,8,3,6,23.8%,101,0.00,83.0%,37.0%,35.0%,41.0%,36.6%,37.6%,23.8%,-,-,-,-
40,Eliminated,0,15,8,2,8,23.0%,100,0.00,86.0%,41.0%,35.0%,45.0%,34.0%,33.7%,23.0%,-,-,-,-
41,Eliminated,0,0,6,3,10,22.8%,101,0.00,85.0%,48.0%,41.0%,33.0%,39.0%,35.0%,22.8%,-,-,-,-
42,Eliminated,5,20,10,3,8,20.8%,101,0.00,83.0%,48.0%,36.0%,37.0%,39.0%,37.0%,20.8%,-,-,-,-
43,Eliminated,0,0,6,1,8,33.0%,100,0.00,86.0%,40.0%,42.0%,40.0%,39.0%,33.0%,-,-,-,-,-
44,Eliminated,0,5,8,3,6,33.0%,100,0.00,81.0%,39.0%,35.0%,38.0%,40.0%,33.0%,-,-,-,-,-
45,Eliminated,5,10,8,2,6,33.0%,100,0.00,80.0%,41.0%,36.6%,40.0%,37.0%,33.0%,-,-,-,-,-
46,Eliminated,5,10,8,3,10,33.0%,100,0.00,83.0%,36.0%,34.0%,36.0%,36.0%,33.0%,-,-,-,-,-
47,Eliminated,0,5,6,1,6,32.0%,100,0.00,83.0%,43.0%,42.0%,33.0%,33.0%,32.0%,-,-,-,-,-
48,Eliminated,0,5,6,2,10,32.0%,100,0.00,88.0%,44.0%,39.0%,35.0%,37.0%,32.0%,-,-,-,-,-
49,Eliminated,0,5,8,2,6,32.0%,100,0.00,84.0%,36.0%,53.0%,41.0%,49.0%,32.0%,-,-,-,-,-
50,Eliminated,10,10,6,1,6,32.0%,100,0.00,81.0%,42.0%,42.0%,39.0%,35.0%,32.0%,-,-,-,-,-
51,Eliminated,20,10,8,1,10,32.0%,100,0.00,91.0%,50.0%,36.0%,39.0%,42.0%,32.0%,-,-,-,-,-
52,Eliminated,5,5,10,3,10,31.7%,101,0.00,89.0%,34.0%,35.0%,36.0%,43.0%,31.7%,-,-,-,-,-
53,Eliminated,0,0,6,2,10,31.0%,100,0.00,89.0%,40.0%,41.0%,33.0%,39.0%,31.0%,-,-,-,-,-
54,Eliminated,0,5,6,3,6,31.0%,100,0.00,85.0%,49.0%,43.0%,44.0%,35.0%,31.0%,-,-,-,-,-
55,Eliminated,15,10,6,1,10,31.0%,100,0.00,79.0%,43.0%,48.0%,34.0%,33.7%,31.0%,-,-,-,-,-
56,Eliminated,0,10,6,2,10,30.0%,100,0.00,81.0%,40.0%,34.0%,52.0%,42.0%,30.0%,-,-,-,-,-
57,Eliminated,5,5,6,1,8,30.0%,100,0.00,87.0%,44.0%,42.0%,34.0%,38.0%,30.0%,-,-,-,-,-
58,Eliminated,5,5,6,1,10,30.0%,100,0.00,89.0%,51.0%,38.0%,39.0%,39.0%,30.0%,-,-,-,-,-
59,Eliminated,5,5,8,1,4,30.0%,100,0.00,72.0%,45.0%,41.0%,37.0%,34.7%,30.0%,-,-,-,-,-
60,Eliminated,5,15,8,3,8,30.0%,100,0.00,88.0%,50.0%,41.0%,38.0%,39.0%,30.0%,-,-,-,-,-
61,Eliminated,10,15,8,1,6,30.0%,100,0.00,85.0%,35.0%,43.0%,34.0%,35.0%,30.0%,-,-,-,-,-
62,Eliminated,10,15,8,3,10,30.0%,100,0.00,91.0%,41.0%,37.0%,35.0%,36.0%,30.0%,-,-,-,-,-
63,Eliminated,10,5,6,1,4,29.7%,101,0.00,78.0%,39.0%,42.0%,35.0%,35.0%,29.7%,-,-,-,-,-
64,Eliminated,15,5,10,1,4,29.7%,101,0.00,79.0%,36.0%,37.0%,34.0%,38.0%,29.7%,-,-,-,-,-
65,Eliminated,15,15,8,1,6,29.0%,100,0.00,74.0%,48.0%,39.0%,37.0%,35.0%,29.0%,-,-,-,-,-
66,Eliminated,5,5,6,2,6,28.7%,101,0.00,83.0%,34.0%,43.0%,42.0%,40.0%,28.7%,-,-,-,-,-
67,Eliminated,5,15,8,2,6,28.7%,101,0.00,86.0%,45.0%,34.0%,40.0%,36.0%,28.7%,-,-,-,-,-
68,Eliminated,0,15,8,2,6,28.0%,100,0.00,86.0%,42.0%,39.0%,35.0%,36.0%,28.0%,-,-,-,-,-
69,Eliminated,15,10,8,2,10,28.0%,100,0.00,90.0%,43.0%,37.0%,36.0%,38.0%,28.0%,-,-,-,-,-
70,Eliminated,15,15,8,2,8,28.0%,100,0.00,85.0%,41.0%,35.0%,37.0%,37.0%,28.0%,-,-,-,-,-
71,Eliminated,15,20,8,3,10,28.0%,100,0.00,84.0%,46.0%,37.0%,41.0%,34.0%,28.0%,-,-,-,-,-
72,Eliminated,5,10,8,1,6,27.0%,100,0.00,80.0%,42.0%,38.0%,36.0%,38.0%,27.0%,-,-,-,-,-
73,Eliminated,10,5,6,2,8,27.0%,100,0.00,87.0%,35.0%,34.0%,34.0%,37.0%,27.0%,-,-,-,-,-
74,Eliminated,15,20,8,1,6,27.0%,100,0.00,81.0%,54.0%,46.0%,35.0%,41.0%,27.0%,-,-,-,-,-
75,Eliminated,0,5,6,1,8,26.0%,100,0.00,85.0%,34.0%,42.0%,39.0%,46.0%,26.0%,-,-,-,-,-
76,Eliminated,10,10,6,3,10,26.0%,100,0.00,79.0%,35.6%,36.0%,37.6%,39.0%,26.0%,-,-,-,-,-
77,Eliminated,10,10,8,1,6,26.0%,100,0.00,80.0%,43.0%,34.0%,41.0%,37.0%,26.0%,-,-,-,-,-
78,Eliminated,10,15,6,1,6,25.7%,101,0.00,80.0%,39.0%,39.0%,35.0%,39.0%,25.7%,-,-,-,-,-
79,Eliminated,10,15,8,1,4,25.0%,100,0.00,80.0%,37.0%,39.0%,38.0%,42.0%,25.0%,-,-,-,-,-
80,Eliminated,10,5,8,1,6,24.0%,100,0.00,86.0%,44.0%,37.0%,41.0%,35.0%,24.0%,-,-,-,-,-
81,Eliminated,0,10,8,1,4,23.0%,100,0.00,79.0%,40.0%,44.0%,41.6%,37.0%,23.0%,-,-,-,-,-
82,Eliminated,5,5,10,2,8,23.0%,100,0.00,85.0%,40.0%,36.0%,41.0%,34.0%,23.0%,-,-,-,-,-
83,Eliminated,10,10,8,3,10,22.8%,101,0.00,91.0%,41.0%,49.0%,41.0%,37.6%,22.8%,-,-,-,-,-
84,Eliminated,0,5,4,1,8,22.0%,100,0.00,76.0%,35.0%,35.0%,34.0%,37.0%,22.0%,-,-,-,-,-
85,Eliminated,0,5,8,2,4,33.0%,100,0.00,70.0%,36.0%,46.0%,38.0%,33.0%,-,-,-,-,-,-
86,Eliminated,0,15,6,3,10,33.0%,100,0.00,86.0%,38.0%,36.0%,37.0%,33.0%,-,-,-,-,-,-
87,Eliminated,0,20,6,3,10,33.0%,100,0.00,82.0%,41.0%,38.0%,33.0%,33.0%,-,-,-,-,-,-
88,Eliminated,0,20,8,2,6,33.0%,100,0.00,72.0%,41.0%,41.0%,34.0%,33.0%,-,-,-,-,-,-
89,Eliminated,5,0,8,2,8,33.0%,100,0.00,94.0%,40.0%,34.0%,34.0%,33.0%,-,-,-,-,-,-
90,Eliminated,5,5,8,1,10,33.0%,100,0.00,91.0%,45.0%,35.0%,43.0%,33.0%,-,-,-,-,-,-
91,Eliminated,5,5,8,3,8,33.0%,100,0.00,89.0%,48.0%,39.0%,45.0%,33.0%,-,-,-,-,-,-
92,Eliminated,10,20,8,1,6,33.0%,100,0.00,89.0%,45.0%,35.0%,37.0%,33.0%,-,-,-,-,-,-
93,Eliminated,15,10,8,1,8,33.0%,100,0.00,86.0%,54.0%,40.0%,39.0%,33.0%,-,-,-,-,-,-
94,Eliminated,20,5,6,1,6,33.0%,100,0.00,91.0%,38.0%,44.0%,39.0%,33.0%,-,-,-,-,-,-
95,Eliminated,20,10,6,1,6,33.0%,100,0.00,80.0%,45.0%,37.0%,39.0%,33.0%,-,-,-,-,-,-
96,Eliminated,20,10,8,3,8,33.0%,100,0.00,86.0%,38.0%,39.0%,34.0%,33.0%,-,-,-,-,-,-
97,Eliminated,5,5,6,2,8,32.0%,100,0.00,85.0%,43.0%,43.0%,44.0%,32.0%,-,-,-,-,-,-
98,Eliminated,10,10,10,3,8,32.0%,100,0.00,88.0%,41.0%,39.0%,43.0%,32.0%,-,-,-,-,-,-
99,Eliminated,10,20,10,3,10,32.0%,100,0.00,82.0%,47.0%,38.0%,34.0%,32.0%,-,-,-,-,-,-
100,Eliminated,20,5,10,2,10,32.0%,100,0.00,92.0%,37.0%,38.0%,37.0%,32.0%,-,-,-,-,-,-
101,Eliminated,20,10,8,2,10,32.0%,100,0.00,89.0%,39.0%,42.0%,40.0%,32.0%,-,-,-,-,-,-
102,Eliminated,20,15,6,1,10,32.0%,100,0.00,92.0%,46.0%,35.0%,34.0%,32.0%,-,-,-,-,-,-
103,Eliminated,0,5,6,2,4,31.0%,100,0.00,78.0%,44.0%,35.0%,40.0%,31.0%,-,-,-,-,-,-
104,Eliminated,0,5,8,1,10,31.0%,100,0.00,84.0%,39.0%,37.0%,34.0%,31.0%,-,-,-,-,-,-
105,Eliminated,0,10,8,1,2,31.0%,100,0.00,72.0%,35.0%,37.0%,44.0%,31.0%,-,-,-,-,-,-
106,Eliminated,5,0,6,1,6,31.0%,100,0.00,91.0%,37.0%,38.0%,39.0%,31.0%,-,-,-,-,-,-
107,Eliminated,5,10,8,2,10,31.0%,100,0.00,86.0%,34.0%,39.0%,34.0%,31.0%,-,-,-,-,-,-
108,Eliminated,5,15,6,2,8,31.0%,100,0.00,86.0%,36.0%,40.0%,35.0%,31.0%,-,-,-,-,-,-
109,Eliminated,5,20,8,3,10,31.0%,100,0.00,86.0%,44.0%,38.0%,38.0%,31.0%,-,-,-,-,-,-
110,Eliminated,10,5,8,2,8,31.0%,100,0.00,88.0%,49.0%,37.0%,37.0%,31.0%,-,-,-,-,-,-
111,Eliminated,10,10,8,1,4,31.0%,100,0.00,78.0%,38.0%,36.0%,35.0%,31.0%,-,-,-,-,-,-
112,Eliminated,10,10,8,2,10,31.0%,100,0.00,91.0%,47.0%,43.0%,39.0%,31.0%,-,-,-,-,-,-
113,Eliminated,20,5,8,1,6,31.0%,100,0.00,87.0%,45.0%,37.0%,36.0%,31.0%,-,-,-,-,-,-
114,Eliminated,20,10,10,3,8,31.0%,100,0.00,86.0%,41.0%,35.0%,36.0%,31.0%,-,-,-,-,-,-
115,Eliminated,20,15,10,1,4,31.0%,100,0.00,76.0%,44.0%,37.0%,35.0%,31.0%,-,-,-,-,-,-
116,Eliminated,10,15,6,1,4,30.7%,101,0.00,77.0%,45.0%,34.0%,36.0%,30.7%,-,-,-,-,-,-
117,Eliminated,15,5,8,2,8,30.7%,101,0.00,86.0%,46.0%,45.0%,36.0%,30.7%,-,-,-,-,-,-
118,Eliminated,0,0,6,1,10,30.0%,100,0.00,94.0%,49.0%,43.0%,46.0%,30.0%,-,-,-,-,-,-
119,Eliminated,5,5,4,1,8,30.0%,100,0.00,82.0%,34.0%,36.0%,34.0%,30.0%,-,-,-,-,-,-
120,Eliminated,5,15,8,2,8,30.0%,100,0.00,86.0%,45.0%,36.0%,42.0%,30.0%,-,-,-,-,-,-
121,Eliminated,10,20,10,2,10,30.0%,100,0.00,94.0%,42.0%,38.0%,34.0%,30.0%,-,-,-,-,-,-
122,Eliminated,15,5,6,1,6,30.0%,100,0.00,90.0%,41.0%,34.0%,36.0%,30.0%,-,-,-,-,-,-
123,Eliminated,15,10,8,1,4,30.0%,100,0.00,74.0%,40.0%,42.0%,41.0%,30.0%,-,-,-,-,-,-
124,Eliminated,15,10,8,2,8,30.0%,100,0.00,88.0%,44.0%,40.0%,41.0%,30.0%,-,-,-,-,-,-
125,Eliminated,15,15,8,1,8,29.7%,101,0.00,78.0%,37.0%,40.0%,36.0%,29.7%,-,-,-,-,-,-
126,Eliminated,0,5,10,3,6,29.0%,100,0.00,81.0%,37.0%,39.0%,34.0%,29.0%,-,-,-,-,-,-
127,Eliminated,0,15,8,3,8,29.0%,100,0.00,84.0%,34.0%,44.0%,45.0%,29.0%,-,-,-,-,-,-
128,Eliminated,5,5,8,2,6,29.0%,100,0.00,86.0%,42.0%,39.0%,40.0%,29.0%,-,-,-,-,-,-
129,Eliminated,5,15,8,3,10,29.0%,100,0.00,92.0%,45.0%,36.0%,36.0%,29.0%,-,-,-,-,-,-
130,Eliminated,15,5,8,1,10,29.0%,100,0.00,87.0%,51.0%,40.0%,36.0%,29.0%,-,-,-,-,-,-
131,Eliminated,20,5,6,1,8,29.0%,100,0.00,87.0%,46.0%,37.0%,34.0%,29.0%,-,-,-,-,-,-
132,Eliminated,0,20,8,3,8,28.7%,101,0.00,91.0%,40.0%,35.0%,37.0%,28.7%,-,-,-,-,-,-
133,Eliminated,20,5,10,1,4,28.0%,100,0.00,76.0%,37.0%,39.0%,34.0%,28.0%,-,-,-,-,-,-
134,Eliminated,20,10,8,1,6,28.0%,100,0.00,83.0%,41.0%,45.0%,34.0%,28.0%,-,-,-,-,-,-
135,Eliminated,10,20,6,1,6,27.7%,101,0.00,84.0%,40.0%,37.0%,39.0%,27.7%,-,-,-,-,-,-
136,Eliminated,0,10,8,3,10,27.0%,100,0.00,90.0%,51.0%,34.0%,38.0%,27.0%,-,-,-,-,-,-
137,Eliminated,5,10,6,2,8,27.0%,100,0.00,83.0%,36.0%,34.0%,35.0%,27.0%,-,-,-,-,-,-
138,Eliminated,10,15,4,1,8,27.0%,100,0.00,79.0%,37.0%,35.0%,35.0%,27.0%,-,-,-,-,-,-
139,Eliminated,10,20,10,1,6,27.0%,100,0.00,83.0%,49.0%,37.0%,34.0%,27.0%,-,-,-,-,-,-
140,Eliminated,15,5,8,3,8,27.0%,100,0.00,89.0%,36.0%,42.0%,41.0%,27.0%,-,-,-,-,-,-
141,Eliminated,15,15,8,3,8,27.0%,100,0.00,90.0%,38.0%,38.0%,36.0%,27.0%,-,-,-,-,-,-
142,Eliminated,20,20,6,1,8,27.0%,100,0.00,85.0%,45.0%,39.0%,37.0%,27.0%,-,-,-,-,-,-
143,Eliminated,10,10,8,3,8,26.7%,101,0.00,86.0%,45.0%,38.0%,34.0%,26.7%,-,-,-,-,-,-
144,Eliminated,15,20,10,1,4,26.7%,101,0.00,79.0%,43.0%,35.0%,35.0%,26.7%,-,-,-,-,-,-
145,Eliminated,10,10,6,2,8,26.0%,100,0.00,88.0%,35.0%,38.0%,36.0%,26.0%,-,-,-,-,-,-
146,Eliminated,10,15,4,1,4,26.0%,100,0.00,73.0%,34.0%,38.0%,36.0%,26.0%,-,-,-,-,-,-
147,Eliminated,10,15,10,1,8,26.0%,100,0.00,78.0%,48.0%,44.0%,35.0%,26.0%,-,-,-,-,-,-
148,Eliminated,0,15,6,2,8,25.0%,100,0.00,85.0%,45.0%,37.0%,35.0%,25.0%,-,-,-,-,-,-
149,Eliminated,5,0,8,1,10,25.0%,100,0.00,86.0%,41.0%,38.0%,34.0%,25.0%,-,-,-,-,-,-
150,Eliminated,10,10,6,1,8,25.0%,100,0.00,81.0%,55.0%,40.6%,34.0%,25.0%,-,-,-,-,-,-
151,Eliminated,0,20,6,1,4,24.8%,101,0.00,70.0%,39.0%,34.0%,34.0%,24.8%,-,-,-,-,-,-
152,Eliminated,0,0,10,1,6,24.0%,100,0.00,77.0%,33.0%,35.0%,36.0%,24.0%,-,-,-,-,-,-
153,Eliminated,5,5,10,3,6,24.0%,100,0.00,82.0%,41.0%,41.0%,41.0%,24.0%,-,-,-,-,-,-
154,Eliminated,5,10,10,3,6,24.0%,100,0.00,85.0%,36.0%,37.0%,36.0%,24.0%,-,-,-,-,-,-
155,Eliminated,15,5,6,1,10,24.0%,100,0.00,88.0%,49.0%,42.0%,38.0%,24.0%,-,-,-,-,-,-
156,Eliminated,15,5,10,1,6,24.0%,100,0.00,76.0%,48.0%,37.0%,35.0%,24.0%,-,-,-,-,-,-
157,Eliminated,5,15,8,1,6,23.0%,100,0.00,78.0%,40.0%,44.0%,37.0%,23.0%,-,-,-,-,-,-
158,Eliminated,10,10,6,2,10,23.0%,100,0.00,85.0%,41.0%,36.0%,34.0%,23.0%,-,-,-,-,-,-
159,Eliminated,15,10,8,1,6,23.0%,100,0.00,91.0%,44.0%,47.0%,34.0%,23.0%,-,-,-,-,-,-
160,Eliminated,15,15,10,2,10,23.0%,100,0.00,87.0%,37.0%,37.0%,35.0%,23.0%,-,-,-,-,-,-
161,Eliminated,5,15,4,1,10,22.0%,100,0.00,71.0%,36.0%,35.0%,33.0%,22.0%,-,-,-,-,-,-
162,Eliminated,10,15,8,3,8,22.0%,100,0.00,93.0%,41.0%,39.0%,36.0%,22.0%,-,-,-,-,-,-
163,Eliminated,20,20,8,3,8,22.0%,100,0.00,89.0%,39.0%,45.0%,37.6%,22.0%,-,-,-,-,-,-
164,Eliminated,5,0,8,3,10,21.0%,100,0.00,94.0%,44.0%,35.0%,36.0%,21.0%,-,-,-,-,-,-
165,Eliminated,20,10,6,1,4,21.0%,100,0.00,79.0%,43.0%,38.0%,37.0%,21.0%,-,-,-,-,-,-
166,Eliminated,15,10,10,1,6,20.8%,101,0.00,78.0%,47.0%,34.0%,35.0%,20.8%,-,-,-,-,-,-
167,Eliminated,10,20,6,1,8,19.8%,101,0.00,81.0%,46.0%,37.0%,39.0%,19.8%,-,-,-,-,-,-
168,Eliminated,15,20,8,2,10,19.0%,100,0.00,88.0%,37.0%,35.0%,35.0%,19.0%,-,-,-,-,-,-
169,Eliminated,5,15,6,1,6,33.0%,100,0.00,88.0%,36.0%,36.0%,33.0%,-,-,-,-,-,-,-
170,Eliminated,5,15,6,3,8,33.0%,100,0.00,88.0%,39.0%,36.0%,33.0%,-,-,-,-,-,-,-
171,Eliminated,5,15,8,3,6,33.0%,100,0.00,79.0%,35.0%,37.0%,33.0%,-,-,-,-,-,-,-
172,Eliminated,5,20,6,2,8,33.0%,100,0.00,79.0%,39.0%,37.0%,33.0%,-,-,-,-,-,-,-
173,Eliminated,5,20,10,2,6,33.0%,100,0.00,86.0%,41.0%,35.0%,33.0%,-,-,-,-,-,-,-
174,Eliminated,10,5,8,1,8,33.0%,100,0.00,89.0%,46.0%,35.0%,33.0%,-,-,-,-,-,-,-
175,Eliminated,10,5,8,2,10,33.0%,100,0.00,88.0%,46.0%,35.0%,33.0%,-,-,-,-,-,-,-
176,Eliminated,10,10,4,1,8,33.0%,100,0.00,70.0%,47.0%,34.0%,33.0%,-,-,-,-,-,-,-
177,Eliminated,10,10,8,1,8,33.0%,100,0.00,90.0%,45.0%,40.0%,33.0%,-,-,-,-,-,-,-
178,Eliminated,10,10,8,1,10,33.0%,100,0.00,92.0%,46.0%,39.0%,33.0%,-,-,-,-,-,-,-
179,Eliminated,10,10,10,1,4,33.0%,100,0.00,76.0%,36.0%,38.0%,33.0%,-,-,-,-,-,-,-
180,Eliminated,10,10,10,2,8,33.0%,100,0.00,86.0%,46.0%,37.0%,33.0%,-,-,-,-,-,-,-
181,Eliminated,10,20,6,1,10,33.0%,100,0.00,85.0%,45.0%,35.0%,33.0%,-,-,-,-,-,-,-
182,Eliminated,10,20,8,3,10,33.0%,100,0.00,82.0%,57.0%,38.0%,33.0%,-,-,-,-,-,-,-
183,Eliminated,15,5,6,3,10,33.0%,100,0.00,87.0%,38.0%,36.0%,33.0%,-,-,-,-,-,-,-
184,Eliminated,15,5,8,1,6,33.0%,100,0.00,84.0%,46.0%,36.0%,33.0%,-,-,-,-,-,-,-
185,Eliminated,20,5,8,2,10,33.0%,100,0.00,89.0%,35.0%,41.0%,33.0%,-,-,-,-,-,-,-
186,Eliminated,20,5,10,2,8,33.0%,100,0.00,84.0%,43.0%,35.0%,33.0%,-,-,-,-,-,-,-
187,Eliminated,20,15,6,1,4,33.0%,100,0.00,73.0%,37.0%,35.0%,33.0%,-,-,-,-,-,-,-
188,Eliminated,20,20,8,1,10,33.0%,100,0.00,90.0%,36.0%,35.0%,33.0%,-,-,-,-,-,-,-
189,Eliminated,15,20,8,2,8,32.7%,101,0.00,88.0%,35.0%,35.0%,32.7%,-,-,-,-,-,-,-
190,Eliminated,0,0,6,2,4,32.0%,100,0.00,75.0%,34.0%,40.0%,32.0%,-,-,-,-,-,-,-
191,Eliminated,0,5,6,3,8,32.0%,100,0.00,84.0%,40.0%,44.0%,32.0%,-,-,-,-,-,-,-
192,Eliminated,0,10,6,3,10,32.0%,100,0.00,85.0%,47.0%,35.0%,32.0%,-,-,-,-,-,-,-
193,Eliminated,0,10,10,3,6,32.0%,100,0.00,79.0%,52.0%,39.0%,32.0%,-,-,-,-,-,-,-
194,Eliminated,0,15,4,2,6,32.0%,100,0.00,69.0%,33.0%,34.0%,32.0%,-,-,-,-,-,-,-
195,Eliminated,0,15,10,3,6,32.0%,100,0.00,81.0%,44.0%,39.0%,32.0%,-,-,-,-,-,-,-
196,Eliminated,0,20,6,1,8,32.0%,100,0.00,83.0%,35.0%,35.0%,32.0%,-,-,-,-,-,-,-
197,Eliminated,0,20,6,3,6,32.0%,100,0.00,71.0%,41.0%,34.0%,32.0%,-,-,-,-,-,-,-
198,Eliminated,5,5,4,1,6,32.0%,100,0.00,79.0%,39.0%,36.0%,32.0%,-,-,-,-,-,-,-
199,Eliminated,5,10,6,1,8,32.0%,100,0.00,90.0%,44.0%,38.0%,32.0%,-,-,-,-,-,-,-
200,Eliminated,5,15,6,1,10,32.0%,100,0.00,85.0%,39.0%,36.6%,32.0%,-,-,-,-,-,-,-
201,Eliminated,5,20,8,2,8,32.0%,100,0.00,88.0%,46.0%,35.0%,32.0%,-,-,-,-,-,-,-
202,Eliminated,5,20,10,3,6,32.0%,100,0.00,79.0%,42.0%,38.0%,32.0%,-,-,-,-,-,-,-
203,Eliminated,10,5,8,1,4,32.0%,100,0.00,74.0%,38.0%,41.0%,32.0%,-,-,-,-,-,-,-
204,Eliminated,10,10,6,1,10,32.0%,100,0.00,88.0%,45.0%,36.0%,32.0%,-,-,-,-,-,-,-
205,Eliminated,10,15,6,1,8,32.0%,100,0.00,81.0%,49.0%,36.0%,32.0%,-,-,-,-,-,-,-
206,Eliminated,10,15,8,2,8,32.0%,100,0.00,88.0%,37.0%,55.0%,32.0%,-,-,-,-,-,-,-
207,Eliminated,15,10,8,1,10,32.0%,100,0.00,86.0%,54.0%,44.0%,32.0%,-,-,-,-,-,-,-
208,Eliminated,20,10,10,2,8,32.0%,100,0.00,83.0%,39.0%,35.0%,32.0%,-,-,-,-,-,-,-
209,Eliminated,20,15,8,1,8,32.0%,100,0.00,85.0%,41.0%,34.0%,32.0%,-,-,-,-,-,-,-
210,Eliminated,20,10,4,1,4,31.7%,101,0.00,74.0%,39.0%,34.0%,31.7%,-,-,-,-,-,-,-
211,Eliminated,20,20,10,2,8,31.7%,101,0.00,88.0%,35.0%,37.0%,31.7%,-,-,-,-,-,-,-
212,Eliminated,0,0,4,1,10,31.0%,100,0.00,83.0%,37.0%,37.0%,31.0%,-,-,-,-,-,-,-
213,Eliminated,0,0,8,1,8,31.0%,100,0.00,86.0%,55.0%,33.0%,31.0%,-,-,-,-,-,-,-
214,Eliminated,0,5,6,3,10,31.0%,100,0.00,82.0%,33.0%,37.0%,31.0%,-,-,-,-,-,-,-
215,Eliminated,0,10,8,3,6,31.0%,100,0.00,73.0%,50.0%,35.0%,31.0%,-,-,-,-,-,-,-
216,Eliminated,0,15,6,2,4,31.0%,100,0.00,68.0%,38.0%,41.0%,31.0%,-,-,-,-,-,-,-
217,Eliminated,0,15,6,2,6,31.0%,100,0.00,77.0%,42.0%,37.0%,31.0%,-,-,-,-,-,-,-
218,Eliminated,5,0,6,2,6,31.0%,100,0.00,89.0%,36.0%,34.0%,31.0%,-,-,-,-,-,-,-
219,Eliminated,5,10,6,2,6,31.0%,100,0.00,82.0%,42.0%,38.0%,31.0%,-,-,-,-,-,-,-
220,Eliminated,5,10,6,2,10,31.0%,100,0.00,84.0%,42.0%,38.0%,31.0%,-,-,-,-,-,-,-
221,Eliminated,5,15,8,2,10,31.0%,100,0.00,91.0%,43.0%,34.0%,31.0%,-,-,-,-,-,-,-
222,Eliminated,5,15,10,3,10,31.0%,100,0.00,82.0%,36.6%,39.0%,31.0%,-,-,-,-,-,-,-
223,Eliminated,5,20,8,1,10,31.0%,100,0.00,86.0%,54.0%,38.0%,31.0%,-,-,-,-,-,-,-
224,Eliminated,10,10,8,2,8,31.0%,100,0.00,83.0%,43.0%,34.0%,31.0%,-,-,-,-,-,-,-
225,Eliminated,10,10,10,2,10,31.0%,100,0.00,86.0%,38.0%,37.0%,31.0%,-,-,-,-,-,-,-
226,Eliminated,10,15,6,3,8,31.0%,100,0.00,83.0%,34.0%,37.0%,31.0%,-,-,-,-,-,-,-
227,Eliminated,15,10,10,3,8,31.0%,100,0.00,90.0%,36.0%,37.0%,31.0%,-,-,-,-,-,-,-
228,Eliminated,15,20,6,1,8,31.0%,100,0.00,89.0%,54.0%,44.0%,31.0%,-,-,-,-,-,-,-
229,Eliminated,15,20,8,1,4,31.0%,100,0.00,71.0%,36.0%,34.0%,31.0%,-,-,-,-,-,-,-
230,Eliminated,20,5,10,3,8,31.0%,100,0.00,88.0%,43.0%,38.0%,31.0%,-,-,-,-,-,-,-
231,Eliminated,20,10,6,1,10,31.0%,100,0.00,88.0%,57.0%,35.0%,31.0%,-,-,-,-,-,-,-
232,Eliminated,20,10,8,1,8,31.0%,100,0.00,83.0%,47.0%,39.0%,31.0%,-,-,-,-,-,-,-
233,Eliminated,20,20,10,3,10,31.0%,100,0.00,90.0%,42.0%,42.0%,31.0%,-,-,-,-,-,-,-
234,Eliminated,0,0,10,2,6,30.0%,100,0.00,87.0%,36.0%,34.0%,30.0%,-,-,-,-,-,-,-
235,Eliminated,0,5,4,2,6,30.0%,100,0.00,73.0%,33.0%,34.0%,30.0%,-,-,-,-,-,-,-
236,Eliminated,0,5,8,1,8,30.0%,100,0.00,84.0%,34.0%,45.0%,30.0%,-,-,-,-,-,-,-
237,Eliminated,0,20,8,3,6,30.0%,100,0.00,74.0%,41.0%,42.0%,30.0%,-,-,-,-,-,-,-
238,Eliminated,5,0,10,1,4,30.0%,100,0.00,77.0%,34.0%,35.0%,30.0%,-,-,-,-,-,-,-
239,Eliminated,5,5,6,2,10,30.0%,100,0.00,80.0%,34.0%,35.0%,30.0%,-,-,-,-,-,-,-
240,Eliminated,5,5,8,1,8,30.0%,100,0.00,87.0%,51.0%,34.7%,30.0%,-,-,-,-,-,-,-
241,Eliminated,5,20,8,2,6,30.0%,100,0.00,75.0%,45.0%,34.0%,30.0%,-,-,-,-,-,-,-
242,Eliminated,10,5,6,1,8,30.0%,100,0.00,82.0%,47.0%,35.0%,30.0%,-,-,-,-,-,-,-
243,Eliminated,10,5,6,2,10,30.0%,100,0.00,90.0%,41.0%,40.0%,30.0%,-,-,-,-,-,-,-
244,Eliminated,10,5,8,1,10,30.0%,100,0.00,87.0%,45.0%,34.7%,30.0%,-,-,-,-,-,-,-
245,Eliminated,10,5,10,1,8,30.0%,100,0.00,76.0%,48.0%,35.0%,30.0%,-,-,-,-,-,-,-
246,Eliminated,10,15,10,3,6,30.0%,100,0.00,74.0%,35.6%,34.0%,30.0%,-,-,-,-,-,-,-
247,Eliminated,10,15,10,3,10,30.0%,100,0.00,90.0%,47.0%,37.0%,30.0%,-,-,-,-,-,-,-
248,Eliminated,10,20,6,2,10,30.0%,100,0.00,85.0%,49.0%,35.0%,30.0%,-,-,-,-,-,-,-
249,Eliminated,15,5,10,3,8,30.0%,100,0.00,87.0%,36.0%,39.0%,30.0%,-,-,-,-,-,-,-
250,Eliminated,15,10,6,3,6,30.0%,100,0.00,77.0%,36.0%,38.0%,30.0%,-,-,-,-,-,-,-
251,Eliminated,15,15,6,1,10,30.0%,100,0.00,88.0%,40.0%,35.0%,30.0%,-,-,-,-,-,-,-
252,Eliminated,15,15,8,3,10,30.0%,100,0.00,87.0%,46.0%,34.0%,30.0%,-,-,-,-,-,-,-
253,Eliminated,15,20,6,1,4,30.0%,100,0.00,83.0%,37.0%,38.0%,30.0%,-,-,-,-,-,-,-
254,Eliminated,15,20,6,2,10,30.0%,100,0.00,83.0%,45.0%,37.0%,30.0%,-,-,-,-,-,-,-
255,Eliminated,20,5,6,2,10,30.0%,100,0.00,87.0%,40.0%,35.0%,30.0%,-,-,-,-,-,-,-
256,Eliminated,20,5,6,3,8,30.0%,100,0.00,86.0%,40.0%,35.0%,30.0%,-,-,-,-,-,-,-
257,Eliminated,20,10,6,1,8,30.0%,100,0.00,86.0%,49.0%,39.0%,30.0%,-,-,-,-,-,-,-
258,Eliminated,15,10,10,2,8,29.7%,101,0.00,82.0%,34.0%,38.0%,29.7%,-,-,-,-,-,-,-
259,Eliminated,20,10,8,1,4,29.7%,101,0.00,77.0%,42.0%,42.0%,29.7%,-,-,-,-,-,-,-
260,Eliminated,0,15,8,3,6,29.0%,100,0.00,85.0%,47.0%,36.0%,29.0%,-,-,-,-,-,-,-
261,Eliminated,0,20,6,2,8,29.0%,100,0.00,91.0%,41.0%,35.0%,29.0%,-,-,-,-,-,-,-
262,Eliminated,5,15,6,2,10,29.0%,100,0.00,87.0%,38.0%,39.0%,29.0%,-,-,-,-,-,-,-
263,Eliminated,5,20,8,1,4,29.0%,100,0.00,68.0%,43.0%,40.6%,29.0%,-,-,-,-,-,-,-
264,Eliminated,10,15,8,1,10,29.0%,100,0.00,84.0%,48.0%,43.0%,29.0%,-,-,-,-,-,-,-
265,Eliminated,10,15,10,1,4,29.0%,100,0.00,76.0%,37.0%,39.0%,29.0%,-,-,-,-,-,-,-
266,Eliminated,10,20,6,3,8,29.0%,100,0.00,82.0%,37.0%,35.0%,29.0%,-,-,-,-,-,-,-
267,Eliminated,15,5,8,1,4,29.0%,100,0.00,71.0%,43.0%,36.0%,29.0%,-,-,-,-,-,-,-
268,Eliminated,15,5,8,2,10,29.0%,100,0.00,93.0%,48.0%,39.0%,29.0%,-,-,-,-,-,-,-
269,Eliminated,15,10,6,1,8,29.0%,100,0.00,85.0%,48.0%,43.0%,29.0%,-,-,-,-,-,-,-
270,Eliminated,15,15,8,1,4,29.0%,100,0.00,74.0%,45.0%,38.0%,29.0%,-,-,-,-,-,-,-
271,Eliminated,15,15,8,1,10,29.0%,100,0.00,89.0%,56.0%,39.0%,29.0%,-,-,-,-,-,-,-
272,Eliminated,0,0,4,3,10,28.0%,100,0.00,87.0%,35.0%,34.0%,28.0%,-,-,-,-,-,-,-
273,Eliminated,0,10,6,3,6,28.0%,100,0.00,74.0%,43.0%,35.0%,28.0%,-,-,-,-,-,-,-
274,Eliminated,0,20,8,1,8,28.0%,100,0.00,81.0%,40.0%,33.7%,28.0%,-,-,-,-,-,-,-
275,Eliminated,0,20,8,2,8,28.0%,100,0.00,88.0%,43.0%,42.0%,28.0%,-,-,-,-,-,-,-
276,Eliminated,5,15,10,3,8,28.0%,100,0.00,92.0%,48.0%,35.0%,28.0%,-,-,-,-,-,-,-
277,Eliminated,10,5,8,3,4,28.0%,100,0.00,83.0%,36.0%,35.0%,28.0%,-,-,-,-,-,-,-
278,Eliminated,10,5,10,1,4,28.0%,100,0.00,73.0%,51.0%,39.0%,28.0%,-,-,-,-,-,-,-
279,Eliminated,10,20,10,2,8,28.0%,100,0.00,84.0%,45.0%,40.0%,28.0%,-,-,-,-,-,-,-
280,Eliminated,15,5,8,1,8,28.0%,100,0.00,85.0%,50.0%,37.0%,28.0%,-,-,-,-,-,-,-
281,Eliminated,15,5,10,3,10,28.0%,100,0.00,89.0%,34.0%,34.0%,28.0%,-,-,-,-,-,-,-
282,Eliminated,15,20,6,1,10,28.0%,100,0.00,84.0%,45.0%,41.0%,28.0%,-,-,-,-,-,-,-
283,Eliminated,15,20,10,3,10,28.0%,100,0.00,83.0%,49.0%,36.0%,28.0%,-,-,-,-,-,-,-
284,Eliminated,20,10,6,2,10,28.0%,100,0.00,89.0%,37.0%,42.0%,28.0%,-,-,-,-,-,-,-
285,Eliminated,20,15,8,1,6,28.0%,100,0.00,81.0%,47.0%,45.0%,28.0%,-,-,-,-,-,-,-
286,Eliminated,20,20,8,3,10,28.0%,100,0.00,91.0%,40.0%,36.0%,28.0%,-,-,-,-,-,-,-
287,Eliminated,20,10,10,1,6,27.7%,101,0.00,73.0%,48.0%,34.0%,27.7%,-,-,-,-,-,-,-
288,Eliminated,0,15,4,3,8,27.0%,100,0.00,73.0%,33.0%,34.0%,27.0%,-,-,-,-,-,-,-
289,Eliminated,5,10,6,1,6,27.0%,100,0.00,74.0%,46.0%,42.0%,27.0%,-,-,-,-,-,-,-
290,Eliminated,5,10,6,3,8,27.0%,100,0.00,89.0%,37.0%,36.0%,27.0%,-,-,-,-,-,-,-
291,Eliminated,10,5,10,1,6,27.0%,100,0.00,78.0%,44.0%,36.0%,27.0%,-,-,-,-,-,-,-
292,Eliminated,10,5,10,2,8,27.0%,100,0.00,89.0%,42.0%,40.6%,27.0%,-,-,-,-,-,-,-
293,Eliminated,10,10,4,1,6,27.0%,100,0.00,78.0%,35.0%,36.0%,27.0%,-,-,-,-,-,-,-
294,Eliminated,10,15,6,1,10,27.0%,100,0.00,84.0%,54.0%,41.0%,27.0%,-,-,-,-,-,-,-
295,Eliminated,10,20,8,3,8,27.0%,100,0.00,89.0%,35.0%,41.0%,27.0%,-,-,-,-,-,-,-
296,Eliminated,15,10,4,1,10,27.0%,100,0.00,82.0%,47.0%,37.6%,27.0%,-,-,-,-,-,-,-
297,Eliminated,15,10,8,3,8,27.0%,100,0.00,91.0%,43.0%,39.0%,27.0%,-,-,-,-,-,-,-
298,Eliminated,15,10,10,1,4,27.0%,100,0.00,77.0%,49.0%,35.0%,27.0%,-,-,-,-,-,-,-
299,Eliminated,15,15,6,1,8,27.0%,100,0.00,90.0%,40.0%,35.0%,27.0%,-,-,-,-,-,-,-
300,Eliminated,15,15,10,2,6,27.0%,100,0.00,75.0%,38.0%,36.0%,27.0%,-,-,-,-,-,-,-
301,Eliminated,15,20,8,1,10,27.0%,100,0.00,83.0%,52.0%,42.0%,27.0%,-,-,-,-,-,-,-
302,Eliminated,20,5,6,3,6,27.0%,100,0.00,80.0%,38.0%,34.0%,27.0%,-,-,-,-,-,-,-
303,Eliminated,0,0,4,1,8,26.0%,100,0.00,83.0%,43.0%,45.0%,26.0%,-,-,-,-,-,-,-
304,Eliminated,5,0,8,1,6,26.0%,100,0.00,90.0%,43.0%,38.0%,26.0%,-,-,-,-,-,-,-
305,Eliminated,5,20,6,3,10,26.0%,100,0.00,85.0%,36.0%,41.0%,26.0%,-,-,-,-,-,-,-
306,Eliminated,10,5,4,1,8,26.0%,100,0.00,80.0%,37.0%,34.0%,26.0%,-,-,-,-,-,-,-
307,Eliminated,10,5,10,3,10,26.0%,100,0.00,96.0%,35.0%,35.0%,26.0%,-,-,-,-,-,-,-
308,Eliminated,10,20,8,1,8,26.0%,100,0.00,86.0%,48.0%,45.0%,26.0%,-,-,-,-,-,-,-
309,Eliminated,15,10,6,2,6,26.0%,100,0.00,77.0%,37.0%,40.0%,26.0%,-,-,-,-,-,-,-
310,Eliminated,20,10,6,3,8,26.0%,100,0.00,85.0%,35.0%,35.0%,26.0%,-,-,-,-,-,-,-
311,Eliminated,20,15,6,1,8,26.0%,100,0.00,89.0%,35.0%,45.0%,26.0%,-,-,-,-,-,-,-
312,Eliminated,5,5,4,1,10,25.0%,100,0.00,77.0%,42.0%,35.0%,25.0%,-,-,-,-,-,-,-
313,Eliminated,5,15,6,2,6,25.0%,100,0.00,83.0%,46.1%,39.0%,25.0%,-,-,-,-,-,-,-
314,Eliminated,15,10,6,1,6,25.0%,100,0.00,78.0%,51.5%,38.0%,25.0%,-,-,-,-,-,-,-
315,Eliminated,15,15,10,3,6,25.0%,100,0.00,74.0%,35.0%,38.0%,25.0%,-,-,-,-,-,-,-
316,Eliminated,15,20,6,1,6,25.0%,100,0.00,83.0%,47.0%,43.0%,25.0%,-,-,-,-,-,-,-
317,Eliminated,15,20,10,1,8,25.0%,100,0.00,76.0%,57.0%,40.0%,25.0%,-,-,-,-,-,-,-
318,Eliminated,20,20,10,1,6,25.0%,100,0.00,84.0%,39.0%,38.6%,25.0%,-,-,-,-,-,-,-
319,Eliminated,15,20,10,2,10,24.8%,101,0.00,88.0%,43.0%,37.0%,24.8%,-,-,-,-,-,-,-
320,Eliminated,10,20,8,1,4,24.0%,100,0.00,74.0%,45.0%,35.0%,24.0%,-,-,-,-,-,-,-
321,Eliminated,15,10,8,2,6,24.0%,100,0.00,84.0%,38.0%,34.0%,24.0%,-,-,-,-,-,-,-
322,Eliminated,5,20,8,3,6,23.8%,101,0.00,79.0%,39.0%,40.0%,23.8%,-,-,-,-,-,-,-
323,Eliminated,15,10,6,3,8,23.0%,100,0.00,81.0%,37.0%,39.0%,23.0%,-,-,-,-,-,-,-
324,Eliminated,20,5,4,1,6,23.0%,100,0.00,85.0%,39.0%,34.0%,23.0%,-,-,-,-,-,-,-
325,Eliminated,20,5,10,2,6,23.0%,100,0.00,80.0%,34.7%,35.0%,23.0%,-,-,-,-,-,-,-
326,Eliminated,20,10,10,1,4,23.0%,100,0.00,84.0%,37.0%,35.0%,23.0%,-,-,-,-,-,-,-
327,Eliminated,20,20,10,2,6,23.0%,100,0.00,83.0%,35.0%,35.0%,23.0%,-,-,-,-,-,-,-
328,Eliminated,20,15,4,1,4,22.8%,101,0.00,76.0%,34.0%,34.0%,22.8%,-,-,-,-,-,-,-
329,Eliminated,15,15,10,3,8,22.0%,100,0.00,90.0%,38.0%,37.0%,22.0%,-,-,-,-,-,-,-
330,Eliminated,5,20,8,1,6,21.0%,100,0.00,78.0%,51.0%,43.0%,21.0%,-,-,-,-,-,-,-
331,Eliminated,10,0,8,1,10,21.0%,100,0.00,94.0%,37.0%,33.7%,21.0%,-,-,-,-,-,-,-
332,Eliminated,15,5,4,3,4,21.0%,100,0.00,69.0%,35.0%,40.0%,21.0%,-,-,-,-,-,-,-
333,Eliminated,15,15,10,1,10,21.0%,100,0.00,79.0%,41.0%,34.0%,21.0%,-,-,-,-,-,-,-
334,Eliminated,15,20,10,1,6,21.0%,100,0.00,77.0%,46.0%,45.0%,21.0%,-,-,-,-,-,-,-
335,Eliminated,15,15,10,1,8,20.0%,100,0.00,72.0%,37.0%,34.0%,20.0%,-,-,-,-,-,-,-
336,Eliminated,10,5,10,1,10,19.0%,100,0.00,86.0%,44.0%,34.0%,19.0%,-,-,-,-,-,-,-
337,Eliminated,10,20,10,1,10,19.0%,100,0.00,81.0%,54.0%,34.0%,19.0%,-,-,-,-,-,-,-
338,Eliminated,0,15,4,3,10,33.0%,100,0.00,75.0%,33.0%,33.0%,-,-,-,-,-,-,-,-
339,Eliminated,0,15,6,3,6,33.0%,100,0.00,79.0%,42.0%,33.0%,-,-,-,-,-,-,-,-
340,Eliminated,0,15,8,2,10,33.0%,100,0.00,80.0%,37.0%,33.0%,-,-,-,-,-,-,-,-
341,Eliminated,0,20,6,2,4,33.0%,100,0.00,71.0%,36.0%,33.0%,-,-,-,-,-,-,-,-
342,Eliminated,5,0,8,3,8,33.0%,100,0.00,94.0%,50.0%,33.0%,-,-,-,-,-,-,-,-
343,Eliminated,5,0,10,2,6,33.0%,100,0.00,83.0%,36.0%,33.0%,-,-,-,-,-,-,-,-
344,Eliminated,5,5,6,3,10,33.0%,100,0.00,86.0%,35.0%,33.0%,-,-,-,-,-,-,-,-
345,Eliminated,5,5,8,1,6,33.0%,100,0.00,88.0%,45.0%,33.0%,-,-,-,-,-,-,-,-
346,Eliminated,5,5,10,3,8,33.0%,100,0.00,88.0%,37.0%,33.0%,-,-,-,-,-,-,-,-
347,Eliminated,5,10,4,1,6,33.0%,100,0.00,77.0%,44.0%,33.0%,-,-,-,-,-,-,-,-
348,Eliminated,5,10,6,1,10,33.0%,100,0.00,86.0%,46.0%,33.0%,-,-,-,-,-,-,-,-
349,Eliminated,5,10,8,1,10,33.0%,100,0.00,89.0%,40.0%,33.0%,-,-,-,-,-,-,-,-
350,Eliminated,5,10,10,1,4,33.0%,100,0.00,71.0%,35.0%,33.0%,-,-,-,-,-,-,-,-
351,Eliminated,5,15,8,1,10,33.0%,100,0.00,94.0%,37.0%,33.0%,-,-,-,-,-,-,-,-
352,Eliminated,5,20,8,1,8,33.0%,100,0.00,83.0%,45.0%,33.0%,-,-,-,-,-,-,-,-
353,Eliminated,10,0,6,1,8,33.0%,100,0.00,92.0%,47.0%,33.0%,-,-,-,-,-,-,-,-
354,Eliminated,10,5,8,3,8,33.0%,100,0.00,84.0%,45.0%,33.0%,-,-,-,-,-,-,-,-
355,Eliminated,10,5,10,3,6,33.0%,100,0.00,70.0%,38.0%,33.0%,-,-,-,-,-,-,-,-
356,Eliminated,10,10,6,3,8,33.0%,100,0.00,83.0%,36.0%,33.0%,-,-,-,-,-,-,-,-
357,Eliminated,10,15,6,3,6,33.0%,100,0.00,81.0%,37.0%,33.0%,-,-,-,-,-,-,-,-
358,Eliminated,10,15,6,3,10,33.0%,100,0.00,85.0%,42.0%,33.0%,-,-,-,-,-,-,-,-
359,Eliminated,10,15,8,1,8,33.0%,100,0.00,91.0%,39.0%,33.0%,-,-,-,-,-,-,-,-
360,Eliminated,15,0,8,1,10,33.0%,100,0.00,96.0%,41.0%,33.0%,-,-,-,-,-,-,-,-
361,Eliminated,15,5,8,2,6,33.0%,100,0.00,89.0%,43.0%,33.0%,-,-,-,-,-,-,-,-
362,Eliminated,15,5,8,3,10,33.0%,100,0.00,90.0%,38.0%,33.0%,-,-,-,-,-,-,-,-
363,Eliminated,15,5,10,1,8,33.0%,100,0.00,75.0%,45.0%,33.0%,-,-,-,-,-,-,-,-
364,Eliminated,15,5,10,2,10,33.0%,100,0.00,95.0%,45.0%,33.0%,-,-,-,-,-,-,-,-
365,Eliminated,15,15,10,2,8,33.0%,100,0.00,90.0%,44.0%,33.0%,-,-,-,-,-,-,-,-
366,Eliminated,20,0,8,3,10,33.0%,100,0.00,98.0%,40.0%,33.0%,-,-,-,-,-,-,-,-
367,Eliminated,20,5,4,1,8,33.0%,100,0.00,83.0%,40.0%,33.0%,-,-,-,-,-,-,-,-
368,Eliminated,20,5,4,1,10,33.0%,100,0.00,83.0%,51.0%,33.0%,-,-,-,-,-,-,-,-
369,Eliminated,20,5,8,3,8,33.0%,100,0.00,93.0%,42.0%,33.0%,-,-,-,-,-,-,-,-
370,Eliminated,20,5,10,1,8,33.0%,100,0.00,82.0%,51.0%,33.0%,-,-,-,-,-,-,-,-
371,Eliminated,20,15,6,2,8,33.0%,100,0.00,88.0%,35.0%,33.0%,-,-,-,-,-,-,-,-
372,Eliminated,20,15,8,2,10,33.0%,100,0.00,93.0%,38.0%,33.0%,-,-,-,-,-,-,-,-
373,Eliminated,20,15,10,2,8,33.0%,100,0.00,83.0%,42.0%,33.0%,-,-,-,-,-,-,-,-
374,Eliminated,20,20,6,1,6,33.0%,100,0.00,77.0%,48.0%,33.0%,-,-,-,-,-,-,-,-
375,Eliminated,20,20,6,3,8,33.0%,100,0.00,77.0%,36.0%,33.0%,-,-,-,-,-,-,-,-
376,Eliminated,0,0,8,1,10,32.7%,101,0.00,86.0%,34.0%,32.7%,-,-,-,-,-,-,-,-
377,Eliminated,20,10,6,2,8,32.7%,101,0.00,84.0%,43.0%,32.7%,-,-,-,-,-,-,-,-
378,Eliminated,0,0,10,1,10,32.0%,100,0.00,75.0%,33.0%,32.0%,-,-,-,-,-,-,-,-
379,Eliminated,0,0,10,3,4,32.0%,100,0.00,69.0%,33.0%,32.0%,-,-,-,-,-,-,-,-
380,Eliminated,0,5,6,2,8,32.0%,100,0.00,89.0%,40.0%,32.0%,-,-,-,-,-,-,-,-
381,Eliminated,0,5,10,2,6,32.0%,100,0.00,82.0%,40.0%,32.0%,-,-,-,-,-,-,-,-
382,Eliminated,0,5,10,3,4,32.0%,100,0.00,76.0%,44.0%,32.0%,-,-,-,-,-,-,-,-
383,Eliminated,0,10,4,3,8,32.0%,100,0.00,84.0%,35.0%,32.0%,-,-,-,-,-,-,-,-
384,Eliminated,0,10,6,3,8,32.0%,100,0.00,86.0%,37.0%,32.0%,-,-,-,-,-,-,-,-
385,Eliminated,0,10,8,2,6,32.0%,100,0.00,86.0%,41.0%,32.0%,-,-,-,-,-,-,-,-
386,Eliminated,0,15,6,2,10,32.0%,100,0.00,85.0%,38.0%,32.0%,-,-,-,-,-,-,-,-
387,Eliminated,0,15,6,3,8,32.0%,100,0.00,80.0%,46.0%,32.0%,-,-,-,-,-,-,-,-
388,Eliminated,0,20,4,3,4,32.0%,100,0.00,67.0%,44.0%,32.0%,-,-,-,-,-,-,-,-
389,Eliminated,0,20,6,2,6,32.0%,100,0.00,77.0%,36.0%,32.0%,-,-,-,-,-,-,-,-
390,Eliminated,5,0,6,3,8,32.0%,100,0.00,90.0%,42.0%,32.0%,-,-,-,-,-,-,-,-
391,Eliminated,5,5,6,3,8,32.0%,100,0.00,92.0%,49.0%,32.0%,-,-,-,-,-,-,-,-
392,Eliminated,5,20,6,1,4,32.0%,100,0.00,73.0%,40.0%,32.0%,-,-,-,-,-,-,-,-
393,Eliminated,5,20,6,1,10,32.0%,100,0.00,89.0%,49.0%,32.0%,-,-,-,-,-,-,-,-
394,Eliminated,5,20,6,2,6,32.0%,100,0.00,78.0%,35.0%,32.0%,-,-,-,-,-,-,-,-
395,Eliminated,10,0,8,2,8,32.0%,100,0.00,91.0%,35.0%,32.0%,-,-,-,-,-,-,-,-
396,Eliminated,10,0,8,3,8,32.0%,100,0.00,94.0%,42.0%,32.0%,-,-,-,-,-,-,-,-
397,Eliminated,10,5,6,1,10,32.0%,100,0.00,88.0%,50.0%,32.0%,-,-,-,-,-,-,-,-
398,Eliminated,10,5,6,2,6,32.0%,100,0.00,85.0%,39.0%,32.0%,-,-,-,-,-,-,-,-
399,Eliminated,10,5,10,2,6,32.0%,100,0.00,81.0%,37.0%,32.0%,-,-,-,-,-,-,-,-
400,Eliminated,15,0,8,1,8,32.0%,100,0.00,92.0%,45.0%,32.0%,-,-,-,-,-,-,-,-
401,Eliminated,15,5,6,1,4,32.0%,100,0.00,76.0%,39.0%,32.0%,-,-,-,-,-,-,-,-
402,Eliminated,15,5,6,1,8,32.0%,100,0.00,96.0%,49.0%,32.0%,-,-,-,-,-,-,-,-
403,Eliminated,15,5,6,2,8,32.0%,100,0.00,80.0%,34.0%,32.0%,-,-,-,-,-,-,-,-
404,Eliminated,15,5,6,2,10,32.0%,100,0.00,85.0%,50.0%,32.0%,-,-,-,-,-,-,-,-
405,Eliminated,15,10,10,3,6,32.0%,100,0.00,76.0%,34.0%,32.0%,-,-,-,-,-,-,-,-
406,Eliminated,15,10,10,3,10,32.0%,100,0.00,92.0%,40.0%,32.0%,-,-,-,-,-,-,-,-
407,Eliminated,15,15,10,1,6,32.0%,100,0.00,77.0%,39.0%,32.0%,-,-,-,-,-,-,-,-
408,Eliminated,15,20,8,1,8,32.0%,100,0.00,87.0%,48.0%,32.0%,-,-,-,-,-,-,-,-
409,Eliminated,20,5,4,2,10,32.0%,100,0.00,87.0%,36.0%,32.0%,-,-,-,-,-,-,-,-
410,Eliminated,20,5,6,1,10,32.0%,100,0.00,89.0%,52.0%,32.0%,-,-,-,-,-,-,-,-
411,Eliminated,20,5,8,1,4,32.0%,100,0.00,76.0%,39.0%,32.0%,-,-,-,-,-,-,-,-
412,Eliminated,20,5,10,1,10,32.0%,100,0.00,85.0%,42.0%,32.0%,-,-,-,-,-,-,-,-
413,Eliminated,20,10,10,1,10,32.0%,100,0.00,78.0%,43.0%,32.0%,-,-,-,-,-,-,-,-
414,Eliminated,20,15,8,1,4,32.0%,100,0.00,72.0%,39.0%,32.0%,-,-,-,-,-,-,-,-
415,Eliminated,20,15,10,1,8,32.0%,100,0.00,78.0%,42.0%,32.0%,-,-,-,-,-,-,-,-
416,Eliminated,20,20,8,2,6,32.0%,100,0.00,86.0%,45.0%,32.0%,-,-,-,-,-,-,-,-
417,Eliminated,20,20,8,2,10,32.0%,100,0.00,87.0%,38.0%,32.0%,-,-,-,-,-,-,-,-
418,Eliminated,0,0,4,2,8,31.0%,100,0.00,82.0%,36.0%,31.0%,-,-,-,-,-,-,-,-
419,Eliminated,0,0,8,1,2,31.0%,100,0.00,68.0%,37.0%,31.0%,-,-,-,-,-,-,-,-
420,Eliminated,0,0,8,3,6,31.0%,100,0.00,86.0%,36.0%,31.0%,-,-,-,-,-,-,-,-
421,Eliminated,0,0,8,3,10,31.0%,100,0.00,92.0%,47.0%,31.0%,-,-,-,-,-,-,-,-
422,Eliminated,0,10,6,1,6,31.0%,100,0.00,83.0%,33.0%,31.0%,-,-,-,-,-,-,-,-
423,Eliminated,0,15,4,3,6,31.0%,100,0.00,73.0%,49.0%,31.0%,-,-,-,-,-,-,-,-
424,Eliminated,0,15,8,3,10,31.0%,100,0.00,85.0%,43.0%,31.0%,-,-,-,-,-,-,-,-
425,Eliminated,0,20,4,2,4,31.0%,100,0.00,76.0%,42.0%,31.0%,-,-,-,-,-,-,-,-
426,Eliminated,0,20,10,2,4,31.0%,100,0.00,69.0%,35.0%,31.0%,-,-,-,-,-,-,-,-
427,Eliminated,0,20,10,3,6,31.0%,100,0.00,72.0%,40.0%,31.0%,-,-,-,-,-,-,-,-
428,Eliminated,5,0,8,2,10,31.0%,100,0.00,93.0%,47.0%,31.0%,-,-,-,-,-,-,-,-
429,Eliminated,5,10,10,3,10,31.0%,100,0.00,82.0%,41.0%,31.0%,-,-,-,-,-,-,-,-
430,Eliminated,5,20,6,1,6,31.0%,100,0.00,83.0%,37.0%,31.0%,-,-,-,-,-,-,-,-
431,Eliminated,10,5,6,3,10,31.0%,100,0.00,84.0%,34.0%,31.0%,-,-,-,-,-,-,-,-
432,Eliminated,10,15,10,1,6,31.0%,100,0.00,90.0%,39.0%,31.0%,-,-,-,-,-,-,-,-
433,Eliminated,10,20,4,1,10,31.0%,100,0.00,69.0%,42.6%,31.0%,-,-,-,-,-,-,-,-
434,Eliminated,10,20,8,1,10,31.0%,100,0.00,83.0%,56.4%,31.0%,-,-,-,-,-,-,-,-
435,Eliminated,10,20,8,2,6,31.0%,100,0.00,82.0%,35.0%,31.0%,-,-,-,-,-,-,-,-
436,Eliminated,10,20,10,1,4,31.0%,100,0.00,83.0%,48.0%,31.0%,-,-,-,-,-,-,-,-
437,Eliminated,15,0,10,2,8,31.0%,100,0.00,95.0%,34.0%,31.0%,-,-,-,-,-,-,-,-
438,Eliminated,15,5,6,2,6,31.0%,100,0.00,88.0%,38.0%,31.0%,-,-,-,-,-,-,-,-
439,Eliminated,15,5,10,3,6,31.0%,100,0.00,82.0%,39.0%,31.0%,-,-,-,-,-,-,-,-
440,Eliminated,15,20,4,1,6,31.0%,100,0.00,78.0%,35.0%,31.0%,-,-,-,-,-,-,-,-
441,Eliminated,20,5,8,2,8,31.0%,100,0.00,88.0%,48.0%,31.0%,-,-,-,-,-,-,-,-
442,Eliminated,20,5,10,1,6,31.0%,100,0.00,81.0%,52.0%,31.0%,-,-,-,-,-,-,-,-
443,Eliminated,20,10,4,1,8,31.0%,100,0.00,80.0%,37.0%,31.0%,-,-,-,-,-,-,-,-
444,Eliminated,20,10,4,1,10,31.0%,100,0.00,88.0%,42.0%,31.0%,-,-,-,-,-,-,-,-
445,Eliminated,20,10,8,2,8,31.0%,100,0.00,94.0%,36.0%,31.0%,-,-,-,-,-,-,-,-
446,Eliminated,20,10,10,3,10,31.0%,100,0.00,89.0%,36.0%,31.0%,-,-,-,-,-,-,-,-
447,Eliminated,20,15,8,1,10,31.0%,100,0.00,91.0%,43.0%,31.0%,-,-,-,-,-,-,-,-
448,Eliminated,20,15,10,1,6,31.0%,100,0.00,86.0%,42.0%,31.0%,-,-,-,-,-,-,-,-
449,Eliminated,20,20,6,1,10,31.0%,100,0.00,87.0%,38.0%,31.0%,-,-,-,-,-,-,-,-
450,Eliminated,0,0,8,3,8,30.0%,100,0.00,91.0%,44.0%,30.0%,-,-,-,-,-,-,-,-
451,Eliminated,0,0,10,1,2,30.0%,100,0.00,71.0%,41.0%,30.0%,-,-,-,-,-,-,-,-
452,Eliminated,0,5,4,3,6,30.0%,100,0.00,68.0%,40.0%,30.0%,-,-,-,-,-,-,-,-
453,Eliminated,0,10,4,1,4,30.0%,100,0.00,71.0%,37.0%,30.0%,-,-,-,-,-,-,-,-
454,Eliminated,0,10,4,3,6,30.0%,100,0.00,83.0%,36.0%,30.0%,-,-,-,-,-,-,-,-
455,Eliminated,0,10,6,2,8,30.0%,100,0.00,81.0%,44.0%,30.0%,-,-,-,-,-,-,-,-
456,Eliminated,0,20,8,2,4,30.0%,100,0.00,74.0%,42.0%,30.0%,-,-,-,-,-,-,-,-
457,Eliminated,0,20,8,2,10,30.0%,100,0.00,91.0%,40.0%,30.0%,-,-,-,-,-,-,-,-
458,Eliminated,0,20,10,3,8,30.0%,100,0.00,86.0%,40.0%,30.0%,-,-,-,-,-,-,-,-
459,Eliminated,0,20,10,3,10,30.0%,100,0.00,82.0%,45.0%,30.0%,-,-,-,-,-,-,-,-
460,Eliminated,5,0,4,1,8,30.0%,100,0.00,93.0%,43.0%,30.0%,-,-,-,-,-,-,-,-
461,Eliminated,5,0,6,1,10,30.0%,100,0.00,95.0%,46.0%,30.0%,-,-,-,-,-,-,-,-
462,Eliminated,5,0,8,1,8,30.0%,100,0.00,94.0%,48.0%,30.0%,-,-,-,-,-,-,-,-
463,Eliminated,5,0,10,2,8,30.0%,100,0.00,94.0%,37.0%,30.0%,-,-,-,-,-,-,-,-
464,Eliminated,5,5,10,1,4,30.0%,100,0.00,74.0%,43.0%,30.0%,-,-,-,-,-,-,-,-
465,Eliminated,5,10,8,2,8,30.0%,100,0.00,85.0%,41.0%,30.0%,-,-,-,-,-,-,-,-
466,Eliminated,5,10,10,2,10,30.0%,100,0.00,84.0%,39.0%,30.0%,-,-,-,-,-,-,-,-
467,Eliminated,5,15,6,1,8,30.0%,100,0.00,80.0%,43.0%,30.0%,-,-,-,-,-,-,-,-
468,Eliminated,5,20,8,3,8,30.0%,100,0.00,85.0%,43.0%,30.0%,-,-,-,-,-,-,-,-
469,Eliminated,5,20,10,2,10,30.0%,100,0.00,86.0%,47.0%,30.0%,-,-,-,-,-,-,-,-
470,Eliminated,5,20,10,3,10,30.0%,100,0.00,84.0%,41.0%,30.0%,-,-,-,-,-,-,-,-
471,Eliminated,10,0,8,1,6,30.0%,100,0.00,88.0%,38.0%,30.0%,-,-,-,-,-,-,-,-
472,Eliminated,10,0,10,1,10,30.0%,100,0.00,95.0%,35.0%,30.0%,-,-,-,-,-,-,-,-
473,Eliminated,10,10,10,1,6,30.0%,100,0.00,76.0%,39.0%,30.0%,-,-,-,-,-,-,-,-
474,Eliminated,10,10,10,3,10,30.0%,100,0.00,88.0%,41.6%,30.0%,-,-,-,-,-,-,-,-
475,Eliminated,10,15,4,1,6,30.0%,100,0.00,72.0%,42.0%,30.0%,-,-,-,-,-,-,-,-
476,Eliminated,10,15,6,2,8,30.0%,100,0.00,86.0%,37.0%,30.0%,-,-,-,-,-,-,-,-
477,Eliminated,10,20,10,1,8,30.0%,100,0.00,84.0%,43.0%,30.0%,-,-,-,-,-,-,-,-
478,Eliminated,15,0,6,2,6,30.0%,100,0.00,88.0%,42.0%,30.0%,-,-,-,-,-,-,-,-
479,Eliminated,15,0,8,1,6,30.0%,100,0.00,91.0%,35.0%,30.0%,-,-,-,-,-,-,-,-
480,Eliminated,15,5,4,1,6,30.0%,100,0.00,75.0%,38.0%,30.0%,-,-,-,-,-,-,-,-
481,Eliminated,15,5,4,3,8,30.0%,100,0.00,79.0%,39.0%,30.0%,-,-,-,-,-,-,-,-
482,Eliminated,15,10,8,3,10,30.0%,100,0.00,85.0%,48.5%,30.0%,-,-,-,-,-,-,-,-
483,Eliminated,15,15,4,2,10,30.0%,100,0.00,81.0%,40.0%,30.0%,-,-,-,-,-,-,-,-
484,Eliminated,15,15,6,3,10,30.0%,100,0.00,84.0%,39.0%,30.0%,-,-,-,-,-,-,-,-
485,Eliminated,15,20,10,1,10,30.0%,100,0.00,81.0%,57.0%,30.0%,-,-,-,-,-,-,-,-
486,Eliminated,20,0,8,2,6,30.0%,100,0.00,85.0%,37.0%,30.0%,-,-,-,-,-,-,-,-
487,Eliminated,20,0,8,2,10,30.0%,100,0.00,93.0%,38.0%,30.0%,-,-,-,-,-,-,-,-
488,Eliminated,20,0,10,1,8,30.0%,100,0.00,92.0%,46.0%,30.0%,-,-,-,-,-,-,-,-
489,Eliminated,20,5,6,3,10,30.0%,100,0.00,86.0%,39.0%,30.0%,-,-,-,-,-,-,-,-
490,Eliminated,20,15,4,2,10,30.0%,100,0.00,76.0%,34.0%,30.0%,-,-,-,-,-,-,-,-
491,Eliminated,20,15,6,1,6,30.0%,100,0.00,81.0%,39.0%,30.0%,-,-,-,-,-,-,-,-
492,Eliminated,20,20,6,2,8,30.0%,100,0.00,84.0%,34.0%,30.0%,-,-,-,-,-,-,-,-
493,Eliminated,0,5,4,2,10,29.0%,100,0.00,87.0%,37.0%,29.0%,-,-,-,-,-,-,-,-
494,Eliminated,0,5,10,2,2,29.0%,100,0.00,68.0%,38.0%,29.0%,-,-,-,-,-,-,-,-
495,Eliminated,0,15,4,2,4,29.0%,100,0.00,71.0%,45.0%,29.0%,-,-,-,-,-,-,-,-
496,Eliminated,0,15,8,1,8,29.0%,100,0.00,81.0%,35.0%,29.0%,-,-,-,-,-,-,-,-
497,Eliminated,0,20,10,2,6,29.0%,100,0.00,82.0%,35.0%,29.0%,-,-,-,-,-,-,-,-
498,Eliminated,0,20,10,2,8,29.0%,100,0.00,73.0%,41.0%,29.0%,-,-,-,-,-,-,-,-
499,Eliminated,5,0,6,1,8,29.0%,100,0.00,86.0%,48.0%,29.0%,-,-,-,-,-,-,-,-
500,Eliminated,5,10,8,1,8,29.0%,100,0.00,89.0%,41.0%,29.0%,-,-,-,-,-,-,-,-
501,Eliminated,5,15,8,1,4,29.0%,100,0.00,70.0%,43.0%,29.0%,-,-,-,-,-,-,-,-
502,Eliminated,5,20,6,1,8,29.0%,100,0.00,85.0%,54.0%,29.0%,-,-,-,-,-,-,-,-
503,Eliminated,5,20,6,2,10,29.0%,100,0.00,85.0%,45.0%,29.0%,-,-,-,-,-,-,-,-
504,Eliminated,5,20,10,1,4,29.0%,100,0.00,70.0%,36.0%,29.0%,-,-,-,-,-,-,-,-
505,Eliminated,10,0,8,1,8,29.0%,100,0.00,94.0%,44.0%,29.0%,-,-,-,-,-,-,-,-
506,Eliminated,10,0,10,2,6,29.0%,100,0.00,91.0%,45.0%,29.0%,-,-,-,-,-,-,-,-
507,Eliminated,10,10,4,1,4,29.0%,100,0.00,77.0%,36.0%,29.0%,-,-,-,-,-,-,-,-
508,Eliminated,10,10,10,1,8,29.0%,100,0.00,79.0%,35.0%,29.0%,-,-,-,-,-,-,-,-
509,Eliminated,10,15,8,2,10,29.0%,100,0.00,95.0%,38.0%,29.0%,-,-,-,-,-,-,-,-
510,Eliminated,10,20,4,2,10,29.0%,100,0.00,72.0%,35.0%,29.0%,-,-,-,-,-,-,-,-
511,Eliminated,10,20,6,1,4,29.0%,100,0.00,78.0%,34.0%,29.0%,-,-,-,-,-,-,-,-
512,Eliminated,15,0,8,2,10,29.0%,100,0.00,90.0%,39.0%,29.0%,-,-,-,-,-,-,-,-
513,Eliminated,15,5,4,2,8,29.0%,100,0.00,83.0%,36.0%,29.0%,-,-,-,-,-,-,-,-
514,Eliminated,15,5,6,3,8,29.0%,100,0.00,79.0%,40.0%,29.0%,-,-,-,-,-,-,-,-
515,Eliminated,15,5,10,1,10,29.0%,100,0.00,75.0%,46.0%,29.0%,-,-,-,-,-,-,-,-
516,Eliminated,15,10,10,2,6,29.0%,100,0.00,78.0%,47.0%,29.0%,-,-,-,-,-,-,-,-
517,Eliminated,15,15,4,1,10,29.0%,100,0.00,80.0%,39.0%,29.0%,-,-,-,-,-,-,-,-
518,Eliminated,15,15,6,2,8,29.0%,100,0.00,89.0%,38.0%,29.0%,-,-,-,-,-,-,-,-
519,Eliminated,15,15,6,2,10,29.0%,100,0.00,90.0%,38.0%,29.0%,-,-,-,-,-,-,-,-
520,Eliminated,15,20,4,1,4,29.0%,100,0.00,73.0%,35.0%,29.0%,-,-,-,-,-,-,-,-
521,Eliminated,15,20,10,1,2,29.0%,100,0.00,72.0%,40.0%,29.0%,-,-,-,-,-,-,-,-
522,Eliminated,15,20,10,3,6,29.0%,100,0.00,82.0%,34.0%,29.0%,-,-,-,-,-,-,-,-
523,Eliminated,20,5,8,3,10,29.0%,100,0.00,89.0%,45.0%,29.0%,-,-,-,-,-,-,-,-
524,Eliminated,20,10,6,3,10,29.0%,100,0.00,81.0%,38.0%,29.0%,-,-,-,-,-,-,-,-
525,Eliminated,20,15,10,2,6,29.0%,100,0.00,79.0%,39.0%,29.0%,-,-,-,-,-,-,-,-
526,Eliminated,20,20,10,1,4,29.0%,100,0.00,71.0%,45.0%,29.0%,-,-,-,-,-,-,-,-
527,Eliminated,0,5,10,3,10,28.7%,101,0.00,85.0%,41.0%,28.7%,-,-,-,-,-,-,-,-
528,Eliminated,0,0,6,2,6,28.0%,100,0.00,85.0%,37.0%,28.0%,-,-,-,-,-,-,-,-
529,Eliminated,0,10,4,3,4,28.0%,100,0.00,70.0%,42.0%,28.0%,-,-,-,-,-,-,-,-
530,Eliminated,0,10,8,1,8,28.0%,100,0.00,86.0%,35.0%,28.0%,-,-,-,-,-,-,-,-
531,Eliminated,0,15,4,3,4,28.0%,100,0.00,69.0%,44.0%,28.0%,-,-,-,-,-,-,-,-
532,Eliminated,0,15,10,2,6,28.0%,100,0.00,72.0%,41.0%,28.0%,-,-,-,-,-,-,-,-
533,Eliminated,0,20,4,2,8,28.0%,100,0.00,76.0%,45.0%,28.0%,-,-,-,-,-,-,-,-
534,Eliminated,0,20,8,3,10,28.0%,100,0.00,90.0%,36.0%,28.0%,-,-,-,-,-,-,-,-
535,Eliminated,5,0,6,2,10,28.0%,100,0.00,93.0%,43.0%,28.0%,-,-,-,-,-,-,-,-
536,Eliminated,5,0,10,1,6,28.0%,100,0.00,89.0%,37.0%,28.0%,-,-,-,-,-,-,-,-
537,Eliminated,5,5,10,1,8,28.0%,100,0.00,76.0%,42.0%,28.0%,-,-,-,-,-,-,-,-
538,Eliminated,5,15,10,3,6,28.0%,100,0.00,81.0%,35.0%,28.0%,-,-,-,-,-,-,-,-
539,Eliminated,5,20,4,3,10,28.0%,100,0.00,77.0%,35.0%,28.0%,-,-,-,-,-,-,-,-
540,Eliminated,5,20,8,2,10,28.0%,100,0.00,81.0%,56.0%,28.0%,-,-,-,-,-,-,-,-
541,Eliminated,5,20,10,2,8,28.0%,100,0.00,83.0%,44.0%,28.0%,-,-,-,-,-,-,-,-
542,Eliminated,10,0,10,2,8,28.0%,100,0.00,91.0%,39.0%,28.0%,-,-,-,-,-,-,-,-
543,Eliminated,10,5,6,3,6,28.0%,100,0.00,79.0%,40.0%,28.0%,-,-,-,-,-,-,-,-
544,Eliminated,10,15,4,1,10,28.0%,100,0.00,87.0%,36.0%,28.0%,-,-,-,-,-,-,-,-
545,Eliminated,10,15,4,2,10,28.0%,100,0.00,85.0%,34.0%,28.0%,-,-,-,-,-,-,-,-
546,Eliminated,10,15,10,3,8,28.0%,100,0.00,75.0%,36.0%,28.0%,-,-,-,-,-,-,-,-
547,Eliminated,10,20,8,2,8,28.0%,100,0.00,82.0%,54.0%,28.0%,-,-,-,-,-,-,-,-
548,Eliminated,10,20,8,2,10,28.0%,100,0.00,89.0%,42.0%,28.0%,-,-,-,-,-,-,-,-
549,Eliminated,10,20,10,3,8,28.0%,100,0.00,87.0%,39.0%,28.0%,-,-,-,-,-,-,-,-
550,Eliminated,15,5,4,1,8,28.0%,100,0.00,72.0%,35.0%,28.0%,-,-,-,-,-,-,-,-
551,Eliminated,15,10,10,1,8,28.0%,100,0.00,76.0%,43.0%,28.0%,-,-,-,-,-,-,-,-
552,Eliminated,15,15,10,1,4,28.0%,100,0.00,73.0%,34.0%,28.0%,-,-,-,-,-,-,-,-
553,Eliminated,20,0,6,2,8,28.0%,100,0.00,91.0%,36.0%,28.0%,-,-,-,-,-,-,-,-
554,Eliminated,20,0,8,1,10,28.0%,100,0.00,93.0%,37.0%,28.0%,-,-,-,-,-,-,-,-
555,Eliminated,20,0,8,3,8,28.0%,100,0.00,89.0%,44.0%,28.0%,-,-,-,-,-,-,-,-
556,Eliminated,20,5,8,1,10,28.0%,100,0.00,91.0%,48.0%,28.0%,-,-,-,-,-,-,-,-
557,Eliminated,20,15,4,1,6,28.0%,100,0.00,70.0%,39.0%,28.0%,-,-,-,-,-,-,-,-
558,Eliminated,20,20,6,2,10,28.0%,100,0.00,86.0%,40.0%,28.0%,-,-,-,-,-,-,-,-
559,Eliminated,20,20,8,1,6,28.0%,100,0.00,87.0%,48.0%,28.0%,-,-,-,-,-,-,-,-
560,Eliminated,15,5,10,1,2,27.7%,101,0.00,69.0%,42.0%,27.7%,-,-,-,-,-,-,-,-
561,Eliminated,0,0,6,3,4,27.0%,100,0.00,68.0%,36.0%,27.0%,-,-,-,-,-,-,-,-
562,Eliminated,0,0,8,1,6,27.0%,100,0.00,92.0%,44.0%,27.0%,-,-,-,-,-,-,-,-
563,Eliminated,0,20,4,3,8,27.0%,100,0.00,73.0%,34.0%,27.0%,-,-,-,-,-,-,-,-
564,Eliminated,0,20,10,2,10,27.0%,100,0.00,75.0%,38.0%,27.0%,-,-,-,-,-,-,-,-
565,Eliminated,5,10,4,3,10,27.0%,100,0.00,74.0%,34.0%,27.0%,-,-,-,-,-,-,-,-
566,Eliminated,5,10,10,2,6,27.0%,100,0.00,82.0%,36.0%,27.0%,-,-,-,-,-,-,-,-
567,Eliminated,5,20,4,2,10,27.0%,100,0.00,83.0%,37.0%,27.0%,-,-,-,-,-,-,-,-
568,Eliminated,5,20,10,1,10,27.0%,100,0.00,78.0%,35.0%,27.0%,-,-,-,-,-,-,-,-
569,Eliminated,10,0,6,2,10,27.0%,100,0.00,94.0%,41.0%,27.0%,-,-,-,-,-,-,-,-
570,Eliminated,10,0,6,3,8,27.0%,100,0.00,91.0%,37.0%,27.0%,-,-,-,-,-,-,-,-
571,Eliminated,10,0,6,3,10,27.0%,100,0.00,90.0%,37.0%,27.0%,-,-,-,-,-,-,-,-
572,Eliminated,10,5,4,1,6,27.0%,100,0.00,77.0%,37.0%,27.0%,-,-,-,-,-,-,-,-
573,Eliminated,10,5,10,2,10,27.0%,100,0.00,93.0%,37.0%,27.0%,-,-,-,-,-,-,-,-
574,Eliminated,10,20,10,3,6,27.0%,100,0.00,80.0%,36.0%,27.0%,-,-,-,-,-,-,-,-
575,Eliminated,15,0,10,1,8,27.0%,100,0.00,93.0%,45.0%,27.0%,-,-,-,-,-,-,-,-
576,Eliminated,20,0,8,2,8,27.0%,100,0.00,94.0%,36.0%,27.0%,-,-,-,-,-,-,-,-
577,Eliminated,20,0,10,3,8,27.0%,100,0.00,91.0%,38.6%,27.0%,-,-,-,-,-,-,-,-
578,Eliminated,20,10,4,1,6,27.0%,100,0.00,76.0%,37.0%,27.0%,-,-,-,-,-,-,-,-
579,Eliminated,20,10,10,1,8,27.0%,100,0.00,87.0%,48.0%,27.0%,-,-,-,-,-,-,-,-
580,Eliminated,20,15,8,3,10,27.0%,100,0.00,86.0%,47.0%,27.0%,-,-,-,-,-,-,-,-
581,Eliminated,20,15,10,3,8,27.0%,100,0.00,81.0%,35.0%,27.0%,-,-,-,-,-,-,-,-
582,Eliminated,20,20,10,1,8,27.0%,100,0.00,75.0%,38.6%,27.0%,-,-,-,-,-,-,-,-
583,Eliminated,5,20,10,1,6,26.7%,101,0.00,76.0%,34.0%,26.7%,-,-,-,-,-,-,-,-
584,Eliminated,0,0,4,2,6,26.0%,100,0.00,80.0%,34.0%,26.0%,-,-,-,-,-,-,-,-
585,Eliminated,0,0,8,2,10,26.0%,100,0.00,93.0%,36.0%,26.0%,-,-,-,-,-,-,-,-
586,Eliminated,0,20,10,1,10,26.0%,100,0.00,81.0%,36.0%,26.0%,-,-,-,-,-,-,-,-
587,Eliminated,5,0,10,2,10,26.0%,100,0.00,93.0%,34.0%,26.0%,-,-,-,-,-,-,-,-
588,Eliminated,5,5,10,1,6,26.0%,100,0.00,80.0%,47.0%,26.0%,-,-,-,-,-,-,-,-
589,Eliminated,10,0,10,3,8,26.0%,100,0.00,91.0%,38.0%,26.0%,-,-,-,-,-,-,-,-
590,Eliminated,10,5,4,1,10,26.0%,100,0.00,82.0%,43.0%,26.0%,-,-,-,-,-,-,-,-
591,Eliminated,10,5,6,3,8,26.0%,100,0.00,85.0%,42.0%,26.0%,-,-,-,-,-,-,-,-
592,Eliminated,10,15,6,2,10,26.0%,100,0.00,85.0%,37.0%,26.0%,-,-,-,-,-,-,-,-
593,Eliminated,10,15,10,1,10,26.0%,100,0.00,77.0%,57.0%,26.0%,-,-,-,-,-,-,-,-
594,Eliminated,15,0,6,1,10,26.0%,100,0.00,92.0%,36.0%,26.0%,-,-,-,-,-,-,-,-
595,Eliminated,15,0,10,3,8,26.0%,100,0.00,94.0%,36.0%,26.0%,-,-,-,-,-,-,-,-
596,Eliminated,15,10,6,3,10,26.0%,100,0.00,87.0%,37.0%,26.0%,-,-,-,-,-,-,-,-
597,Eliminated,15,15,4,3,8,26.0%,100,0.00,76.0%,38.0%,26.0%,-,-,-,-,-,-,-,-
598,Eliminated,15,20,4,1,8,26.0%,100,0.00,84.0%,43.0%,26.0%,-,-,-,-,-,-,-,-
599,Eliminated,15,20,4,2,8,26.0%,100,0.00,87.0%,37.0%,26.0%,-,-,-,-,-,-,-,-
600,Eliminated,15,20,8,3,8,26.0%,100,0.00,91.0%,43.0%,26.0%,-,-,-,-,-,-,-,-
601,Eliminated,20,15,6,2,10,26.0%,100,0.00,84.0%,46.0%,26.0%,-,-,-,-,-,-,-,-
602,Eliminated,20,15,6,3,6,26.0%,100,0.00,88.0%,44.0%,26.0%,-,-,-,-,-,-,-,-
603,Eliminated,20,20,6,1,4,26.0%,100,0.00,81.0%,39.0%,26.0%,-,-,-,-,-,-,-,-
604,Eliminated,20,20,8,1,8,26.0%,100,0.00,83.0%,42.0%,26.0%,-,-,-,-,-,-,-,-
605,Eliminated,20,20,8,3,6,26.0%,100,0.00,78.0%,35.0%,26.0%,-,-,-,-,-,-,-,-
606,Eliminated,0,0,10,1,4,25.0%,100,0.00,73.0%,48.0%,25.0%,-,-,-,-,-,-,-,-
607,Eliminated,0,0,10,2,10,25.0%,100,0.00,90.0%,35.0%,25.0%,-,-,-,-,-,-,-,-
608,Eliminated,0,20,6,2,10,25.0%,100,0.00,84.0%,45.0%,25.0%,-,-,-,-,-,-,-,-
609,Eliminated,5,0,4,1,10,25.0%,100,0.00,87.0%,36.0%,25.0%,-,-,-,-,-,-,-,-
610,Eliminated,5,5,10,2,10,25.0%,100,0.00,93.0%,42.6%,25.0%,-,-,-,-,-,-,-,-
611,Eliminated,5,15,10,2,6,25.0%,100,0.00,79.0%,35.0%,25.0%,-,-,-,-,-,-,-,-
612,Eliminated,5,20,10,1,8,25.0%,100,0.00,75.0%,49.0%,25.0%,-,-,-,-,-,-,-,-
613,Eliminated,10,0,10,3,10,25.0%,100,0.00,93.0%,38.0%,25.0%,-,-,-,-,-,-,-,-
614,Eliminated,10,5,4,3,6,25.0%,100,0.00,77.0%,34.0%,25.0%,-,-,-,-,-,-,-,-
615,Eliminated,10,10,10,1,10,25.0%,100,0.00,81.0%,35.0%,25.0%,-,-,-,-,-,-,-,-
616,Eliminated,10,15,10,2,8,25.0%,100,0.00,91.0%,34.0%,25.0%,-,-,-,-,-,-,-,-
617,Eliminated,15,0,6,3,10,25.0%,100,0.00,92.0%,38.0%,25.0%,-,-,-,-,-,-,-,-
618,Eliminated,15,5,4,2,10,25.0%,100,0.00,80.0%,36.0%,25.0%,-,-,-,-,-,-,-,-
619,Eliminated,15,10,6,2,8,25.0%,100,0.00,92.0%,38.0%,25.0%,-,-,-,-,-,-,-,-
620,Eliminated,15,10,6,2,10,25.0%,100,0.00,88.0%,35.0%,25.0%,-,-,-,-,-,-,-,-
621,Eliminated,15,15,6,3,8,25.0%,100,0.00,81.0%,39.0%,25.0%,-,-,-,-,-,-,-,-
622,Eliminated,15,20,4,1,10,25.0%,100,0.00,77.0%,42.0%,25.0%,-,-,-,-,-,-,-,-
623,Eliminated,20,0,10,2,8,25.0%,100,0.00,92.0%,34.0%,25.0%,-,-,-,-,-,-,-,-
624,Eliminated,20,15,6,3,10,25.0%,100,0.00,86.0%,50.0%,25.0%,-,-,-,-,-,-,-,-
625,Eliminated,20,15,10,3,10,25.0%,100,0.00,90.0%,44.0%,25.0%,-,-,-,-,-,-,-,-
626,Eliminated,0,15,4,2,8,24.8%,101,0.00,78.0%,34.0%,24.8%,-,-,-,-,-,-,-,-
627,Eliminated,0,0,8,3,4,24.0%,100,0.00,67.0%,41.0%,24.0%,-,-,-,-,-,-,-,-
628,Eliminated,0,0,10,2,4,24.0%,100,0.00,80.0%,39.0%,24.0%,-,-,-,-,-,-,-,-
629,Eliminated,0,20,4,3,6,24.0%,100,0.00,71.0%,37.0%,24.0%,-,-,-,-,-,-,-,-
630,Eliminated,5,0,10,3,8,24.0%,100,0.00,93.0%,35.0%,24.0%,-,-,-,-,-,-,-,-
631,Eliminated,5,10,8,2,4,24.0%,100,0.00,81.0%,36.0%,24.0%,-,-,-,-,-,-,-,-
632,Eliminated,5,15,8,1,8,24.0%,100,0.00,84.0%,40.0%,24.0%,-,-,-,-,-,-,-,-
633,Eliminated,5,20,2,3,10,24.0%,100,0.00,81.0%,34.0%,24.0%,-,-,-,-,-,-,-,-
634,Eliminated,10,0,4,3,10,24.0%,100,0.00,89.0%,36.0%,24.0%,-,-,-,-,-,-,-,-
635,Eliminated,15,0,6,2,10,24.0%,100,0.00,92.0%,41.0%,24.0%,-,-,-,-,-,-,-,-
636,Eliminated,15,0,8,2,6,24.0%,100,0.00,91.0%,34.7%,24.0%,-,-,-,-,-,-,-,-
637,Eliminated,15,0,8,3,10,24.0%,100,0.00,88.0%,44.0%,24.0%,-,-,-,-,-,-,-,-
638,Eliminated,15,20,6,2,6,24.0%,100,0.00,77.0%,37.0%,24.0%,-,-,-,-,-,-,-,-
639,Eliminated,15,20,6,2,8,24.0%,100,0.00,81.0%,38.0%,24.0%,-,-,-,-,-,-,-,-
640,Eliminated,15,20,10,2,8,24.0%,100,0.00,86.0%,34.0%,24.0%,-,-,-,-,-,-,-,-
641,Eliminated,20,0,10,1,10,24.0%,100,0.00,95.0%,39.0%,24.0%,-,-,-,-,-,-,-,-
642,Eliminated,20,0,10,2,10,24.0%,100,0.00,91.0%,39.0%,24.0%,-,-,-,-,-,-,-,-
643,Eliminated,20,5,4,2,6,24.0%,100,0.00,75.0%,37.0%,24.0%,-,-,-,-,-,-,-,-
644,Eliminated,20,15,4,2,8,24.0%,100,0.00,80.0%,35.0%,24.0%,-,-,-,-,-,-,-,-
645,Eliminated,20,15,10,1,10,24.0%,100,0.00,77.0%,40.0%,24.0%,-,-,-,-,-,-,-,-
646,Eliminated,20,20,4,1,6,24.0%,100,0.00,79.0%,39.0%,24.0%,-,-,-,-,-,-,-,-
647,Eliminated,0,10,10,3,8,23.0%,100,0.00,88.0%,40.0%,23.0%,-,-,-,-,-,-,-,-
648,Eliminated,5,20,4,1,10,23.0%,100,0.00,82.0%,35.0%,23.0%,-,-,-,-,-,-,-,-
649,Eliminated,15,0,10,1,10,23.0%,100,0.00,93.0%,40.0%,23.0%,-,-,-,-,-,-,-,-
650,Eliminated,15,15,4,2,8,23.0%,100,0.00,79.0%,34.0%,23.0%,-,-,-,-,-,-,-,-
651,Eliminated,15,20,6,3,8,23.0%,100,0.00,83.0%,36.0%,23.0%,-,-,-,-,-,-,-,-
652,Eliminated,15,20,10,3,8,23.0%,100,0.00,86.0%,44.0%,23.0%,-,-,-,-,-,-,-,-
653,Eliminated,20,10,6,3,6,23.0%,100,0.00,78.0%,38.0%,23.0%,-,-,-,-,-,-,-,-
654,Eliminated,5,0,10,1,8,22.0%,100,0.00,90.0%,45.0%,22.0%,-,-,-,-,-,-,-,-
655,Eliminated,10,0,8,3,10,22.0%,100,0.00,95.0%,49.0%,22.0%,-,-,-,-,-,-,-,-
656,Eliminated,10,20,2,1,10,22.0%,100,0.00,71.0%,34.0%,22.0%,-,-,-,-,-,-,-,-
657,Eliminated,15,0,6,1,8,22.0%,100,0.00,92.0%,43.0%,22.0%,-,-,-,-,-,-,-,-
658,Eliminated,15,0,8,3,8,22.0%,100,0.00,92.0%,39.0%,22.0%,-,-,-,-,-,-,-,-
659,Eliminated,15,0,10,2,10,22.0%,100,0.00,88.0%,37.0%,22.0%,-,-,-,-,-,-,-,-
660,Eliminated,15,5,4,1,10,22.0%,100,0.00,88.0%,42.0%,22.0%,-,-,-,-,-,-,-,-
661,Eliminated,15,20,4,2,10,22.0%,100,0.00,77.0%,35.0%,22.0%,-,-,-,-,-,-,-,-
662,Eliminated,20,20,10,1,10,22.0%,100,0.00,69.0%,45.0%,22.0%,-,-,-,-,-,-,-,-
663,Eliminated,5,20,4,1,6,21.0%,100,0.00,76.0%,37.0%,21.0%,-,-,-,-,-,-,-,-
664,Eliminated,10,0,6,1,10,21.0%,100,0.00,92.0%,37.0%,21.0%,-,-,-,-,-,-,-,-
665,Eliminated,10,0,8,2,10,21.0%,100,0.00,94.0%,37.0%,21.0%,-,-,-,-,-,-,-,-
666,Eliminated,20,0,6,2,10,21.0%,100,0.00,91.0%,45.0%,21.0%,-,-,-,-,-,-,-,-
667,Eliminated,5,5,10,1,10,20.0%,100,0.00,82.0%,36.0%,20.0%,-,-,-,-,-,-,-,-
668,Eliminated,5,10,10,1,8,20.0%,100,0.00,77.0%,36.0%,20.0%,-,-,-,-,-,-,-,-
669,Eliminated,10,20,4,1,4,20.0%,100,0.00,79.0%,35.0%,20.0%,-,-,-,-,-,-,-,-
670,Eliminated,15,0,8,2,8,20.0%,100,0.00,92.0%,37.0%,20.0%,-,-,-,-,-,-,-,-
671,Eliminated,15,10,4,3,6,20.0%,100,0.00,72.0%,34.0%,20.0%,-,-,-,-,-,-,-,-
672,Eliminated,20,0,6,1,8,20.0%,100,0.00,97.0%,42.0%,20.0%,-,-,-,-,-,-,-,-
673,Eliminated,20,0,8,1,8,20.0%,100,0.00,88.0%,34.0%,20.0%,-,-,-,-,-,-,-,-
674,Eliminated,15,5,4,2,6,18.0%,100,0.00,80.0%,36.0%,18.0%,-,-,-,-,-,-,-,-
675,Eliminated,15,0,6,2,8,16.0%,100,0.00,89.0%,36.0%,16.0%,-,-,-,-,-,-,-,-
676,Eliminated,0,15,8,1,4,33.0%,100,0.00,74.0%,33.0%,-,-,-,-,-,-,-,-,-
677,Eliminated,0,20,6,3,8,33.0%,100,0.00,79.0%,33.0%,-,-,-,-,-,-,-,-,-
678,Eliminated,0,20,8,1,4,33.0%,100,0.00,69.0%,33.0%,-,-,-,-,-,-,-,-,-
679,Eliminated,0,20,10,1,8,33.0%,100,0.00,79.0%,33.0%,-,-,-,-,-,-,-,-,-
680,Eliminated,5,0,4,1,4,33.0%,100,0.00,82.0%,33.0%,-,-,-,-,-,-,-,-,-
681,Eliminated,5,0,6,2,8,33.0%,100,0.00,92.0%,33.0%,-,-,-,-,-,-,-,-,-
682,Eliminated,5,0,6,3,10,33.0%,100,0.00,90.0%,33.0%,-,-,-,-,-,-,-,-,-
683,Eliminated,5,5,6,3,6,33.0%,100,0.00,85.0%,33.0%,-,-,-,-,-,-,-,-,-
684,Eliminated,5,5,8,3,6,33.0%,100,0.00,77.0%,33.0%,-,-,-,-,-,-,-,-,-
685,Eliminated,5,10,4,1,10,33.0%,100,0.00,84.0%,33.0%,-,-,-,-,-,-,-,-,-
686,Eliminated,5,10,4,2,8,33.0%,100,0.00,84.0%,33.0%,-,-,-,-,-,-,-,-,-
687,Eliminated,5,10,4,2,10,33.0%,100,0.00,83.0%,33.0%,-,-,-,-,-,-,-,-,-
688,Eliminated,5,10,10,2,8,33.0%,100,0.00,88.0%,33.0%,-,-,-,-,-,-,-,-,-
689,Eliminated,5,15,4,1,4,33.0%,100,0.00,68.0%,33.0%,-,-,-,-,-,-,-,-,-
690,Eliminated,5,15,4,1,6,33.0%,100,0.00,75.0%,33.0%,-,-,-,-,-,-,-,-,-
691,Eliminated,5,15,6,2,4,33.0%,100,0.00,69.0%,33.0%,-,-,-,-,-,-,-,-,-
692,Eliminated,5,15,6,3,10,33.0%,100,0.00,81.0%,33.0%,-,-,-,-,-,-,-,-,-
693,Eliminated,5,20,6,3,6,33.0%,100,0.00,81.0%,33.0%,-,-,-,-,-,-,-,-,-
694,Eliminated,10,0,6,2,8,33.0%,100,0.00,93.0%,33.0%,-,-,-,-,-,-,-,-,-
695,Eliminated,10,0,10,1,8,33.0%,100,0.00,93.0%,33.0%,-,-,-,-,-,-,-,-,-
696,Eliminated,10,5,8,3,6,33.0%,100,0.00,86.0%,33.0%,-,-,-,-,-,-,-,-,-
697,Eliminated,10,5,10,1,2,33.0%,100,0.00,76.0%,33.0%,-,-,-,-,-,-,-,-,-
698,Eliminated,10,20,4,1,8,33.0%,100,0.00,85.0%,33.0%,-,-,-,-,-,-,-,-,-
699,Eliminated,10,20,6,2,6,33.0%,100,0.00,76.0%,33.0%,-,-,-,-,-,-,-,-,-
700,Eliminated,10,20,6,3,6,33.0%,100,0.00,78.0%,33.0%,-,-,-,-,-,-,-,-,-
701,Eliminated,15,0,6,3,6,33.0%,100,0.00,91.0%,33.0%,-,-,-,-,-,-,-,-,-
702,Eliminated,15,5,10,2,8,33.0%,100,0.00,89.0%,33.0%,-,-,-,-,-,-,-,-,-
703,Eliminated,15,10,4,1,8,33.0%,100,0.00,70.0%,33.0%,-,-,-,-,-,-,-,-,-
704,Eliminated,15,10,10,2,10,33.0%,100,0.00,93.0%,33.0%,-,-,-,-,-,-,-,-,-
705,Eliminated,15,15,4,1,4,33.0%,100,0.00,71.0%,33.0%,-,-,-,-,-,-,-,-,-
706,Eliminated,15,15,6,1,4,33.0%,100,0.00,79.0%,33.0%,-,-,-,-,-,-,-,-,-
707,Eliminated,20,0,8,1,6,33.0%,100,0.00,88.0%,33.0%,-,-,-,-,-,-,-,-,-
708,Eliminated,20,0,8,3,6,33.0%,100,0.00,84.0%,33.0%,-,-,-,-,-,-,-,-,-
709,Eliminated,20,5,4,3,10,33.0%,100,0.00,83.0%,33.0%,-,-,-,-,-,-,-,-,-
710,Eliminated,20,5,6,1,4,33.0%,100,0.00,74.0%,33.0%,-,-,-,-,-,-,-,-,-
711,Eliminated,20,10,4,2,10,33.0%,100,0.00,81.0%,33.0%,-,-,-,-,-,-,-,-,-
712,Eliminated,20,10,4,3,6,33.0%,100,0.00,69.0%,33.0%,-,-,-,-,-,-,-,-,-
713,Eliminated,20,15,6,3,8,33.0%,100,0.00,85.0%,33.0%,-,-,-,-,-,-,-,-,-
714,Eliminated,20,20,4,1,10,33.0%,100,0.00,76.0%,33.0%,-,-,-,-,-,-,-,-,-
715,Eliminated,20,20,8,2,4,33.0%,100,0.00,68.0%,33.0%,-,-,-,-,-,-,-,-,-
716,Eliminated,20,20,8,2,8,33.0%,100,0.00,89.0%,33.0%,-,-,-,-,-,-,-,-,-
717,Eliminated,20,20,10,2,10,33.0%,100,0.00,87.0%,33.0%,-,-,-,-,-,-,-,-,-
718,Eliminated,0,10,6,1,8,32.7%,101,0.00,74.0%,32.7%,-,-,-,-,-,-,-,-,-
719,Eliminated,20,15,8,3,8,32.4%,102,0.00,88.0%,32.4%,-,-,-,-,-,-,-,-,-
720,Eliminated,0,5,6,1,10,32.0%,100,0.00,84.0%,32.0%,-,-,-,-,-,-,-,-,-
721,Eliminated,0,5,8,2,8,32.0%,100,0.00,90.0%,32.0%,-,-,-,-,-,-,-,-,-
722,Eliminated,0,10,2,2,8,32.0%,100,0.00,68.0%,32.0%,-,-,-,-,-,-,-,-,-
723,Eliminated,0,10,4,2,6,32.0%,100,0.00,67.0%,32.0%,-,-,-,-,-,-,-,-,-
724,Eliminated,0,10,4,2,10,32.0%,100,0.00,72.0%,32.0%,-,-,-,-,-,-,-,-,-
725,Eliminated,0,15,2,2,10,32.0%,100,0.00,75.0%,32.0%,-,-,-,-,-,-,-,-,-
726,Eliminated,0,15,6,1,8,32.0%,100,0.00,73.0%,32.0%,-,-,-,-,-,-,-,-,-
727,Eliminated,0,15,10,2,4,32.0%,100,0.00,81.0%,32.0%,-,-,-,-,-,-,-,-,-
728,Eliminated,0,20,6,1,6,32.0%,100,0.00,78.0%,32.0%,-,-,-,-,-,-,-,-,-
729,Eliminated,0,20,8,1,6,32.0%,100,0.00,77.0%,32.0%,-,-,-,-,-,-,-,-,-
730,Eliminated,5,0,10,3,10,32.0%,100,0.00,95.0%,32.0%,-,-,-,-,-,-,-,-,-
731,Eliminated,5,5,2,3,10,32.0%,100,0.00,76.0%,32.0%,-,-,-,-,-,-,-,-,-
732,Eliminated,5,5,4,3,4,32.0%,100,0.00,74.0%,32.0%,-,-,-,-,-,-,-,-,-
733,Eliminated,5,5,4,3,10,32.0%,100,0.00,83.0%,32.0%,-,-,-,-,-,-,-,-,-
734,Eliminated,5,5,6,3,4,32.0%,100,0.00,70.0%,32.0%,-,-,-,-,-,-,-,-,-
735,Eliminated,5,10,4,1,8,32.0%,100,0.00,78.0%,32.0%,-,-,-,-,-,-,-,-,-
736,Eliminated,5,15,4,1,8,32.0%,100,0.00,75.0%,32.0%,-,-,-,-,-,-,-,-,-
737,Eliminated,5,15,10,2,4,32.0%,100,0.00,71.0%,32.0%,-,-,-,-,-,-,-,-,-
738,Eliminated,5,15,10,2,10,32.0%,100,0.00,89.0%,32.0%,-,-,-,-,-,-,-,-,-
739,Eliminated,5,20,6,3,4,32.0%,100,0.00,71.0%,32.0%,-,-,-,-,-,-,-,-,-
740,Eliminated,10,0,2,3,8,32.0%,100,0.00,83.0%,32.0%,-,-,-,-,-,-,-,-,-
741,Eliminated,10,0,6,3,6,32.0%,100,0.00,90.0%,32.0%,-,-,-,-,-,-,-,-,-
742,Eliminated,10,5,4,3,10,32.0%,100,0.00,85.0%,32.0%,-,-,-,-,-,-,-,-,-
743,Eliminated,10,5,10,3,8,32.0%,100,0.00,91.0%,32.0%,-,-,-,-,-,-,-,-,-
744,Eliminated,10,10,4,1,10,32.0%,100,0.00,78.0%,32.0%,-,-,-,-,-,-,-,-,-
745,Eliminated,10,10,4,2,10,32.0%,100,0.00,78.0%,32.0%,-,-,-,-,-,-,-,-,-
746,Eliminated,10,20,6,2,8,32.0%,100,0.00,85.0%,32.0%,-,-,-,-,-,-,-,-,-
747,Eliminated,15,0,4,1,10,32.0%,100,0.00,91.0%,32.0%,-,-,-,-,-,-,-,-,-
748,Eliminated,15,0,4,2,8,32.0%,100,0.00,85.0%,32.0%,-,-,-,-,-,-,-,-,-
749,Eliminated,15,5,4,1,4,32.0%,100,0.00,76.0%,32.0%,-,-,-,-,-,-,-,-,-
750,Eliminated,15,5,8,3,6,32.0%,100,0.00,81.0%,32.0%,-,-,-,-,-,-,-,-,-
751,Eliminated,15,10,4,1,6,32.0%,100,0.00,76.0%,32.0%,-,-,-,-,-,-,-,-,-
752,Eliminated,15,10,6,1,4,32.0%,100,0.00,74.0%,32.0%,-,-,-,-,-,-,-,-,-
753,Eliminated,15,10,10,1,10,32.0%,100,0.00,78.0%,32.0%,-,-,-,-,-,-,-,-,-
754,Eliminated,15,15,2,1,10,32.0%,100,0.00,70.0%,32.0%,-,-,-,-,-,-,-,-,-
755,Eliminated,15,15,6,2,6,32.0%,100,0.00,75.0%,32.0%,-,-,-,-,-,-,-,-,-
756,Eliminated,15,15,8,2,4,32.0%,100,0.00,68.0%,32.0%,-,-,-,-,-,-,-,-,-
757,Eliminated,15,15,10,3,10,32.0%,100,0.00,92.0%,32.0%,-,-,-,-,-,-,-,-,-
758,Eliminated,15,20,2,1,8,32.0%,100,0.00,76.0%,32.0%,-,-,-,-,-,-,-,-,-
759,Eliminated,15,20,4,3,10,32.0%,100,0.00,84.0%,32.0%,-,-,-,-,-,-,-,-,-
760,Eliminated,15,20,6,2,4,32.0%,100,0.00,71.0%,32.0%,-,-,-,-,-,-,-,-,-
761,Eliminated,20,0,6,3,8,32.0%,100,0.00,95.0%,32.0%,-,-,-,-,-,-,-,-,-
762,Eliminated,20,0,6,3,10,32.0%,100,0.00,93.0%,32.0%,-,-,-,-,-,-,-,-,-
763,Eliminated,20,5,2,1,10,32.0%,100,0.00,74.0%,32.0%,-,-,-,-,-,-,-,-,-
764,Eliminated,20,5,4,3,8,32.0%,100,0.00,77.0%,32.0%,-,-,-,-,-,-,-,-,-
765,Eliminated,20,5,10,3,10,32.0%,100,0.00,89.0%,32.0%,-,-,-,-,-,-,-,-,-
766,Eliminated,20,10,4,2,8,32.0%,100,0.00,76.0%,32.0%,-,-,-,-,-,-,-,-,-
767,Eliminated,20,10,4,3,10,32.0%,100,0.00,77.0%,32.0%,-,-,-,-,-,-,-,-,-
768,Eliminated,20,10,10,2,6,32.0%,100,0.00,76.0%,32.0%,-,-,-,-,-,-,-,-,-
769,Eliminated,20,15,4,1,10,32.0%,100,0.00,86.0%,32.0%,-,-,-,-,-,-,-,-,-
770,Eliminated,20,15,6,2,6,32.0%,100,0.00,76.0%,32.0%,-,-,-,-,-,-,-,-,-
771,Eliminated,20,15,8,2,8,32.0%,100,0.00,84.0%,32.0%,-,-,-,-,-,-,-,-,-
772,Eliminated,20,15,10,2,10,32.0%,100,0.00,89.0%,32.0%,-,-,-,-,-,-,-,-,-
773,Eliminated,10,15,10,1,2,31.7%,101,0.00,73.0%,31.7%,-,-,-,-,-,-,-,-,-
774,Eliminated,15,10,4,1,4,31.7%,101,0.00,76.0%,31.7%,-,-,-,-,-,-,-,-,-
775,Eliminated,20,20,4,2,10,31.7%,101,0.00,81.0%,31.7%,-,-,-,-,-,-,-,-,-
776,Eliminated,0,0,8,2,4,31.0%,100,0.00,76.0%,31.0%,-,-,-,-,-,-,-,-,-
777,Eliminated,0,0,10,2,8,31.0%,100,0.00,89.0%,31.0%,-,-,-,-,-,-,-,-,-
778,Eliminated,0,5,2,1,10,31.0%,100,0.00,79.0%,31.0%,-,-,-,-,-,-,-,-,-
779,Eliminated,0,5,4,1,6,31.0%,100,0.00,74.0%,31.0%,-,-,-,-,-,-,-,-,-
780,Eliminated,0,5,4,2,8,31.0%,100,0.00,78.0%,31.0%,-,-,-,-,-,-,-,-,-
781,Eliminated,0,10,4,1,8,31.0%,100,0.00,70.0%,31.0%,-,-,-,-,-,-,-,-,-
782,Eliminated,0,10,4,2,8,31.0%,100,0.00,79.0%,31.0%,-,-,-,-,-,-,-,-,-
783,Eliminated,0,10,8,1,6,31.0%,100,0.00,80.0%,31.0%,-,-,-,-,-,-,-,-,-
784,Eliminated,0,15,10,3,10,31.0%,100,0.00,83.0%,31.0%,-,-,-,-,-,-,-,-,-
785,Eliminated,0,20,4,2,10,31.0%,100,0.00,77.0%,31.0%,-,-,-,-,-,-,-,-,-
786,Eliminated,5,0,8,1,4,31.0%,100,0.00,85.0%,31.0%,-,-,-,-,-,-,-,-,-
787,Eliminated,5,0,8,2,6,31.0%,100,0.00,86.0%,31.0%,-,-,-,-,-,-,-,-,-
788,Eliminated,5,0,8,3,4,31.0%,100,0.00,75.0%,31.0%,-,-,-,-,-,-,-,-,-
789,Eliminated,5,5,4,1,4,31.0%,100,0.00,74.0%,31.0%,-,-,-,-,-,-,-,-,-
790,Eliminated,5,5,8,3,10,31.0%,100,0.00,89.0%,31.0%,-,-,-,-,-,-,-,-,-
791,Eliminated,5,10,4,2,6,31.0%,100,0.00,75.0%,31.0%,-,-,-,-,-,-,-,-,-
792,Eliminated,5,10,6,3,6,31.0%,100,0.00,85.0%,31.0%,-,-,-,-,-,-,-,-,-
793,Eliminated,5,10,8,1,4,31.0%,100,0.00,77.0%,31.0%,-,-,-,-,-,-,-,-,-
794,Eliminated,5,10,10,1,6,31.0%,100,0.00,81.0%,31.0%,-,-,-,-,-,-,-,-,-
795,Eliminated,5,15,4,2,10,31.0%,100,0.00,74.0%,31.0%,-,-,-,-,-,-,-,-,-
796,Eliminated,5,15,6,3,6,31.0%,100,0.00,82.0%,31.0%,-,-,-,-,-,-,-,-,-
797,Eliminated,5,15,10,1,6,31.0%,100,0.00,79.0%,31.0%,-,-,-,-,-,-,-,-,-
798,Eliminated,5,15,10,1,8,31.0%,100,0.00,73.0%,31.0%,-,-,-,-,-,-,-,-,-
799,Eliminated,5,20,2,2,10,31.0%,100,0.00,75.0%,31.0%,-,-,-,-,-,-,-,-,-
800,Eliminated,5,20,4,2,6,31.0%,100,0.00,74.0%,31.0%,-,-,-,-,-,-,-,-,-
801,Eliminated,5,20,4,3,6,31.0%,100,0.00,80.0%,31.0%,-,-,-,-,-,-,-,-,-
802,Eliminated,10,0,4,1,10,31.0%,100,0.00,89.0%,31.0%,-,-,-,-,-,-,-,-,-
803,Eliminated,10,5,2,1,10,31.0%,100,0.00,72.0%,31.0%,-,-,-,-,-,-,-,-,-
804,Eliminated,10,5,4,2,8,31.0%,100,0.00,79.0%,31.0%,-,-,-,-,-,-,-,-,-
805,Eliminated,10,10,10,2,6,31.0%,100,0.00,78.0%,31.0%,-,-,-,-,-,-,-,-,-
806,Eliminated,10,15,8,3,6,31.0%,100,0.00,84.0%,31.0%,-,-,-,-,-,-,-,-,-
807,Eliminated,10,15,10,2,10,31.0%,100,0.00,92.0%,31.0%,-,-,-,-,-,-,-,-,-
808,Eliminated,10,20,4,1,6,31.0%,100,0.00,81.0%,31.0%,-,-,-,-,-,-,-,-,-
809,Eliminated,10,20,10,2,6,31.0%,100,0.00,81.0%,31.0%,-,-,-,-,-,-,-,-,-
810,Eliminated,15,0,8,3,6,31.0%,100,0.00,88.0%,31.0%,-,-,-,-,-,-,-,-,-
811,Eliminated,15,0,10,1,6,31.0%,100,0.00,90.0%,31.0%,-,-,-,-,-,-,-,-,-
812,Eliminated,15,5,2,1,8,31.0%,100,0.00,80.0%,31.0%,-,-,-,-,-,-,-,-,-
813,Eliminated,15,5,2,3,8,31.0%,100,0.00,72.0%,31.0%,-,-,-,-,-,-,-,-,-
814,Eliminated,15,5,10,2,6,31.0%,100,0.00,81.0%,31.0%,-,-,-,-,-,-,-,-,-
815,Eliminated,15,15,4,1,6,31.0%,100,0.00,74.0%,31.0%,-,-,-,-,-,-,-,-,-
816,Eliminated,15,15,4,3,10,31.0%,100,0.00,78.0%,31.0%,-,-,-,-,-,-,-,-,-
817,Eliminated,15,15,8,2,6,31.0%,100,0.00,76.0%,31.0%,-,-,-,-,-,-,-,-,-
818,Eliminated,20,0,4,1,8,31.0%,100,0.00,87.0%,31.0%,-,-,-,-,-,-,-,-,-
819,Eliminated,20,0,6,1,6,31.0%,100,0.00,90.0%,31.0%,-,-,-,-,-,-,-,-,-
820,Eliminated,20,0,10,1,6,31.0%,100,0.00,87.0%,31.0%,-,-,-,-,-,-,-,-,-
821,Eliminated,20,5,4,2,4,31.0%,100,0.00,76.0%,31.0%,-,-,-,-,-,-,-,-,-
822,Eliminated,20,5,6,2,6,31.0%,100,0.00,84.0%,31.0%,-,-,-,-,-,-,-,-,-
823,Eliminated,20,5,8,2,6,31.0%,100,0.00,88.0%,31.0%,-,-,-,-,-,-,-,-,-
824,Eliminated,20,5,8,3,6,31.0%,100,0.00,76.0%,31.0%,-,-,-,-,-,-,-,-,-
825,Eliminated,20,10,10,1,2,31.0%,100,0.00,69.0%,31.0%,-,-,-,-,-,-,-,-,-
826,Eliminated,20,15,4,1,8,31.0%,100,0.00,76.0%,31.0%,-,-,-,-,-,-,-,-,-
827,Eliminated,20,15,4,3,8,31.0%,100,0.00,83.0%,31.0%,-,-,-,-,-,-,-,-,-
828,Eliminated,20,20,4,1,8,31.0%,100,0.00,68.0%,31.0%,-,-,-,-,-,-,-,-,-
829,Eliminated,20,20,4,3,8,31.0%,100,0.00,83.0%,31.0%,-,-,-,-,-,-,-,-,-
830,Eliminated,20,20,6,2,6,31.0%,100,0.00,76.0%,31.0%,-,-,-,-,-,-,-,-,-
831,Eliminated,15,0,6,3,8,30.7%,101,0.00,92.0%,30.7%,-,-,-,-,-,-,-,-,-
832,Eliminated,0,0,10,3,6,30.0%,100,0.00,82.0%,30.0%,-,-,-,-,-,-,-,-,-
833,Eliminated,0,10,10,2,6,30.0%,100,0.00,84.0%,30.0%,-,-,-,-,-,-,-,-,-
834,Eliminated,0,10,10,3,10,30.0%,100,0.00,91.0%,30.0%,-,-,-,-,-,-,-,-,-
835,Eliminated,0,15,2,2,8,30.0%,100,0.00,75.0%,30.0%,-,-,-,-,-,-,-,-,-
836,Eliminated,0,15,6,1,6,30.0%,100,0.00,80.0%,30.0%,-,-,-,-,-,-,-,-,-
837,Eliminated,0,20,2,2,10,30.0%,100,0.00,70.0%,30.0%,-,-,-,-,-,-,-,-,-
838,Eliminated,0,20,4,1,8,30.0%,100,0.00,68.0%,30.0%,-,-,-,-,-,-,-,-,-
839,Eliminated,0,20,6,1,10,30.0%,100,0.00,80.0%,30.0%,-,-,-,-,-,-,-,-,-
840,Eliminated,0,20,8,1,10,30.0%,100,0.00,80.0%,30.0%,-,-,-,-,-,-,-,-,-
841,Eliminated,0,20,10,1,6,30.0%,100,0.00,71.0%,30.0%,-,-,-,-,-,-,-,-,-
842,Eliminated,5,0,4,1,6,30.0%,100,0.00,87.0%,30.0%,-,-,-,-,-,-,-,-,-
843,Eliminated,5,0,4,2,8,30.0%,100,0.00,84.0%,30.0%,-,-,-,-,-,-,-,-,-
844,Eliminated,5,0,4,3,6,30.0%,100,0.00,87.0%,30.0%,-,-,-,-,-,-,-,-,-
845,Eliminated,5,0,4,3,10,30.0%,100,0.00,93.0%,30.0%,-,-,-,-,-,-,-,-,-
846,Eliminated,5,0,6,1,4,30.0%,100,0.00,77.0%,30.0%,-,-,-,-,-,-,-,-,-
847,Eliminated,5,0,10,1,10,30.0%,100,0.00,89.0%,30.0%,-,-,-,-,-,-,-,-,-
848,Eliminated,5,5,2,2,10,30.0%,100,0.00,72.0%,30.0%,-,-,-,-,-,-,-,-,-
849,Eliminated,5,5,8,3,4,30.0%,100,0.00,76.0%,30.0%,-,-,-,-,-,-,-,-,-
850,Eliminated,5,10,2,1,10,30.0%,100,0.00,72.0%,30.0%,-,-,-,-,-,-,-,-,-
851,Eliminated,5,10,2,3,8,30.0%,100,0.00,71.0%,30.0%,-,-,-,-,-,-,-,-,-
852,Eliminated,5,10,4,3,4,30.0%,100,0.00,68.0%,30.0%,-,-,-,-,-,-,-,-,-
853,Eliminated,5,10,6,3,10,30.0%,100,0.00,83.0%,30.0%,-,-,-,-,-,-,-,-,-
854,Eliminated,5,10,8,3,4,30.0%,100,0.00,70.0%,30.0%,-,-,-,-,-,-,-,-,-
855,Eliminated,5,15,2,3,10,30.0%,100,0.00,74.0%,30.0%,-,-,-,-,-,-,-,-,-
856,Eliminated,5,15,4,3,10,30.0%,100,0.00,82.0%,30.0%,-,-,-,-,-,-,-,-,-
857,Eliminated,5,15,10,3,4,30.0%,100,0.00,70.0%,30.0%,-,-,-,-,-,-,-,-,-
858,Eliminated,5,20,4,2,8,30.0%,100,0.00,85.0%,30.0%,-,-,-,-,-,-,-,-,-
859,Eliminated,10,0,4,1,6,30.0%,100,0.00,89.0%,30.0%,-,-,-,-,-,-,-,-,-
860,Eliminated,10,0,4,2,8,30.0%,100,0.00,89.0%,30.0%,-,-,-,-,-,-,-,-,-
861,Eliminated,10,0,6,1,6,30.0%,100,0.00,86.0%,30.0%,-,-,-,-,-,-,-,-,-
862,Eliminated,10,0,6,2,6,30.0%,100,0.00,92.0%,30.0%,-,-,-,-,-,-,-,-,-
863,Eliminated,10,0,8,3,6,30.0%,100,0.00,90.0%,30.0%,-,-,-,-,-,-,-,-,-
864,Eliminated,10,0,10,2,10,30.0%,100,0.00,92.0%,30.0%,-,-,-,-,-,-,-,-,-
865,Eliminated,10,5,4,2,10,30.0%,100,0.00,82.0%,30.0%,-,-,-,-,-,-,-,-,-
866,Eliminated,10,10,6,2,6,30.0%,100,0.00,85.0%,30.0%,-,-,-,-,-,-,-,-,-
867,Eliminated,10,10,6,3,6,30.0%,100,0.00,83.0%,30.0%,-,-,-,-,-,-,-,-,-
868,Eliminated,10,20,6,3,10,30.0%,100,0.00,84.0%,30.0%,-,-,-,-,-,-,-,-,-
869,Eliminated,10,20,10,3,4,30.0%,100,0.00,70.0%,30.0%,-,-,-,-,-,-,-,-,-
870,Eliminated,15,0,10,3,10,30.0%,100,0.00,91.0%,30.0%,-,-,-,-,-,-,-,-,-
871,Eliminated,15,10,4,3,8,30.0%,100,0.00,79.0%,30.0%,-,-,-,-,-,-,-,-,-
872,Eliminated,15,10,10,3,4,30.0%,100,0.00,72.0%,30.0%,-,-,-,-,-,-,-,-,-
873,Eliminated,15,20,8,3,6,30.0%,100,0.00,85.0%,30.0%,-,-,-,-,-,-,-,-,-
874,Eliminated,15,20,10,2,6,30.0%,100,0.00,77.0%,30.0%,-,-,-,-,-,-,-,-,-
875,Eliminated,20,0,2,1,10,30.0%,100,0.00,89.0%,30.0%,-,-,-,-,-,-,-,-,-
876,Eliminated,20,0,2,2,8,30.0%,100,0.00,83.0%,30.0%,-,-,-,-,-,-,-,-,-
877,Eliminated,20,0,4,2,10,30.0%,100,0.00,91.0%,30.0%,-,-,-,-,-,-,-,-,-
878,Eliminated,20,0,6,1,10,30.0%,100,0.00,91.0%,30.0%,-,-,-,-,-,-,-,-,-
879,Eliminated,20,5,6,2,8,30.0%,100,0.00,85.0%,30.0%,-,-,-,-,-,-,-,-,-
880,Eliminated,20,10,6,2,6,30.0%,100,0.00,81.0%,30.0%,-,-,-,-,-,-,-,-,-
881,Eliminated,20,10,10,2,10,30.0%,100,0.00,91.0%,30.0%,-,-,-,-,-,-,-,-,-
882,Eliminated,20,15,4,3,10,30.0%,100,0.00,88.0%,30.0%,-,-,-,-,-,-,-,-,-
883,Eliminated,20,15,8,2,6,30.0%,100,0.00,82.0%,30.0%,-,-,-,-,-,-,-,-,-
884,Eliminated,20,20,6,3,4,30.0%,100,0.00,69.0%,30.0%,-,-,-,-,-,-,-,-,-
885,Eliminated,20,20,8,1,4,30.0%,100,0.00,77.0%,30.0%,-,-,-,-,-,-,-,-,-
886,Eliminated,0,5,4,1,10,29.7%,101,0.00,76.0%,29.7%,-,-,-,-,-,-,-,-,-
887,Eliminated,0,0,0,3,10,29.0%,100,0.00,71.0%,29.0%,-,-,-,-,-,-,-,-,-
888,Eliminated,0,0,4,2,10,29.0%,100,0.00,82.0%,29.0%,-,-,-,-,-,-,-,-,-
889,Eliminated,0,0,10,3,8,29.0%,100,0.00,87.0%,29.0%,-,-,-,-,-,-,-,-,-
890,Eliminated,0,5,4,3,8,29.0%,100,0.00,76.0%,29.0%,-,-,-,-,-,-,-,-,-
891,Eliminated,0,5,10,1,4,29.0%,100,0.00,79.0%,29.0%,-,-,-,-,-,-,-,-,-
892,Eliminated,0,5,10,1,6,29.0%,100,0.00,71.0%,29.0%,-,-,-,-,-,-,-,-,-
893,Eliminated,0,10,4,1,6,29.0%,100,0.00,82.0%,29.0%,-,-,-,-,-,-,-,-,-
894,Eliminated,0,10,8,2,10,29.0%,100,0.00,89.0%,29.0%,-,-,-,-,-,-,-,-,-
895,Eliminated,5,0,2,2,10,29.0%,100,0.00,79.0%,29.0%,-,-,-,-,-,-,-,-,-
896,Eliminated,5,5,4,2,8,29.0%,100,0.00,79.0%,29.0%,-,-,-,-,-,-,-,-,-
897,Eliminated,5,5,4,3,6,29.0%,100,0.00,74.0%,29.0%,-,-,-,-,-,-,-,-,-
898,Eliminated,5,10,2,2,8,29.0%,100,0.00,74.0%,29.0%,-,-,-,-,-,-,-,-,-
899,Eliminated,5,10,4,2,4,29.0%,100,0.00,75.0%,29.0%,-,-,-,-,-,-,-,-,-
900,Eliminated,5,10,6,2,4,29.0%,100,0.00,73.0%,29.0%,-,-,-,-,-,-,-,-,-
901,Eliminated,5,10,10,3,8,29.0%,100,0.00,82.0%,29.0%,-,-,-,-,-,-,-,-,-
902,Eliminated,5,15,2,2,10,29.0%,100,0.00,77.0%,29.0%,-,-,-,-,-,-,-,-,-
903,Eliminated,5,15,4,2,8,29.0%,100,0.00,79.0%,29.0%,-,-,-,-,-,-,-,-,-
904,Eliminated,5,15,10,2,8,29.0%,100,0.00,85.0%,29.0%,-,-,-,-,-,-,-,-,-
905,Eliminated,10,0,2,1,8,29.0%,100,0.00,87.0%,29.0%,-,-,-,-,-,-,-,-,-
906,Eliminated,10,0,4,1,8,29.0%,100,0.00,90.0%,29.0%,-,-,-,-,-,-,-,-,-
907,Eliminated,10,5,4,2,6,29.0%,100,0.00,77.0%,29.0%,-,-,-,-,-,-,-,-,-
908,Eliminated,10,5,10,2,4,29.0%,100,0.00,77.0%,29.0%,-,-,-,-,-,-,-,-,-
909,Eliminated,10,10,2,1,10,29.0%,100,0.00,76.0%,29.0%,-,-,-,-,-,-,-,-,-
910,Eliminated,10,10,4,2,8,29.0%,100,0.00,84.0%,29.0%,-,-,-,-,-,-,-,-,-
911,Eliminated,10,15,6,2,6,29.0%,100,0.00,85.0%,29.0%,-,-,-,-,-,-,-,-,-
912,Eliminated,10,15,8,2,6,29.0%,100,0.00,80.0%,29.0%,-,-,-,-,-,-,-,-,-
913,Eliminated,10,15,8,3,4,29.0%,100,0.00,72.0%,29.0%,-,-,-,-,-,-,-,-,-
914,Eliminated,10,20,4,2,8,29.0%,100,0.00,75.0%,29.0%,-,-,-,-,-,-,-,-,-
915,Eliminated,10,20,4,3,8,29.0%,100,0.00,78.0%,29.0%,-,-,-,-,-,-,-,-,-
916,Eliminated,10,20,6,3,4,29.0%,100,0.00,75.0%,29.0%,-,-,-,-,-,-,-,-,-
917,Eliminated,15,0,10,2,6,29.0%,100,0.00,89.0%,29.0%,-,-,-,-,-,-,-,-,-
918,Eliminated,15,5,4,3,10,29.0%,100,0.00,87.0%,29.0%,-,-,-,-,-,-,-,-,-
919,Eliminated,15,5,6,2,4,29.0%,100,0.00,70.0%,29.0%,-,-,-,-,-,-,-,-,-
920,Eliminated,15,10,4,2,10,29.0%,100,0.00,83.0%,29.0%,-,-,-,-,-,-,-,-,-
921,Eliminated,15,10,4,3,10,29.0%,100,0.00,83.0%,29.0%,-,-,-,-,-,-,-,-,-
922,Eliminated,15,15,8,3,6,29.0%,100,0.00,89.0%,29.0%,-,-,-,-,-,-,-,-,-
923,Eliminated,20,0,4,2,4,29.0%,100,0.00,82.0%,29.0%,-,-,-,-,-,-,-,-,-
924,Eliminated,20,5,8,3,4,29.0%,100,0.00,77.0%,29.0%,-,-,-,-,-,-,-,-,-
925,Eliminated,20,10,2,1,10,29.0%,100,0.00,80.0%,29.0%,-,-,-,-,-,-,-,-,-
926,Eliminated,20,10,8,3,6,29.0%,100,0.00,83.0%,29.0%,-,-,-,-,-,-,-,-,-
927,Eliminated,20,10,10,3,6,29.0%,100,0.00,80.0%,29.0%,-,-,-,-,-,-,-,-,-
928,Eliminated,20,20,6,3,6,29.0%,100,0.00,76.0%,29.0%,-,-,-,-,-,-,-,-,-
929,Eliminated,0,0,2,1,10,28.0%,100,0.00,73.0%,28.0%,-,-,-,-,-,-,-,-,-
930,Eliminated,0,0,2,3,8,28.0%,100,0.00,75.0%,28.0%,-,-,-,-,-,-,-,-,-
931,Eliminated,0,0,10,1,8,28.0%,100,0.00,80.0%,28.0%,-,-,-,-,-,-,-,-,-
932,Eliminated,0,0,10,3,10,28.0%,100,0.00,91.0%,28.0%,-,-,-,-,-,-,-,-,-
933,Eliminated,0,5,2,1,6,28.0%,100,0.00,70.0%,28.0%,-,-,-,-,-,-,-,-,-
934,Eliminated,0,5,8,3,8,28.0%,100,0.00,88.0%,28.0%,-,-,-,-,-,-,-,-,-
935,Eliminated,0,5,10,2,4,28.0%,100,0.00,71.0%,28.0%,-,-,-,-,-,-,-,-,-
936,Eliminated,0,10,2,1,6,28.0%,100,0.00,67.0%,28.0%,-,-,-,-,-,-,-,-,-
937,Eliminated,0,10,4,3,10,28.0%,100,0.00,80.0%,28.0%,-,-,-,-,-,-,-,-,-
938,Eliminated,0,10,10,1,8,28.0%,100,0.00,75.0%,28.0%,-,-,-,-,-,-,-,-,-
939,Eliminated,0,10,10,2,8,28.0%,100,0.00,74.0%,28.0%,-,-,-,-,-,-,-,-,-
940,Eliminated,0,15,2,3,10,28.0%,100,0.00,72.0%,28.0%,-,-,-,-,-,-,-,-,-
941,Eliminated,0,15,4,1,6,28.0%,100,0.00,67.0%,28.0%,-,-,-,-,-,-,-,-,-
942,Eliminated,0,15,4,2,10,28.0%,100,0.00,81.0%,28.0%,-,-,-,-,-,-,-,-,-
943,Eliminated,0,15,10,1,8,28.0%,100,0.00,77.0%,28.0%,-,-,-,-,-,-,-,-,-
944,Eliminated,0,15,10,1,10,28.0%,100,0.00,81.0%,28.0%,-,-,-,-,-,-,-,-,-
945,Eliminated,5,5,4,2,10,28.0%,100,0.00,85.0%,28.0%,-,-,-,-,-,-,-,-,-
946,Eliminated,5,10,4,3,8,28.0%,100,0.00,76.0%,28.0%,-,-,-,-,-,-,-,-,-
947,Eliminated,5,10,6,1,4,28.0%,100,0.00,76.0%,28.0%,-,-,-,-,-,-,-,-,-
948,Eliminated,5,10,10,1,10,28.0%,100,0.00,73.0%,28.0%,-,-,-,-,-,-,-,-,-
949,Eliminated,5,15,4,3,8,28.0%,100,0.00,75.0%,28.0%,-,-,-,-,-,-,-,-,-
950,Eliminated,5,15,10,1,10,28.0%,100,0.00,73.0%,28.0%,-,-,-,-,-,-,-,-,-
951,Eliminated,5,20,2,3,8,28.0%,100,0.00,69.0%,28.0%,-,-,-,-,-,-,-,-,-
952,Eliminated,10,0,2,3,10,28.0%,100,0.00,80.0%,28.0%,-,-,-,-,-,-,-,-,-
953,Eliminated,10,0,4,3,6,28.0%,100,0.00,80.0%,28.0%,-,-,-,-,-,-,-,-,-
954,Eliminated,10,5,2,1,8,28.0%,100,0.00,78.0%,28.0%,-,-,-,-,-,-,-,-,-
955,Eliminated,10,10,4,3,6,28.0%,100,0.00,75.0%,28.0%,-,-,-,-,-,-,-,-,-
956,Eliminated,10,10,10,3,6,28.0%,100,0.00,84.0%,28.0%,-,-,-,-,-,-,-,-,-
957,Eliminated,15,0,4,1,6,28.0%,100,0.00,90.0%,28.0%,-,-,-,-,-,-,-,-,-
958,Eliminated,15,5,6,3,6,28.0%,100,0.00,77.0%,28.0%,-,-,-,-,-,-,-,-,-
959,Eliminated,15,10,2,2,8,28.0%,100,0.00,76.0%,28.0%,-,-,-,-,-,-,-,-,-
960,Eliminated,15,10,4,2,8,28.0%,100,0.00,82.0%,28.0%,-,-,-,-,-,-,-,-,-
961,Eliminated,15,10,6,2,4,28.0%,100,0.00,72.0%,28.0%,-,-,-,-,-,-,-,-,-
962,Eliminated,15,15,4,1,8,28.0%,100,0.00,80.0%,28.0%,-,-,-,-,-,-,-,-,-
963,Eliminated,15,15,6,3,6,28.0%,100,0.00,78.0%,28.0%,-,-,-,-,-,-,-,-,-
964,Eliminated,15,15,8,2,10,28.0%,100,0.00,86.0%,28.0%,-,-,-,-,-,-,-,-,-
965,Eliminated,15,20,6,3,10,28.0%,100,0.00,88.0%,28.0%,-,-,-,-,-,-,-,-,-
966,Eliminated,20,0,4,2,6,28.0%,100,0.00,85.0%,28.0%,-,-,-,-,-,-,-,-,-
967,Eliminated,20,0,10,2,4,28.0%,100,0.00,71.0%,28.0%,-,-,-,-,-,-,-,-,-
968,Eliminated,20,0,10,2,6,28.0%,100,0.00,92.0%,28.0%,-,-,-,-,-,-,-,-,-
969,Eliminated,20,10,8,2,6,28.0%,100,0.00,89.0%,28.0%,-,-,-,-,-,-,-,-,-
970,Eliminated,20,15,4,3,6,28.0%,100,0.00,78.0%,28.0%,-,-,-,-,-,-,-,-,-
971,Eliminated,20,15,10,3,6,28.0%,100,0.00,75.0%,28.0%,-,-,-,-,-,-,-,-,-
972,Eliminated,20,20,10,3,8,28.0%,100,0.00,89.0%,28.0%,-,-,-,-,-,-,-,-,-
973,Eliminated,10,5,4,2,4,27.7%,101,0.00,81.0%,27.7%,-,-,-,-,-,-,-,-,-
974,Eliminated,0,0,4,3,8,27.0%,100,0.00,88.0%,27.0%,-,-,-,-,-,-,-,-,-
975,Eliminated,0,0,6,2,8,27.0%,100,0.00,92.0%,27.0%,-,-,-,-,-,-,-,-,-
976,Eliminated,0,5,4,3,10,27.0%,100,0.00,78.0%,27.0%,-,-,-,-,-,-,-,-,-
977,Eliminated,0,5,10,1,8,27.0%,100,0.00,81.0%,27.0%,-,-,-,-,-,-,-,-,-
978,Eliminated,0,5,10,1,10,27.0%,100,0.00,84.0%,27.0%,-,-,-,-,-,-,-,-,-
979,Eliminated,0,10,2,1,4,27.0%,100,0.00,67.0%,27.0%,-,-,-,-,-,-,-,-,-
980,Eliminated,0,15,2,1,8,27.0%,100,0.00,69.0%,27.0%,-,-,-,-,-,-,-,-,-
981,Eliminated,0,15,6,1,10,27.0%,100,0.00,78.0%,27.0%,-,-,-,-,-,-,-,-,-
982,Eliminated,0,20,2,1,10,27.0%,100,0.00,68.0%,27.0%,-,-,-,-,-,-,-,-,-
983,Eliminated,0,20,10,1,4,27.0%,100,0.00,75.0%,27.0%,-,-,-,-,-,-,-,-,-
984,Eliminated,5,0,2,2,8,27.0%,100,0.00,83.0%,27.0%,-,-,-,-,-,-,-,-,-
985,Eliminated,5,0,4,3,8,27.0%,100,0.00,94.0%,27.0%,-,-,-,-,-,-,-,-,-
986,Eliminated,5,0,8,2,4,27.0%,100,0.00,81.0%,27.0%,-,-,-,-,-,-,-,-,-
987,Eliminated,5,0,8,3,6,27.0%,100,0.00,85.0%,27.0%,-,-,-,-,-,-,-,-,-
988,Eliminated,5,0,10,2,4,27.0%,100,0.00,76.0%,27.0%,-,-,-,-,-,-,-,-,-
989,Eliminated,5,5,2,1,8,27.0%,100,0.00,81.0%,27.0%,-,-,-,-,-,-,-,-,-
990,Eliminated,5,5,4,3,8,27.0%,100,0.00,77.0%,27.0%,-,-,-,-,-,-,-,-,-
991,Eliminated,5,5,10,2,6,27.0%,100,0.00,81.0%,27.0%,-,-,-,-,-,-,-,-,-
992,Eliminated,5,10,2,3,10,27.0%,100,0.00,73.0%,27.0%,-,-,-,-,-,-,-,-,-
993,Eliminated,5,10,6,3,4,27.0%,100,0.00,68.0%,27.0%,-,-,-,-,-,-,-,-,-
994,Eliminated,5,15,8,2,4,27.0%,100,0.00,71.0%,27.0%,-,-,-,-,-,-,-,-,-
995,Eliminated,10,0,4,1,4,27.0%,100,0.00,87.0%,27.0%,-,-,-,-,-,-,-,-,-
996,Eliminated,10,0,6,1,4,27.0%,100,0.00,80.0%,27.0%,-,-,-,-,-,-,-,-,-
997,Eliminated,10,0,8,2,4,27.0%,100,0.00,80.0%,27.0%,-,-,-,-,-,-,-,-,-
998,Eliminated,10,0,10,1,4,27.0%,100,0.00,79.0%,27.0%,-,-,-,-,-,-,-,-,-
999,Eliminated,10,5,8,3,10,27.0%,100,0.00,90.0%,27.0%,-,-,-,-,-,-,-,-,-
1000,Eliminated,10,10,4,3,4,27.0%,100,0.00,71.0%,27.0%,-,-,-,-,-,-,-,-,-
1001,Eliminated,10,15,4,2,6,27.0%,100,0.00,75.0%,27.0%,-,-,-,-,-,-,-,-,-
1002,Eliminated,10,15,4,2,8,27.0%,100,0.00,75.0%,27.0%,-,-,-,-,-,-,-,-,-
1003,Eliminated,10,15,4,3,4,27.0%,100,0.00,75.0%,27.0%,-,-,-,-,-,-,-,-,-
1004,Eliminated,10,15,10,2,4,27.0%,100,0.00,69.0%,27.0%,-,-,-,-,-,-,-,-,-
1005,Eliminated,10,20,4,3,6,27.0%,100,0.00,69.0%,27.0%,-,-,-,-,-,-,-,-,-
1006,Eliminated,10,20,4,3,10,27.0%,100,0.00,76.0%,27.0%,-,-,-,-,-,-,-,-,-
1007,Eliminated,15,0,4,3,8,27.0%,100,0.00,91.0%,27.0%,-,-,-,-,-,-,-,-,-
1008,Eliminated,15,0,10,3,6,27.0%,100,0.00,86.0%,27.0%,-,-,-,-,-,-,-,-,-
1009,Eliminated,15,5,2,3,10,27.0%,100,0.00,72.0%,27.0%,-,-,-,-,-,-,-,-,-
1010,Eliminated,15,10,2,1,10,27.0%,100,0.00,71.0%,27.0%,-,-,-,-,-,-,-,-,-
1011,Eliminated,15,10,8,3,6,27.0%,100,0.00,85.0%,27.0%,-,-,-,-,-,-,-,-,-
1012,Eliminated,15,15,4,3,6,27.0%,100,0.00,73.0%,27.0%,-,-,-,-,-,-,-,-,-
1013,Eliminated,15,20,4,2,6,27.0%,100,0.00,76.0%,27.0%,-,-,-,-,-,-,-,-,-
1014,Eliminated,15,20,8,2,4,27.0%,100,0.00,69.0%,27.0%,-,-,-,-,-,-,-,-,-
1015,Eliminated,20,0,4,1,10,27.0%,100,0.00,89.0%,27.0%,-,-,-,-,-,-,-,-,-
1016,Eliminated,20,5,4,2,8,27.0%,100,0.00,91.0%,27.0%,-,-,-,-,-,-,-,-,-
1017,Eliminated,20,5,4,3,6,27.0%,100,0.00,76.0%,27.0%,-,-,-,-,-,-,-,-,-
1018,Eliminated,20,10,8,3,4,27.0%,100,0.00,74.0%,27.0%,-,-,-,-,-,-,-,-,-
1019,Eliminated,20,20,6,3,10,27.0%,100,0.00,79.0%,27.0%,-,-,-,-,-,-,-,-,-
1020,Eliminated,20,20,8,3,4,27.0%,100,0.00,73.0%,27.0%,-,-,-,-,-,-,-,-,-
1021,Eliminated,20,20,10,3,4,27.0%,100,0.00,71.0%,27.0%,-,-,-,-,-,-,-,-,-
1022,Eliminated,0,5,2,2,6,26.7%,101,0.00,67.0%,26.7%,-,-,-,-,-,-,-,-,-
1023,Eliminated,0,10,6,1,10,26.7%,101,0.00,78.0%,26.7%,-,-,-,-,-,-,-,-,-
1024,Eliminated,10,0,10,1,6,26.7%,101,0.00,93.0%,26.7%,-,-,-,-,-,-,-,-,-
1025,Eliminated,0,0,0,1,10,26.0%,100,0.00,68.0%,26.0%,-,-,-,-,-,-,-,-,-
1026,Eliminated,0,0,4,3,6,26.0%,100,0.00,77.0%,26.0%,-,-,-,-,-,-,-,-,-
1027,Eliminated,0,5,2,1,8,26.0%,100,0.00,72.0%,26.0%,-,-,-,-,-,-,-,-,-
1028,Eliminated,0,5,2,2,10,26.0%,100,0.00,79.0%,26.0%,-,-,-,-,-,-,-,-,-
1029,Eliminated,0,5,8,2,10,26.0%,100,0.00,84.0%,26.0%,-,-,-,-,-,-,-,-,-
1030,Eliminated,0,10,10,1,6,26.0%,100,0.00,81.0%,26.0%,-,-,-,-,-,-,-,-,-
1031,Eliminated,0,15,4,1,10,26.0%,100,0.00,76.0%,26.0%,-,-,-,-,-,-,-,-,-
1032,Eliminated,0,15,8,1,6,26.0%,100,0.00,82.0%,26.0%,-,-,-,-,-,-,-,-,-
1033,Eliminated,5,0,2,1,8,26.0%,100,0.00,78.0%,26.0%,-,-,-,-,-,-,-,-,-
1034,Eliminated,5,0,2,1,10,26.0%,100,0.00,84.0%,26.0%,-,-,-,-,-,-,-,-,-
1035,Eliminated,5,5,2,1,10,26.0%,100,0.00,73.0%,26.0%,-,-,-,-,-,-,-,-,-
1036,Eliminated,5,15,2,1,10,26.0%,100,0.00,80.0%,26.0%,-,-,-,-,-,-,-,-,-
1037,Eliminated,5,15,4,3,6,26.0%,100,0.00,74.0%,26.0%,-,-,-,-,-,-,-,-,-
1038,Eliminated,5,20,4,1,8,26.0%,100,0.00,83.0%,26.0%,-,-,-,-,-,-,-,-,-
1039,Eliminated,5,20,8,2,4,26.0%,100,0.00,68.0%,26.0%,-,-,-,-,-,-,-,-,-
1040,Eliminated,5,20,8,3,4,26.0%,100,0.00,68.0%,26.0%,-,-,-,-,-,-,-,-,-
1041,Eliminated,10,0,0,3,10,26.0%,100,0.00,78.0%,26.0%,-,-,-,-,-,-,-,-,-
1042,Eliminated,10,0,8,2,6,26.0%,100,0.00,95.0%,26.0%,-,-,-,-,-,-,-,-,-
1043,Eliminated,10,5,4,1,4,26.0%,100,0.00,79.0%,26.0%,-,-,-,-,-,-,-,-,-
1044,Eliminated,10,5,8,2,6,26.0%,100,0.00,87.0%,26.0%,-,-,-,-,-,-,-,-,-
1045,Eliminated,10,15,2,2,10,26.0%,100,0.00,75.0%,26.0%,-,-,-,-,-,-,-,-,-
1046,Eliminated,10,15,4,3,8,26.0%,100,0.00,77.0%,26.0%,-,-,-,-,-,-,-,-,-
1047,Eliminated,10,20,2,3,10,26.0%,100,0.00,78.0%,26.0%,-,-,-,-,-,-,-,-,-
1048,Eliminated,15,0,4,2,10,26.0%,100,0.00,85.0%,26.0%,-,-,-,-,-,-,-,-,-
1049,Eliminated,15,0,6,2,4,26.0%,100,0.00,83.0%,26.0%,-,-,-,-,-,-,-,-,-
1050,Eliminated,15,5,2,2,8,26.0%,100,0.00,71.0%,26.0%,-,-,-,-,-,-,-,-,-
1051,Eliminated,15,5,4,2,4,26.0%,100,0.00,72.0%,26.0%,-,-,-,-,-,-,-,-,-
1052,Eliminated,15,10,2,3,10,26.0%,100,0.00,74.0%,26.0%,-,-,-,-,-,-,-,-,-
1053,Eliminated,15,15,2,3,8,26.0%,100,0.00,70.0%,26.0%,-,-,-,-,-,-,-,-,-
1054,Eliminated,15,20,2,3,10,26.0%,100,0.00,78.0%,26.0%,-,-,-,-,-,-,-,-,-
1055,Eliminated,15,20,4,3,8,26.0%,100,0.00,76.0%,26.0%,-,-,-,-,-,-,-,-,-
1056,Eliminated,15,20,6,3,6,26.0%,100,0.00,82.0%,26.0%,-,-,-,-,-,-,-,-,-
1057,Eliminated,15,20,10,2,4,26.0%,100,0.00,71.0%,26.0%,-,-,-,-,-,-,-,-,-
1058,Eliminated,20,0,0,3,10,26.0%,100,0.00,77.0%,26.0%,-,-,-,-,-,-,-,-,-
1059,Eliminated,20,10,2,1,8,26.0%,100,0.00,74.0%,26.0%,-,-,-,-,-,-,-,-,-
1060,Eliminated,20,10,2,2,8,26.0%,100,0.00,75.0%,26.0%,-,-,-,-,-,-,-,-,-
1061,Eliminated,20,10,4,3,8,26.0%,100,0.00,84.0%,26.0%,-,-,-,-,-,-,-,-,-
1062,Eliminated,20,15,2,3,8,26.0%,100,0.00,70.0%,26.0%,-,-,-,-,-,-,-,-,-
1063,Eliminated,20,20,4,1,4,26.0%,100,0.00,71.0%,26.0%,-,-,-,-,-,-,-,-,-
1064,Eliminated,20,20,4,2,8,26.0%,100,0.00,79.0%,26.0%,-,-,-,-,-,-,-,-,-
1065,Eliminated,10,5,0,3,10,25.7%,101,0.00,75.0%,25.7%,-,-,-,-,-,-,-,-,-
1066,Eliminated,10,20,4,2,6,25.7%,101,0.00,78.0%,25.7%,-,-,-,-,-,-,-,-,-
1067,Eliminated,0,0,4,3,4,25.0%,100,0.00,75.0%,25.0%,-,-,-,-,-,-,-,-,-
1068,Eliminated,0,5,10,1,2,25.0%,100,0.00,71.0%,25.0%,-,-,-,-,-,-,-,-,-
1069,Eliminated,0,5,10,2,8,25.0%,100,0.00,80.0%,25.0%,-,-,-,-,-,-,-,-,-
1070,Eliminated,0,5,10,2,10,25.0%,100,0.00,83.0%,25.0%,-,-,-,-,-,-,-,-,-
1071,Eliminated,0,10,4,1,10,25.0%,100,0.00,75.0%,25.0%,-,-,-,-,-,-,-,-,-
1072,Eliminated,0,15,4,1,4,25.0%,100,0.00,76.0%,25.0%,-,-,-,-,-,-,-,-,-
1073,Eliminated,0,20,4,1,10,25.0%,100,0.00,76.0%,25.0%,-,-,-,-,-,-,-,-,-
1074,Eliminated,5,0,6,3,6,25.0%,100,0.00,90.0%,25.0%,-,-,-,-,-,-,-,-,-
1075,Eliminated,5,5,0,3,10,25.0%,100,0.00,78.0%,25.0%,-,-,-,-,-,-,-,-,-
1076,Eliminated,5,5,4,2,6,25.0%,100,0.00,77.0%,25.0%,-,-,-,-,-,-,-,-,-
1077,Eliminated,5,10,2,1,8,25.0%,100,0.00,69.0%,25.0%,-,-,-,-,-,-,-,-,-
1078,Eliminated,10,0,10,3,4,25.0%,100,0.00,80.0%,25.0%,-,-,-,-,-,-,-,-,-
1079,Eliminated,10,0,10,3,6,25.0%,100,0.00,91.0%,25.0%,-,-,-,-,-,-,-,-,-
1080,Eliminated,10,5,0,1,10,25.0%,100,0.00,72.0%,25.0%,-,-,-,-,-,-,-,-,-
1081,Eliminated,10,5,2,2,10,25.0%,100,0.00,75.0%,25.0%,-,-,-,-,-,-,-,-,-
1082,Eliminated,10,15,4,3,10,25.0%,100,0.00,80.0%,25.0%,-,-,-,-,-,-,-,-,-
1083,Eliminated,10,15,10,2,6,25.0%,100,0.00,84.0%,25.0%,-,-,-,-,-,-,-,-,-
1084,Eliminated,15,0,2,3,8,25.0%,100,0.00,75.0%,25.0%,-,-,-,-,-,-,-,-,-
1085,Eliminated,15,5,0,2,10,25.0%,100,0.00,68.0%,25.0%,-,-,-,-,-,-,-,-,-
1086,Eliminated,15,5,2,1,10,25.0%,100,0.00,78.0%,25.0%,-,-,-,-,-,-,-,-,-
1087,Eliminated,15,5,8,3,4,25.0%,100,0.00,80.0%,25.0%,-,-,-,-,-,-,-,-,-
1088,Eliminated,15,15,0,2,10,25.0%,100,0.00,70.0%,25.0%,-,-,-,-,-,-,-,-,-
1089,Eliminated,15,20,2,2,8,25.0%,100,0.00,72.0%,25.0%,-,-,-,-,-,-,-,-,-
1090,Eliminated,20,0,10,3,6,25.0%,100,0.00,89.0%,25.0%,-,-,-,-,-,-,-,-,-
1091,Eliminated,20,5,0,2,10,25.0%,100,0.00,74.0%,25.0%,-,-,-,-,-,-,-,-,-
1092,Eliminated,20,5,10,3,6,25.0%,100,0.00,82.0%,25.0%,-,-,-,-,-,-,-,-,-
1093,Eliminated,20,10,0,2,10,25.0%,100,0.00,72.0%,25.0%,-,-,-,-,-,-,-,-,-
1094,Eliminated,20,20,4,3,10,25.0%,100,0.00,85.0%,25.0%,-,-,-,-,-,-,-,-,-
1095,Eliminated,0,5,2,3,10,24.8%,101,0.00,72.0%,24.8%,-,-,-,-,-,-,-,-,-
1096,Eliminated,15,0,0,1,10,24.8%,101,0.00,74.0%,24.8%,-,-,-,-,-,-,-,-,-
1097,Eliminated,0,0,2,1,8,24.0%,100,0.00,76.0%,24.0%,-,-,-,-,-,-,-,-,-
1098,Eliminated,0,0,2,2,8,24.0%,100,0.00,72.0%,24.0%,-,-,-,-,-,-,-,-,-
1099,Eliminated,0,10,10,2,10,24.0%,100,0.00,84.0%,24.0%,-,-,-,-,-,-,-,-,-
1100,Eliminated,0,15,6,1,4,24.0%,100,0.00,71.0%,24.0%,-,-,-,-,-,-,-,-,-
1101,Eliminated,0,15,10,1,4,24.0%,100,0.00,76.0%,24.0%,-,-,-,-,-,-,-,-,-
1102,Eliminated,0,15,10,1,6,24.0%,100,0.00,79.0%,24.0%,-,-,-,-,-,-,-,-,-
1103,Eliminated,5,0,2,2,6,24.0%,100,0.00,75.0%,24.0%,-,-,-,-,-,-,-,-,-
1104,Eliminated,5,0,10,3,6,24.0%,100,0.00,92.0%,24.0%,-,-,-,-,-,-,-,-,-
1105,Eliminated,5,5,6,2,4,24.0%,100,0.00,75.0%,24.0%,-,-,-,-,-,-,-,-,-
1106,Eliminated,5,10,10,2,4,24.0%,100,0.00,69.0%,24.0%,-,-,-,-,-,-,-,-,-
1107,Eliminated,5,20,4,3,4,24.0%,100,0.00,69.0%,24.0%,-,-,-,-,-,-,-,-,-
1108,Eliminated,10,0,4,3,8,24.0%,100,0.00,92.0%,24.0%,-,-,-,-,-,-,-,-,-
1109,Eliminated,10,0,6,3,4,24.0%,100,0.00,80.0%,24.0%,-,-,-,-,-,-,-,-,-
1110,Eliminated,10,0,8,1,4,24.0%,100,0.00,75.0%,24.0%,-,-,-,-,-,-,-,-,-
1111,Eliminated,10,5,2,1,6,24.0%,100,0.00,69.0%,24.0%,-,-,-,-,-,-,-,-,-
1112,Eliminated,10,5,2,3,10,24.0%,100,0.00,76.0%,24.0%,-,-,-,-,-,-,-,-,-
1113,Eliminated,10,5,4,3,4,24.0%,100,0.00,76.0%,24.0%,-,-,-,-,-,-,-,-,-
1114,Eliminated,10,5,4,3,8,24.0%,100,0.00,87.0%,24.0%,-,-,-,-,-,-,-,-,-
1115,Eliminated,10,15,0,2,10,24.0%,100,0.00,68.0%,24.0%,-,-,-,-,-,-,-,-,-
1116,Eliminated,10,15,4,2,4,24.0%,100,0.00,68.0%,24.0%,-,-,-,-,-,-,-,-,-
1117,Eliminated,15,0,0,2,10,24.0%,100,0.00,87.0%,24.0%,-,-,-,-,-,-,-,-,-
1118,Eliminated,15,0,0,3,10,24.0%,100,0.00,80.0%,24.0%,-,-,-,-,-,-,-,-,-
1119,Eliminated,15,0,4,2,6,24.0%,100,0.00,87.0%,24.0%,-,-,-,-,-,-,-,-,-
1120,Eliminated,15,0,4,3,10,24.0%,100,0.00,87.0%,24.0%,-,-,-,-,-,-,-,-,-
1121,Eliminated,15,0,6,1,6,24.0%,100,0.00,88.0%,24.0%,-,-,-,-,-,-,-,-,-
1122,Eliminated,15,5,4,3,6,24.0%,100,0.00,78.0%,24.0%,-,-,-,-,-,-,-,-,-
1123,Eliminated,15,5,8,2,4,24.0%,100,0.00,75.0%,24.0%,-,-,-,-,-,-,-,-,-
1124,Eliminated,15,15,4,2,6,24.0%,100,0.00,68.0%,24.0%,-,-,-,-,-,-,-,-,-
1125,Eliminated,20,0,0,2,8,24.0%,100,0.00,69.0%,24.0%,-,-,-,-,-,-,-,-,-
1126,Eliminated,20,0,0,2,10,24.0%,100,0.00,83.0%,24.0%,-,-,-,-,-,-,-,-,-
1127,Eliminated,20,0,4,3,8,24.0%,100,0.00,86.0%,24.0%,-,-,-,-,-,-,-,-,-
1128,Eliminated,20,0,4,3,10,24.0%,100,0.00,84.0%,24.0%,-,-,-,-,-,-,-,-,-
1129,Eliminated,20,5,2,2,8,24.0%,100,0.00,75.0%,24.0%,-,-,-,-,-,-,-,-,-
1130,Eliminated,20,5,6,3,4,24.0%,100,0.00,74.0%,24.0%,-,-,-,-,-,-,-,-,-
1131,Eliminated,20,15,2,3,10,24.0%,100,0.00,77.0%,24.0%,-,-,-,-,-,-,-,-,-
1132,Eliminated,20,15,8,3,6,24.0%,100,0.00,80.0%,24.0%,-,-,-,-,-,-,-,-,-
1133,Eliminated,20,20,2,2,10,24.0%,100,0.00,74.0%,24.0%,-,-,-,-,-,-,-,-,-
1134,Eliminated,20,20,2,3,10,24.0%,100,0.00,73.0%,24.0%,-,-,-,-,-,-,-,-,-
1135,Eliminated,20,20,4,1,2,24.0%,100,0.00,68.0%,24.0%,-,-,-,-,-,-,-,-,-
1136,Eliminated,5,5,2,2,8,23.8%,101,0.00,72.0%,23.8%,-,-,-,-,-,-,-,-,-
1137,Eliminated,0,0,2,1,6,23.0%,100,0.00,68.0%,23.0%,-,-,-,-,-,-,-,-,-
1138,Eliminated,0,5,2,3,8,23.0%,100,0.00,69.0%,23.0%,-,-,-,-,-,-,-,-,-
1139,Eliminated,0,10,2,3,10,23.0%,100,0.00,72.0%,23.0%,-,-,-,-,-,-,-,-,-
1140,Eliminated,0,15,0,2,10,23.0%,100,0.00,70.0%,23.0%,-,-,-,-,-,-,-,-,-
1141,Eliminated,0,15,2,1,10,23.0%,100,0.00,71.0%,23.0%,-,-,-,-,-,-,-,-,-
1142,Eliminated,5,0,2,3,10,23.0%,100,0.00,81.0%,23.0%,-,-,-,-,-,-,-,-,-
1143,Eliminated,5,0,4,1,2,23.0%,100,0.00,68.0%,23.0%,-,-,-,-,-,-,-,-,-
1144,Eliminated,5,5,0,2,8,23.0%,100,0.00,70.0%,23.0%,-,-,-,-,-,-,-,-,-
1145,Eliminated,5,5,10,3,4,23.0%,100,0.00,75.0%,23.0%,-,-,-,-,-,-,-,-,-
1146,Eliminated,5,10,10,1,2,23.0%,100,0.00,70.0%,23.0%,-,-,-,-,-,-,-,-,-
1147,Eliminated,5,20,2,1,8,23.0%,100,0.00,74.0%,23.0%,-,-,-,-,-,-,-,-,-
1148,Eliminated,5,20,4,3,8,23.0%,100,0.00,83.0%,23.0%,-,-,-,-,-,-,-,-,-
1149,Eliminated,5,20,6,3,8,23.0%,100,0.00,82.0%,23.0%,-,-,-,-,-,-,-,-,-
1150,Eliminated,10,0,0,2,10,23.0%,100,0.00,84.0%,23.0%,-,-,-,-,-,-,-,-,-
1151,Eliminated,10,0,4,2,6,23.0%,100,0.00,85.0%,23.0%,-,-,-,-,-,-,-,-,-
1152,Eliminated,10,0,4,2,10,23.0%,100,0.00,90.0%,23.0%,-,-,-,-,-,-,-,-,-
1153,Eliminated,10,0,10,2,4,23.0%,100,0.00,88.0%,23.0%,-,-,-,-,-,-,-,-,-
1154,Eliminated,10,5,8,2,4,23.0%,100,0.00,70.0%,23.0%,-,-,-,-,-,-,-,-,-
1155,Eliminated,10,5,10,3,4,23.0%,100,0.00,71.0%,23.0%,-,-,-,-,-,-,-,-,-
1156,Eliminated,10,10,2,2,10,23.0%,100,0.00,76.0%,23.0%,-,-,-,-,-,-,-,-,-
1157,Eliminated,10,10,4,3,10,23.0%,100,0.00,84.0%,23.0%,-,-,-,-,-,-,-,-,-
1158,Eliminated,10,10,8,3,4,23.0%,100,0.00,70.0%,23.0%,-,-,-,-,-,-,-,-,-
1159,Eliminated,10,15,4,3,6,23.0%,100,0.00,72.0%,23.0%,-,-,-,-,-,-,-,-,-
1160,Eliminated,10,20,0,3,10,23.0%,100,0.00,68.0%,23.0%,-,-,-,-,-,-,-,-,-
1161,Eliminated,15,0,2,2,8,23.0%,100,0.00,77.0%,23.0%,-,-,-,-,-,-,-,-,-
1162,Eliminated,15,0,6,3,4,23.0%,100,0.00,77.0%,23.0%,-,-,-,-,-,-,-,-,-
1163,Eliminated,15,10,0,3,10,23.0%,100,0.00,68.0%,23.0%,-,-,-,-,-,-,-,-,-
1164,Eliminated,15,15,10,3,4,23.0%,100,0.00,70.0%,23.0%,-,-,-,-,-,-,-,-,-
1165,Eliminated,15,20,2,1,10,23.0%,100,0.00,84.0%,23.0%,-,-,-,-,-,-,-,-,-
1166,Eliminated,15,20,8,2,6,23.0%,100,0.00,88.0%,23.0%,-,-,-,-,-,-,-,-,-
1167,Eliminated,20,0,6,2,6,23.0%,100,0.00,90.0%,23.0%,-,-,-,-,-,-,-,-,-
1168,Eliminated,20,0,6,3,6,23.0%,100,0.00,92.0%,23.0%,-,-,-,-,-,-,-,-,-
1169,Eliminated,20,5,2,1,8,23.0%,100,0.00,71.0%,23.0%,-,-,-,-,-,-,-,-,-
1170,Eliminated,20,5,2,3,8,23.0%,100,0.00,78.0%,23.0%,-,-,-,-,-,-,-,-,-
1171,Eliminated,20,5,2,3,10,23.0%,100,0.00,79.0%,23.0%,-,-,-,-,-,-,-,-,-
1172,Eliminated,20,5,8,2,4,23.0%,100,0.00,73.0%,23.0%,-,-,-,-,-,-,-,-,-
1173,Eliminated,20,15,2,1,10,23.0%,100,0.00,74.0%,23.0%,-,-,-,-,-,-,-,-,-
1174,Eliminated,0,10,2,1,10,22.0%,100,0.00,70.0%,22.0%,-,-,-,-,-,-,-,-,-
1175,Eliminated,0,15,10,2,8,22.0%,100,0.00,81.0%,22.0%,-,-,-,-,-,-,-,-,-
1176,Eliminated,0,15,10,2,10,22.0%,100,0.00,76.0%,22.0%,-,-,-,-,-,-,-,-,-
1177,Eliminated,5,0,2,3,8,22.0%,100,0.00,82.0%,22.0%,-,-,-,-,-,-,-,-,-
1178,Eliminated,5,0,10,3,4,22.0%,100,0.00,82.0%,22.0%,-,-,-,-,-,-,-,-,-
1179,Eliminated,5,5,0,3,8,22.0%,100,0.00,68.0%,22.0%,-,-,-,-,-,-,-,-,-
1180,Eliminated,10,0,0,1,10,22.0%,100,0.00,75.0%,22.0%,-,-,-,-,-,-,-,-,-
1181,Eliminated,10,5,6,3,4,22.0%,100,0.00,70.0%,22.0%,-,-,-,-,-,-,-,-,-
1182,Eliminated,10,10,2,3,10,22.0%,100,0.00,76.0%,22.0%,-,-,-,-,-,-,-,-,-
1183,Eliminated,10,15,2,1,10,22.0%,100,0.00,76.0%,22.0%,-,-,-,-,-,-,-,-,-
1184,Eliminated,10,15,2,3,8,22.0%,100,0.00,71.0%,22.0%,-,-,-,-,-,-,-,-,-
1185,Eliminated,10,20,0,2,10,22.0%,100,0.00,76.0%,22.0%,-,-,-,-,-,-,-,-,-
1186,Eliminated,10,20,6,2,4,22.0%,100,0.00,72.0%,22.0%,-,-,-,-,-,-,-,-,-
1187,Eliminated,10,20,8,3,6,22.0%,100,0.00,84.0%,22.0%,-,-,-,-,-,-,-,-,-
1188,Eliminated,15,0,2,3,10,22.0%,100,0.00,85.0%,22.0%,-,-,-,-,-,-,-,-,-
1189,Eliminated,15,10,2,2,10,22.0%,100,0.00,69.0%,22.0%,-,-,-,-,-,-,-,-,-
1190,Eliminated,15,15,2,2,10,22.0%,100,0.00,72.0%,22.0%,-,-,-,-,-,-,-,-,-
1191,Eliminated,20,0,4,2,8,22.0%,100,0.00,88.0%,22.0%,-,-,-,-,-,-,-,-,-
1192,Eliminated,20,5,0,1,10,22.0%,100,0.00,70.0%,22.0%,-,-,-,-,-,-,-,-,-
1193,Eliminated,20,5,0,3,8,22.0%,100,0.00,68.0%,22.0%,-,-,-,-,-,-,-,-,-
1194,Eliminated,20,5,6,2,4,22.0%,100,0.00,76.0%,22.0%,-,-,-,-,-,-,-,-,-
1195,Eliminated,20,15,8,3,4,22.0%,100,0.00,69.0%,22.0%,-,-,-,-,-,-,-,-,-
1196,Eliminated,20,20,2,1,10,22.0%,100,0.00,79.0%,22.0%,-,-,-,-,-,-,-,-,-
1197,Eliminated,20,20,6,2,4,22.0%,100,0.00,71.0%,22.0%,-,-,-,-,-,-,-,-,-
1198,Eliminated,20,20,10,3,6,22.0%,100,0.00,77.0%,22.0%,-,-,-,-,-,-,-,-,-
1199,Eliminated,0,0,2,2,10,21.0%,100,0.00,75.0%,21.0%,-,-,-,-,-,-,-,-,-
1200,Eliminated,0,0,2,3,4,21.0%,100,0.00,67.0%,21.0%,-,-,-,-,-,-,-,-,-
1201,Eliminated,0,10,10,1,4,21.0%,100,0.00,72.0%,21.0%,-,-,-,-,-,-,-,-,-
1202,Eliminated,0,10,10,1,10,21.0%,100,0.00,75.0%,21.0%,-,-,-,-,-,-,-,-,-
1203,Eliminated,0,10,10,2,4,21.0%,100,0.00,81.0%,21.0%,-,-,-,-,-,-,-,-,-
1204,Eliminated,0,15,8,1,10,21.0%,100,0.00,80.0%,21.0%,-,-,-,-,-,-,-,-,-
1205,Eliminated,5,0,0,1,8,21.0%,100,0.00,76.0%,21.0%,-,-,-,-,-,-,-,-,-
1206,Eliminated,5,0,4,2,6,21.0%,100,0.00,82.0%,21.0%,-,-,-,-,-,-,-,-,-
1207,Eliminated,5,5,2,3,8,21.0%,100,0.00,72.0%,21.0%,-,-,-,-,-,-,-,-,-
1208,Eliminated,5,20,6,2,4,21.0%,100,0.00,68.0%,21.0%,-,-,-,-,-,-,-,-,-
1209,Eliminated,10,0,4,2,4,21.0%,100,0.00,74.0%,21.0%,-,-,-,-,-,-,-,-,-
1210,Eliminated,10,5,2,2,6,21.0%,100,0.00,70.0%,21.0%,-,-,-,-,-,-,-,-,-
1211,Eliminated,15,0,2,1,10,21.0%,100,0.00,81.0%,21.0%,-,-,-,-,-,-,-,-,-
1212,Eliminated,15,0,4,1,8,21.0%,100,0.00,87.0%,21.0%,-,-,-,-,-,-,-,-,-
1213,Eliminated,15,0,8,3,4,21.0%,100,0.00,82.0%,21.0%,-,-,-,-,-,-,-,-,-
1214,Eliminated,15,10,8,3,4,21.0%,100,0.00,71.0%,21.0%,-,-,-,-,-,-,-,-,-
1215,Eliminated,15,15,0,3,8,21.0%,100,0.00,69.0%,21.0%,-,-,-,-,-,-,-,-,-
1216,Eliminated,15,15,2,1,6,21.0%,100,0.00,69.0%,21.0%,-,-,-,-,-,-,-,-,-
1217,Eliminated,15,15,6,3,4,21.0%,100,0.00,68.0%,21.0%,-,-,-,-,-,-,-,-,-
1218,Eliminated,20,0,0,3,8,21.0%,100,0.00,69.0%,21.0%,-,-,-,-,-,-,-,-,-
1219,Eliminated,20,0,10,3,10,21.0%,100,0.00,90.0%,21.0%,-,-,-,-,-,-,-,-,-
1220,Eliminated,20,5,10,3,4,21.0%,100,0.00,76.0%,21.0%,-,-,-,-,-,-,-,-,-
1221,Eliminated,20,10,2,3,10,21.0%,100,0.00,76.0%,21.0%,-,-,-,-,-,-,-,-,-
1222,Eliminated,20,15,4,2,6,21.0%,100,0.00,71.0%,21.0%,-,-,-,-,-,-,-,-,-
1223,Eliminated,20,15,6,2,4,21.0%,100,0.00,76.0%,21.0%,-,-,-,-,-,-,-,-,-
1224,Eliminated,5,5,2,1,6,20.8%,101,0.00,68.0%,20.8%,-,-,-,-,-,-,-,-,-
1225,Eliminated,10,5,2,3,8,20.8%,101,0.00,76.0%,20.8%,-,-,-,-,-,-,-,-,-
1226,Eliminated,15,10,2,3,8,20.8%,101,0.00,77.0%,20.8%,-,-,-,-,-,-,-,-,-
1227,Eliminated,20,0,6,3,4,20.8%,101,0.00,81.0%,20.8%,-,-,-,-,-,-,-,-,-
1228,Eliminated,0,0,0,2,10,20.0%,100,0.00,75.0%,20.0%,-,-,-,-,-,-,-,-,-
1229,Eliminated,5,0,0,1,10,20.0%,100,0.00,74.0%,20.0%,-,-,-,-,-,-,-,-,-
1230,Eliminated,5,20,2,2,8,20.0%,100,0.00,69.0%,20.0%,-,-,-,-,-,-,-,-,-
1231,Eliminated,10,0,0,1,8,20.0%,100,0.00,78.0%,20.0%,-,-,-,-,-,-,-,-,-
1232,Eliminated,10,0,2,1,10,20.0%,100,0.00,86.0%,20.0%,-,-,-,-,-,-,-,-,-
1233,Eliminated,10,0,2,3,6,20.0%,100,0.00,83.0%,20.0%,-,-,-,-,-,-,-,-,-
1234,Eliminated,10,0,6,2,4,20.0%,100,0.00,84.0%,20.0%,-,-,-,-,-,-,-,-,-
1235,Eliminated,10,0,8,3,4,20.0%,100,0.00,80.0%,20.0%,-,-,-,-,-,-,-,-,-
1236,Eliminated,10,10,4,2,6,20.0%,100,0.00,68.0%,20.0%,-,-,-,-,-,-,-,-,-
1237,Eliminated,15,0,4,2,4,20.0%,100,0.00,77.0%,20.0%,-,-,-,-,-,-,-,-,-
1238,Eliminated,15,0,8,1,4,20.0%,100,0.00,76.0%,20.0%,-,-,-,-,-,-,-,-,-
1239,Eliminated,15,0,10,2,4,20.0%,100,0.00,79.0%,20.0%,-,-,-,-,-,-,-,-,-
1240,Eliminated,15,5,2,2,10,20.0%,100,0.00,69.0%,20.0%,-,-,-,-,-,-,-,-,-
1241,Eliminated,15,10,0,2,10,20.0%,100,0.00,70.0%,20.0%,-,-,-,-,-,-,-,-,-
1242,Eliminated,15,15,2,1,8,20.0%,100,0.00,74.0%,20.0%,-,-,-,-,-,-,-,-,-
1243,Eliminated,15,15,4,2,4,20.0%,100,0.00,69.0%,20.0%,-,-,-,-,-,-,-,-,-
1244,Eliminated,20,0,2,1,8,20.0%,100,0.00,77.0%,20.0%,-,-,-,-,-,-,-,-,-
1245,Eliminated,20,0,2,3,8,20.0%,100,0.00,77.0%,20.0%,-,-,-,-,-,-,-,-,-
1246,Eliminated,20,0,2,3,10,20.0%,100,0.00,79.0%,20.0%,-,-,-,-,-,-,-,-,-
1247,Eliminated,20,0,4,1,4,20.0%,100,0.00,81.0%,20.0%,-,-,-,-,-,-,-,-,-
1248,Eliminated,20,0,4,1,6,20.0%,100,0.00,84.0%,20.0%,-,-,-,-,-,-,-,-,-
1249,Eliminated,20,0,4,3,6,20.0%,100,0.00,84.0%,20.0%,-,-,-,-,-,-,-,-,-
1250,Eliminated,20,10,0,1,10,20.0%,100,0.00,71.0%,20.0%,-,-,-,-,-,-,-,-,-
1251,Eliminated,20,10,2,3,8,20.0%,100,0.00,70.0%,20.0%,-,-,-,-,-,-,-,-,-
1252,Eliminated,20,10,4,2,4,20.0%,100,0.00,70.0%,20.0%,-,-,-,-,-,-,-,-,-
1253,Eliminated,20,10,6,3,4,20.0%,100,0.00,72.0%,20.0%,-,-,-,-,-,-,-,-,-
1254,Eliminated,20,20,2,2,8,20.0%,100,0.00,74.0%,20.0%,-,-,-,-,-,-,-,-,-
1255,Eliminated,20,20,4,3,6,20.0%,100,0.00,79.0%,20.0%,-,-,-,-,-,-,-,-,-
1256,Eliminated,10,5,6,2,4,19.8%,101,0.00,80.0%,19.8%,-,-,-,-,-,-,-,-,-
1257,Eliminated,20,5,10,2,4,19.8%,101,0.00,74.0%,19.8%,-,-,-,-,-,-,-,-,-
1258,Eliminated,0,10,8,1,10,19.0%,100,0.00,83.0%,19.0%,-,-,-,-,-,-,-,-,-
1259,Eliminated,5,0,4,2,4,19.0%,100,0.00,75.0%,19.0%,-,-,-,-,-,-,-,-,-
1260,Eliminated,5,0,6,3,4,19.0%,100,0.00,78.0%,19.0%,-,-,-,-,-,-,-,-,-
1261,Eliminated,5,5,4,2,4,19.0%,100,0.00,76.0%,19.0%,-,-,-,-,-,-,-,-,-
1262,Eliminated,10,0,2,2,6,19.0%,100,0.00,72.0%,19.0%,-,-,-,-,-,-,-,-,-
1263,Eliminated,10,0,2,2,8,19.0%,100,0.00,81.0%,19.0%,-,-,-,-,-,-,-,-,-
1264,Eliminated,10,10,0,3,10,19.0%,100,0.00,68.0%,19.0%,-,-,-,-,-,-,-,-,-
1265,Eliminated,10,15,2,2,6,19.0%,100,0.00,72.0%,19.0%,-,-,-,-,-,-,-,-,-
1266,Eliminated,10,20,2,2,6,19.0%,100,0.00,68.0%,19.0%,-,-,-,-,-,-,-,-,-
1267,Eliminated,15,0,4,3,4,19.0%,100,0.00,79.0%,19.0%,-,-,-,-,-,-,-,-,-
1268,Eliminated,15,0,4,3,6,19.0%,100,0.00,83.0%,19.0%,-,-,-,-,-,-,-,-,-
1269,Eliminated,15,0,10,3,4,19.0%,100,0.00,79.0%,19.0%,-,-,-,-,-,-,-,-,-
1270,Eliminated,15,10,4,2,4,19.0%,100,0.00,68.0%,19.0%,-,-,-,-,-,-,-,-,-
1271,Eliminated,15,10,4,2,6,19.0%,100,0.00,76.0%,19.0%,-,-,-,-,-,-,-,-,-
1272,Eliminated,15,15,2,3,10,19.0%,100,0.00,74.0%,19.0%,-,-,-,-,-,-,-,-,-
1273,Eliminated,15,20,6,3,4,19.0%,100,0.00,70.0%,19.0%,-,-,-,-,-,-,-,-,-
1274,Eliminated,20,0,2,3,6,19.0%,100,0.00,84.0%,19.0%,-,-,-,-,-,-,-,-,-
1275,Eliminated,20,0,6,1,4,19.0%,100,0.00,82.0%,19.0%,-,-,-,-,-,-,-,-,-
1276,Eliminated,20,0,6,2,4,19.0%,100,0.00,84.0%,19.0%,-,-,-,-,-,-,-,-,-
1277,Eliminated,20,5,4,3,4,19.0%,100,0.00,73.0%,19.0%,-,-,-,-,-,-,-,-,-
1278,Eliminated,0,0,2,3,10,18.0%,100,0.00,78.0%,18.0%,-,-,-,-,-,-,-,-,-
1279,Eliminated,5,0,0,2,8,18.0%,100,0.00,68.0%,18.0%,-,-,-,-,-,-,-,-,-
1280,Eliminated,5,0,6,2,4,18.0%,100,0.00,73.0%,18.0%,-,-,-,-,-,-,-,-,-
1281,Eliminated,5,5,0,2,10,18.0%,100,0.00,70.0%,18.0%,-,-,-,-,-,-,-,-,-
1282,Eliminated,5,20,0,3,10,18.0%,100,0.00,70.0%,18.0%,-,-,-,-,-,-,-,-,-
1283,Eliminated,10,0,0,2,8,18.0%,100,0.00,68.0%,18.0%,-,-,-,-,-,-,-,-,-
1284,Eliminated,10,0,2,1,6,18.0%,100,0.00,74.0%,18.0%,-,-,-,-,-,-,-,-,-
1285,Eliminated,10,0,2,2,10,18.0%,100,0.00,79.0%,18.0%,-,-,-,-,-,-,-,-,-
1286,Eliminated,10,10,0,1,10,18.0%,100,0.00,76.0%,18.0%,-,-,-,-,-,-,-,-,-
1287,Eliminated,10,20,4,2,4,18.0%,100,0.00,69.0%,18.0%,-,-,-,-,-,-,-,-,-
1288,Eliminated,15,0,0,3,8,18.0%,100,0.00,75.0%,18.0%,-,-,-,-,-,-,-,-,-
1289,Eliminated,15,0,2,2,10,18.0%,100,0.00,82.0%,18.0%,-,-,-,-,-,-,-,-,-
1290,Eliminated,15,0,2,3,6,18.0%,100,0.00,78.0%,18.0%,-,-,-,-,-,-,-,-,-
1291,Eliminated,15,0,8,2,4,18.0%,100,0.00,73.0%,18.0%,-,-,-,-,-,-,-,-,-
1292,Eliminated,15,5,6,3,4,18.0%,100,0.00,81.0%,18.0%,-,-,-,-,-,-,-,-,-
1293,Eliminated,15,10,0,1,10,18.0%,100,0.00,79.0%,18.0%,-,-,-,-,-,-,-,-,-
1294,Eliminated,15,20,2,3,8,18.0%,100,0.00,72.0%,18.0%,-,-,-,-,-,-,-,-,-
1295,Eliminated,15,20,4,3,6,18.0%,100,0.00,71.0%,18.0%,-,-,-,-,-,-,-,-,-
1296,Eliminated,20,0,0,1,8,18.0%,100,0.00,79.0%,18.0%,-,-,-,-,-,-,-,-,-
1297,Eliminated,20,0,2,2,6,18.0%,100,0.00,69.0%,18.0%,-,-,-,-,-,-,-,-,-
1298,Eliminated,20,0,2,2,10,18.0%,100,0.00,87.0%,18.0%,-,-,-,-,-,-,-,-,-
1299,Eliminated,20,0,4,3,4,18.0%,100,0.00,73.0%,18.0%,-,-,-,-,-,-,-,-,-
1300,Eliminated,20,20,0,2,10,18.0%,100,0.00,68.0%,18.0%,-,-,-,-,-,-,-,-,-
1301,Eliminated,5,0,0,2,10,17.0%,100,0.00,80.0%,17.0%,-,-,-,-,-,-,-,-,-
1302,Eliminated,5,0,0,3,6,17.0%,100,0.00,68.0%,17.0%,-,-,-,-,-,-,-,-,-
1303,Eliminated,5,0,0,3,10,17.0%,100,0.00,73.0%,17.0%,-,-,-,-,-,-,-,-,-
1304,Eliminated,5,5,0,1,10,17.0%,100,0.00,68.0%,17.0%,-,-,-,-,-,-,-,-,-
1305,Eliminated,10,0,0,3,8,17.0%,100,0.00,71.0%,17.0%,-,-,-,-,-,-,-,-,-
1306,Eliminated,10,20,2,2,10,17.0%,100,0.00,71.0%,17.0%,-,-,-,-,-,-,-,-,-
1307,Eliminated,15,0,0,2,8,17.0%,100,0.00,80.0%,17.0%,-,-,-,-,-,-,-,-,-
1308,Eliminated,15,0,2,1,8,17.0%,100,0.00,78.0%,17.0%,-,-,-,-,-,-,-,-,-
1309,Eliminated,15,0,4,1,4,17.0%,100,0.00,79.0%,17.0%,-,-,-,-,-,-,-,-,-
1310,Eliminated,20,0,0,1,10,17.0%,100,0.00,80.0%,17.0%,-,-,-,-,-,-,-,-,-
1311,Eliminated,20,0,2,1,4,17.0%,100,0.00,71.0%,17.0%,-,-,-,-,-,-,-,-,-
1312,Eliminated,20,0,8,3,4,17.0%,100,0.00,85.0%,17.0%,-,-,-,-,-,-,-,-,-
1313,Eliminated,20,0,10,1,4,17.0%,100,0.00,78.0%,17.0%,-,-,-,-,-,-,-,-,-
1314,Eliminated,20,0,10,3,4,17.0%,100,0.00,79.0%,17.0%,-,-,-,-,-,-,-,-,-
1315,Eliminated,20,10,2,2,10,17.0%,100,0.00,71.0%,17.0%,-,-,-,-,-,-,-,-,-
1316,Eliminated,20,20,2,1,8,17.0%,100,0.00,72.0%,17.0%,-,-,-,-,-,-,-,-,-
1317,Eliminated,20,0,8,1,4,16.8%,101,0.00,83.0%,16.8%,-,-,-,-,-,-,-,-,-
1318,Eliminated,5,0,0,3,8,16.0%,100,0.00,76.0%,16.0%,-,-,-,-,-,-,-,-,-
1319,Eliminated,10,0,4,3,4,16.0%,100,0.00,76.0%,16.0%,-,-,-,-,-,-,-,-,-
1320,Eliminated,15,0,0,1,8,16.0%,100,0.00,71.0%,16.0%,-,-,-,-,-,-,-,-,-
1321,Eliminated,20,15,0,2,10,16.0%,100,0.00,71.0%,16.0%,-,-,-,-,-,-,-,-,-
1322,Eliminated,20,20,2,3,8,16.0%,100,0.00,74.0%,16.0%,-,-,-,-,-,-,-,-,-
1323,Eliminated,5,0,2,3,6,15.0%,100,0.00,73.0%,15.0%,-,-,-,-,-,-,-,-,-
1324,Eliminated,10,0,2,2,4,15.0%,100,0.00,76.0%,15.0%,-,-,-,-,-,-,-,-,-
1325,Eliminated,10,10,4,3,8,15.0%,100,0.00,78.0%,15.0%,-,-,-,-,-,-,-,-,-
1326,Eliminated,10,10,8,2,4,15.0%,100,0.00,72.0%,15.0%,-,-,-,-,-,-,-,-,-
1327,Eliminated,15,0,2,2,6,15.0%,100,0.00,76.0%,15.0%,-,-,-,-,-,-,-,-,-
1328,Eliminated,15,0,6,1,4,15.0%,100,0.00,87.0%,15.0%,-,-,-,-,-,-,-,-,-
1329,Eliminated,15,0,10,1,4,15.0%,100,0.00,75.0%,15.0%,-,-,-,-,-,-,-,-,-
1330,Eliminated,20,0,2,1,6,15.0%,100,0.00,71.0%,15.0%,-,-,-,-,-,-,-,-,-
1331,Eliminated,20,0,8,2,4,15.0%,100,0.00,84.0%,15.0%,-,-,-,-,-,-,-,-,-
1332,Eliminated,20,5,2,2,6,15.0%,100,0.00,71.0%,15.0%,-,-,-,-,-,-,-,-,-
1333,Eliminated,20,15,2,2,8,15.0%,100,0.00,70.0%,15.0%,-,-,-,-,-,-,-,-,-
1334,Eliminated,10,10,2,2,8,14.0%,100,0.00,69.0%,14.0%,-,-,-,-,-,-,-,-,-
1335,Eliminated,5,0,2,1,6,13.0%,100,0.00,72.0%,13.0%,-,-,-,-,-,-,-,-,-
1336,Eliminated,5,0,4,2,10,13.0%,100,0.00,89.0%,13.0%,-,-,-,-,-,-,-,-,-
1337,Eliminated,10,15,2,2,8,13.0%,100,0.00,72.0%,13.0%,-,-,-,-,-,-,-,-,-
1338,Eliminated,10,20,4,3,4,13.0%,100,0.00,69.0%,13.0%,-,-,-,-,-,-,-,-,-
1339,Eliminated,15,0,2,1,6,13.0%,100,0.00,78.0%,13.0%,-,-,-,-,-,-,-,-,-
1340,Eliminated,15,5,10,3,4,13.0%,100,0.00,68.0%,13.0%,-,-,-,-,-,-,-,-,-
1341,Eliminated,15,10,0,1,8,13.0%,100,0.00,72.0%,13.0%,-,-,-,-,-,-,-,-,-
1342,Eliminated,10,0,0,1,6,12.9%,101,0.00,69.0%,12.9%,-,-,-,-,-,-,-,-,-
1343,Eliminated,10,0,0,2,6,12.0%,100,0.00,71.0%,12.0%,-,-,-,-,-,-,-,-,-
1344,Eliminated,20,0,2,2,4,12.0%,100,0.00,69.0%,12.0%,-,-,-,-,-,-,-,-,-
1345,Eliminated,10,0,2,3,4,11.0%,100,0.00,72.0%,11.0%,-,-,-,-,-,-,-,-,-
1346,Eliminated,20,0,0,3,6,11.0%,100,0.00,70.0%,11.0%,-,-,-,-,-,-,-,-,-
1347,Eliminated,10,0,10,2,2,10.0%,100,0.00,70.0%,10.0%,-,-,-,-,-,-,-,-,-
1348,Eliminated,15,5,0,1,10,10.0%,100,0.00,74.0%,10.0%,-,-,-,-,-,-,-,-,-
1349,Eliminated,20,0,0,2,6,8.0%,100,0.00,68.0%,8.0%,-,-,-,-,-,-,-,-,-
1350,Eliminated,20,0,0,1,6,5.0%,100,0.00,70.0%,5.0%,-,-,-,-,-,-,-,-,-
1351,Eliminated,0,20,4,3,10,67.0%,100,0.00,67.0%,-,-,-,-,-,-,-,-,-,-
1352,Eliminated,5,10,0,1,8,67.0%,100,0.00,67.0%,-,-,-,-,-,-,-,-,-,-
1353,Eliminated,5,10,2,2,10,67.0%,100,0.00,67.0%,-,-,-,-,-,-,-,-,-,-
1354,Eliminated,5,10,4,1,4,67.0%,100,0.00,67.0%,-,-,-,-,-,-,-,-,-,-
1355,Eliminated,5,15,4,2,6,67.0%,100,0.00,67.0%,-,-,-,-,-,-,-,-,-,-
1356,Eliminated,5,15,4,3,4,67.0%,100,0.00,67.0%,-,-,-,-,-,-,-,-,-,-
1357,Eliminated,5,15,10,1,4,67.0%,100,0.00,67.0%,-,-,-,-,-,-,-,-,-,-
1358,Eliminated,5,20,0,1,10,67.0%,100,0.00,67.0%,-,-,-,-,-,-,-,-,-,-
1359,Eliminated,10,0,2,1,4,67.0%,100,0.00,67.0%,-,-,-,-,-,-,-,-,-,-
1360,Eliminated,10,5,0,2,10,67.0%,100,0.00,67.0%,-,-,-,-,-,-,-,-,-,-
1361,Eliminated,10,10,2,1,8,67.0%,100,0.00,67.0%,-,-,-,-,-,-,-,-,-,-
1362,Eliminated,10,15,2,1,6,67.0%,100,0.00,67.0%,-,-,-,-,-,-,-,-,-,-
1363,Eliminated,10,15,2,3,10,67.0%,100,0.00,67.0%,-,-,-,-,-,-,-,-,-,-
1364,Eliminated,10,20,0,1,10,67.0%,100,0.00,67.0%,-,-,-,-,-,-,-,-,-,-
1365,Eliminated,10,20,2,1,8,67.0%,100,0.00,67.0%,-,-,-,-,-,-,-,-,-,-
1366,Eliminated,10,20,2,2,8,67.0%,100,0.00,67.0%,-,-,-,-,-,-,-,-,-,-
1367,Eliminated,10,20,10,1,2,67.0%,100,0.00,67.0%,-,-,-,-,-,-,-,-,-,-
1368,Eliminated,15,0,2,1,4,67.0%,100,0.00,67.0%,-,-,-,-,-,-,-,-,-,-
1369,Eliminated,15,5,2,2,6,67.0%,100,0.00,67.0%,-,-,-,-,-,-,-,-,-,-
1370,Eliminated,15,5,10,2,4,67.0%,100,0.00,67.0%,-,-,-,-,-,-,-,-,-,-
1371,Eliminated,15,10,6,3,4,67.0%,100,0.00,67.0%,-,-,-,-,-,-,-,-,-,-
1372,Eliminated,15,10,10,2,4,67.0%,100,0.00,67.0%,-,-,-,-,-,-,-,-,-,-
1373,Eliminated,15,15,2,3,6,67.0%,100,0.00,67.0%,-,-,-,-,-,-,-,-,-,-
1374,Eliminated,15,15,10,2,4,67.0%,100,0.00,67.0%,-,-,-,-,-,-,-,-,-,-
1375,Eliminated,20,0,2,3,4,67.0%,100,0.00,67.0%,-,-,-,-,-,-,-,-,-,-
1376,Eliminated,20,5,0,3,10,67.0%,100,0.00,67.0%,-,-,-,-,-,-,-,-,-,-
1377,Eliminated,20,5,4,1,4,67.0%,100,0.00,67.0%,-,-,-,-,-,-,-,-,-,-
1378,Eliminated,20,5,10,1,2,67.0%,100,0.00,67.0%,-,-,-,-,-,-,-,-,-,-
1379,Eliminated,20,10,0,3,10,67.0%,100,0.00,67.0%,-,-,-,-,-,-,-,-,-,-
1380,Eliminated,20,10,4,2,6,67.0%,100,0.00,67.0%,-,-,-,-,-,-,-,-,-,-
1381,Eliminated,20,10,8,2,4,67.0%,100,0.00,67.0%,-,-,-,-,-,-,-,-,-,-
1382,Eliminated,20,15,2,2,10,67.0%,100,0.00,67.0%,-,-,-,-,-,-,-,-,-,-
1383,Eliminated,20,20,0,3,8,67.0%,100,0.00,67.0%,-,-,-,-,-,-,-,-,-,-
1384,Eliminated,20,20,4,2,4,67.0%,100,0.00,67.0%,-,-,-,-,-,-,-,-,-,-
1385,Eliminated,20,20,10,1,2,67.0%,100,0.00,67.0%,-,-,-,-,-,-,-,-,-,-
1386,Eliminated,0,0,0,1,8,66.0%,100,0.00,66.0%,-,-,-,-,-,-,-,-,-,-
1387,Eliminated,0,0,0,2,8,66.0%,100,0.00,66.0%,-,-,-,-,-,-,-,-,-,-
1388,Eliminated,0,0,4,2,4,66.0%,100,0.00,66.0%,-,-,-,-,-,-,-,-,-,-
1389,Eliminated,0,5,0,1,8,66.0%,100,0.00,66.0%,-,-,-,-,-,-,-,-,-,-
1390,Eliminated,0,5,4,3,4,66.0%,100,0.00,66.0%,-,-,-,-,-,-,-,-,-,-
1391,Eliminated,0,5,8,1,2,66.0%,100,0.00,66.0%,-,-,-,-,-,-,-,-,-,-
1392,Eliminated,0,10,0,2,10,66.0%,100,0.00,66.0%,-,-,-,-,-,-,-,-,-,-
1393,Eliminated,0,10,10,1,2,66.0%,100,0.00,66.0%,-,-,-,-,-,-,-,-,-,-
1394,Eliminated,0,10,10,3,4,66.0%,100,0.00,66.0%,-,-,-,-,-,-,-,-,-,-
1395,Eliminated,0,15,2,3,8,66.0%,100,0.00,66.0%,-,-,-,-,-,-,-,-,-,-
1396,Eliminated,0,15,4,1,8,66.0%,100,0.00,66.0%,-,-,-,-,-,-,-,-,-,-
1397,Eliminated,0,20,10,2,0,66.0%,100,0.00,66.0%,-,-,-,-,-,-,-,-,-,-
1398,Eliminated,5,0,4,3,4,66.0%,100,0.00,66.0%,-,-,-,-,-,-,-,-,-,-
1399,Eliminated,5,5,10,1,2,66.0%,100,0.00,66.0%,-,-,-,-,-,-,-,-,-,-
1400,Eliminated,5,10,2,2,6,66.0%,100,0.00,66.0%,-,-,-,-,-,-,-,-,-,-
1401,Eliminated,5,10,4,3,6,66.0%,100,0.00,66.0%,-,-,-,-,-,-,-,-,-,-
1402,Eliminated,5,15,0,1,8,66.0%,100,0.00,66.0%,-,-,-,-,-,-,-,-,-,-
1403,Eliminated,5,15,6,1,4,66.0%,100,0.00,66.0%,-,-,-,-,-,-,-,-,-,-
1404,Eliminated,5,20,2,1,10,66.0%,100,0.00,66.0%,-,-,-,-,-,-,-,-,-,-
1405,Eliminated,5,20,4,1,4,66.0%,100,0.00,66.0%,-,-,-,-,-,-,-,-,-,-
1406,Eliminated,5,20,10,3,4,66.0%,100,0.00,66.0%,-,-,-,-,-,-,-,-,-,-
1407,Eliminated,10,0,0,3,6,66.0%,100,0.00,66.0%,-,-,-,-,-,-,-,-,-,-
1408,Eliminated,10,5,2,3,6,66.0%,100,0.00,66.0%,-,-,-,-,-,-,-,-,-,-
1409,Eliminated,10,10,0,2,10,66.0%,100,0.00,66.0%,-,-,-,-,-,-,-,-,-,-
1410,Eliminated,10,10,2,1,6,66.0%,100,0.00,66.0%,-,-,-,-,-,-,-,-,-,-
1411,Eliminated,10,10,2,3,8,66.0%,100,0.00,66.0%,-,-,-,-,-,-,-,-,-,-
1412,Eliminated,10,20,2,1,4,66.0%,100,0.00,66.0%,-,-,-,-,-,-,-,-,-,-
1413,Eliminated,15,5,0,3,10,66.0%,100,0.00,66.0%,-,-,-,-,-,-,-,-,-,-
1414,Eliminated,15,10,2,1,8,66.0%,100,0.00,66.0%,-,-,-,-,-,-,-,-,-,-
1415,Eliminated,15,10,4,3,4,66.0%,100,0.00,66.0%,-,-,-,-,-,-,-,-,-,-
1416,Eliminated,15,10,10,1,2,66.0%,100,0.00,66.0%,-,-,-,-,-,-,-,-,-,-
1417,Eliminated,15,15,0,1,8,66.0%,100,0.00,66.0%,-,-,-,-,-,-,-,-,-,-
1418,Eliminated,15,20,0,1,8,66.0%,100,0.00,66.0%,-,-,-,-,-,-,-,-,-,-
1419,Eliminated,15,20,0,1,10,66.0%,100,0.00,66.0%,-,-,-,-,-,-,-,-,-,-
1420,Eliminated,15,20,2,2,10,66.0%,100,0.00,66.0%,-,-,-,-,-,-,-,-,-,-
1421,Eliminated,20,10,0,1,8,66.0%,100,0.00,66.0%,-,-,-,-,-,-,-,-,-,-
1422,Eliminated,20,10,2,1,6,66.0%,100,0.00,66.0%,-,-,-,-,-,-,-,-,-,-
1423,Eliminated,20,15,0,1,10,66.0%,100,0.00,66.0%,-,-,-,-,-,-,-,-,-,-
1424,Eliminated,20,15,2,2,6,66.0%,100,0.00,66.0%,-,-,-,-,-,-,-,-,-,-
1425,Eliminated,20,20,0,3,10,66.0%,100,0.00,66.0%,-,-,-,-,-,-,-,-,-,-
1426,Eliminated,20,20,4,2,6,66.0%,100,0.00,66.0%,-,-,-,-,-,-,-,-,-,-
1427,Eliminated,20,20,4,3,4,66.0%,100,0.00,66.0%,-,-,-,-,-,-,-,-,-,-
1428,Eliminated,0,0,0,3,8,65.0%,100,0.00,65.0%,-,-,-,-,-,-,-,-,-,-
1429,Eliminated,0,5,0,2,8,65.0%,100,0.00,65.0%,-,-,-,-,-,-,-,-,-,-
1430,Eliminated,0,5,0,2,10,65.0%,100,0.00,65.0%,-,-,-,-,-,-,-,-,-,-
1431,Eliminated,0,5,0,3,8,65.0%,100,0.00,65.0%,-,-,-,-,-,-,-,-,-,-
1432,Eliminated,0,5,8,3,4,65.0%,100,0.00,65.0%,-,-,-,-,-,-,-,-,-,-
1433,Eliminated,0,15,6,1,2,65.0%,100,0.00,65.0%,-,-,-,-,-,-,-,-,-,-
1434,Eliminated,0,20,2,1,4,65.0%,100,0.00,65.0%,-,-,-,-,-,-,-,-,-,-
1435,Eliminated,0,20,2,3,10,65.0%,100,0.00,65.0%,-,-,-,-,-,-,-,-,-,-
1436,Eliminated,0,20,4,1,4,65.0%,100,0.00,65.0%,-,-,-,-,-,-,-,-,-,-
1437,Eliminated,0,20,4,1,6,65.0%,100,0.00,65.0%,-,-,-,-,-,-,-,-,-,-
1438,Eliminated,0,20,10,1,2,65.0%,100,0.00,65.0%,-,-,-,-,-,-,-,-,-,-
1439,Eliminated,5,0,2,2,4,65.0%,100,0.00,65.0%,-,-,-,-,-,-,-,-,-,-
1440,Eliminated,5,10,0,1,10,65.0%,100,0.00,65.0%,-,-,-,-,-,-,-,-,-,-
1441,Eliminated,5,10,0,2,10,65.0%,100,0.00,65.0%,-,-,-,-,-,-,-,-,-,-
1442,Eliminated,5,10,10,3,4,65.0%,100,0.00,65.0%,-,-,-,-,-,-,-,-,-,-
1443,Eliminated,5,15,0,2,8,65.0%,100,0.00,65.0%,-,-,-,-,-,-,-,-,-,-
1444,Eliminated,5,15,2,2,6,65.0%,100,0.00,65.0%,-,-,-,-,-,-,-,-,-,-
1445,Eliminated,5,15,2,2,8,65.0%,100,0.00,65.0%,-,-,-,-,-,-,-,-,-,-
1446,Eliminated,5,15,4,2,4,65.0%,100,0.00,65.0%,-,-,-,-,-,-,-,-,-,-
1447,Eliminated,5,15,10,1,2,65.0%,100,0.00,65.0%,-,-,-,-,-,-,-,-,-,-
1448,Eliminated,5,20,0,2,10,65.0%,100,0.00,65.0%,-,-,-,-,-,-,-,-,-,-
1449,Eliminated,5,20,10,1,2,65.0%,100,0.00,65.0%,-,-,-,-,-,-,-,-,-,-
1450,Eliminated,10,0,6,2,2,65.0%,100,0.00,65.0%,-,-,-,-,-,-,-,-,-,-
1451,Eliminated,10,5,2,2,4,65.0%,100,0.00,65.0%,-,-,-,-,-,-,-,-,-,-
1452,Eliminated,10,10,2,3,6,65.0%,100,0.00,65.0%,-,-,-,-,-,-,-,-,-,-
1453,Eliminated,10,10,6,1,2,65.0%,100,0.00,65.0%,-,-,-,-,-,-,-,-,-,-
1454,Eliminated,10,15,2,1,8,65.0%,100,0.00,65.0%,-,-,-,-,-,-,-,-,-,-
1455,Eliminated,10,20,8,3,4,65.0%,100,0.00,65.0%,-,-,-,-,-,-,-,-,-,-
1456,Eliminated,15,0,6,1,2,65.0%,100,0.00,65.0%,-,-,-,-,-,-,-,-,-,-
1457,Eliminated,15,0,6,3,2,65.0%,100,0.00,65.0%,-,-,-,-,-,-,-,-,-,-
1458,Eliminated,15,10,8,2,4,65.0%,100,0.00,65.0%,-,-,-,-,-,-,-,-,-,-
1459,Eliminated,15,15,4,3,4,65.0%,100,0.00,65.0%,-,-,-,-,-,-,-,-,-,-
1460,Eliminated,15,20,2,3,6,65.0%,100,0.00,65.0%,-,-,-,-,-,-,-,-,-,-
1461,Eliminated,15,20,4,2,4,65.0%,100,0.00,65.0%,-,-,-,-,-,-,-,-,-,-
1462,Eliminated,15,20,8,3,4,65.0%,100,0.00,65.0%,-,-,-,-,-,-,-,-,-,-
1463,Eliminated,20,5,0,2,8,65.0%,100,0.00,65.0%,-,-,-,-,-,-,-,-,-,-
1464,Eliminated,20,5,2,2,10,65.0%,100,0.00,65.0%,-,-,-,-,-,-,-,-,-,-
1465,Eliminated,20,10,0,2,8,65.0%,100,0.00,65.0%,-,-,-,-,-,-,-,-,-,-
1466,Eliminated,20,10,4,3,4,65.0%,100,0.00,65.0%,-,-,-,-,-,-,-,-,-,-
1467,Eliminated,20,10,6,1,2,65.0%,100,0.00,65.0%,-,-,-,-,-,-,-,-,-,-
1468,Eliminated,20,10,10,3,4,65.0%,100,0.00,65.0%,-,-,-,-,-,-,-,-,-,-
1469,Eliminated,20,15,8,2,4,65.0%,100,0.00,65.0%,-,-,-,-,-,-,-,-,-,-
1470,Eliminated,20,20,0,2,8,65.0%,100,0.00,65.0%,-,-,-,-,-,-,-,-,-,-
1471,Eliminated,0,0,2,2,6,64.0%,100,0.00,64.0%,-,-,-,-,-,-,-,-,-,-
1472,Eliminated,0,0,6,1,2,64.0%,100,0.00,64.0%,-,-,-,-,-,-,-,-,-,-
1473,Eliminated,0,5,0,1,10,64.0%,100,0.00,64.0%,-,-,-,-,-,-,-,-,-,-
1474,Eliminated,0,5,0,3,10,64.0%,100,0.00,64.0%,-,-,-,-,-,-,-,-,-,-
1475,Eliminated,0,5,2,1,4,64.0%,100,0.00,64.0%,-,-,-,-,-,-,-,-,-,-
1476,Eliminated,0,5,2,3,6,64.0%,100,0.00,64.0%,-,-,-,-,-,-,-,-,-,-
1477,Eliminated,0,5,4,1,2,64.0%,100,0.00,64.0%,-,-,-,-,-,-,-,-,-,-
1478,Eliminated,0,10,6,2,4,64.0%,100,0.00,64.0%,-,-,-,-,-,-,-,-,-,-
1479,Eliminated,0,20,8,1,2,64.0%,100,0.00,64.0%,-,-,-,-,-,-,-,-,-,-
1480,Eliminated,5,5,2,3,6,64.0%,100,0.00,64.0%,-,-,-,-,-,-,-,-,-,-
1481,Eliminated,5,5,8,2,4,64.0%,100,0.00,64.0%,-,-,-,-,-,-,-,-,-,-
1482,Eliminated,10,5,2,2,8,64.0%,100,0.00,64.0%,-,-,-,-,-,-,-,-,-,-
1483,Eliminated,10,10,0,2,8,64.0%,100,0.00,64.0%,-,-,-,-,-,-,-,-,-,-
1484,Eliminated,10,10,4,2,4,64.0%,100,0.00,64.0%,-,-,-,-,-,-,-,-,-,-
1485,Eliminated,10,10,6,3,4,64.0%,100,0.00,64.0%,-,-,-,-,-,-,-,-,-,-
1486,Eliminated,10,10,10,3,4,64.0%,100,0.00,64.0%,-,-,-,-,-,-,-,-,-,-
1487,Eliminated,10,15,0,3,10,64.0%,100,0.00,64.0%,-,-,-,-,-,-,-,-,-,-
1488,Eliminated,10,20,0,3,8,64.0%,100,0.00,64.0%,-,-,-,-,-,-,-,-,-,-
1489,Eliminated,10,20,2,3,8,64.0%,100,0.00,64.0%,-,-,-,-,-,-,-,-,-,-
1490,Eliminated,15,20,10,3,4,64.0%,100,0.00,64.0%,-,-,-,-,-,-,-,-,-,-
1491,Eliminated,20,5,2,1,6,64.0%,100,0.00,64.0%,-,-,-,-,-,-,-,-,-,-
1492,Eliminated,20,10,10,2,4,64.0%,100,0.00,64.0%,-,-,-,-,-,-,-,-,-,-
1493,Eliminated,20,15,4,2,4,64.0%,100,0.00,64.0%,-,-,-,-,-,-,-,-,-,-
1494,Eliminated,0,10,0,1,8,63.0%,100,0.00,63.0%,-,-,-,-,-,-,-,-,-,-
1495,Eliminated,0,10,0,1,10,63.0%,100,0.00,63.0%,-,-,-,-,-,-,-,-,-,-
1496,Eliminated,0,10,2,3,8,63.0%,100,0.00,63.0%,-,-,-,-,-,-,-,-,-,-
1497,Eliminated,0,10,8,2,2,63.0%,100,0.00,63.0%,-,-,-,-,-,-,-,-,-,-
1498,Eliminated,0,10,8,3,4,63.0%,100,0.00,63.0%,-,-,-,-,-,-,-,-,-,-
1499,Eliminated,0,15,10,1,2,63.0%,100,0.00,63.0%,-,-,-,-,-,-,-,-,-,-
1500,Eliminated,0,15,10,3,4,63.0%,100,0.00,63.0%,-,-,-,-,-,-,-,-,-,-
1501,Eliminated,0,20,4,2,6,63.0%,100,0.00,63.0%,-,-,-,-,-,-,-,-,-,-
1502,Eliminated,0,20,6,1,2,63.0%,100,0.00,63.0%,-,-,-,-,-,-,-,-,-,-
1503,Eliminated,0,20,10,2,2,63.0%,100,0.00,63.0%,-,-,-,-,-,-,-,-,-,-
1504,Eliminated,5,0,8,1,2,63.0%,100,0.00,63.0%,-,-,-,-,-,-,-,-,-,-
1505,Eliminated,5,5,4,1,2,63.0%,100,0.00,63.0%,-,-,-,-,-,-,-,-,-,-
1506,Eliminated,5,15,0,1,10,63.0%,100,0.00,63.0%,-,-,-,-,-,-,-,-,-,-
1507,Eliminated,5,15,2,3,6,63.0%,100,0.00,63.0%,-,-,-,-,-,-,-,-,-,-
1508,Eliminated,5,15,2,3,8,63.0%,100,0.00,63.0%,-,-,-,-,-,-,-,-,-,-
1509,Eliminated,5,20,0,1,8,63.0%,100,0.00,63.0%,-,-,-,-,-,-,-,-,-,-
1510,Eliminated,5,20,0,3,8,63.0%,100,0.00,63.0%,-,-,-,-,-,-,-,-,-,-
1511,Eliminated,10,5,0,2,8,63.0%,100,0.00,63.0%,-,-,-,-,-,-,-,-,-,-
1512,Eliminated,10,5,0,3,6,63.0%,100,0.00,63.0%,-,-,-,-,-,-,-,-,-,-
1513,Eliminated,10,10,2,2,6,63.0%,100,0.00,63.0%,-,-,-,-,-,-,-,-,-,-
1514,Eliminated,10,10,6,2,4,63.0%,100,0.00,63.0%,-,-,-,-,-,-,-,-,-,-
1515,Eliminated,10,10,10,1,2,63.0%,100,0.00,63.0%,-,-,-,-,-,-,-,-,-,-
1516,Eliminated,10,10,10,2,4,63.0%,100,0.00,63.0%,-,-,-,-,-,-,-,-,-,-
1517,Eliminated,15,0,8,2,2,63.0%,100,0.00,63.0%,-,-,-,-,-,-,-,-,-,-
1518,Eliminated,15,5,0,3,8,63.0%,100,0.00,63.0%,-,-,-,-,-,-,-,-,-,-
1519,Eliminated,15,10,0,2,8,63.0%,100,0.00,63.0%,-,-,-,-,-,-,-,-,-,-
1520,Eliminated,15,10,2,1,6,63.0%,100,0.00,63.0%,-,-,-,-,-,-,-,-,-,-
1521,Eliminated,15,15,0,3,10,63.0%,100,0.00,63.0%,-,-,-,-,-,-,-,-,-,-
1522,Eliminated,15,15,10,1,2,63.0%,100,0.00,63.0%,-,-,-,-,-,-,-,-,-,-
1523,Eliminated,15,20,4,3,4,63.0%,100,0.00,63.0%,-,-,-,-,-,-,-,-,-,-
1524,Eliminated,20,5,0,3,6,63.0%,100,0.00,63.0%,-,-,-,-,-,-,-,-,-,-
1525,Eliminated,20,5,2,3,6,63.0%,100,0.00,63.0%,-,-,-,-,-,-,-,-,-,-
1526,Eliminated,20,15,0,3,8,63.0%,100,0.00,63.0%,-,-,-,-,-,-,-,-,-,-
1527,Eliminated,20,15,2,1,4,63.0%,100,0.00,63.0%,-,-,-,-,-,-,-,-,-,-
1528,Eliminated,20,15,6,3,4,63.0%,100,0.00,63.0%,-,-,-,-,-,-,-,-,-,-
1529,Eliminated,20,15,10,1,2,63.0%,100,0.00,63.0%,-,-,-,-,-,-,-,-,-,-
1530,Eliminated,20,15,10,3,4,63.0%,100,0.00,63.0%,-,-,-,-,-,-,-,-,-,-
1531,Eliminated,20,20,2,1,6,63.0%,100,0.00,63.0%,-,-,-,-,-,-,-,-,-,-
1532,Eliminated,0,10,4,2,4,62.0%,100,0.00,62.0%,-,-,-,-,-,-,-,-,-,-
1533,Eliminated,0,10,10,2,2,62.0%,100,0.00,62.0%,-,-,-,-,-,-,-,-,-,-
1534,Eliminated,0,15,0,2,8,62.0%,100,0.00,62.0%,-,-,-,-,-,-,-,-,-,-
1535,Eliminated,0,15,2,3,6,62.0%,100,0.00,62.0%,-,-,-,-,-,-,-,-,-,-
1536,Eliminated,0,15,6,3,4,62.0%,100,0.00,62.0%,-,-,-,-,-,-,-,-,-,-
1537,Eliminated,0,15,10,2,2,62.0%,100,0.00,62.0%,-,-,-,-,-,-,-,-,-,-
1538,Eliminated,0,20,2,1,6,62.0%,100,0.00,62.0%,-,-,-,-,-,-,-,-,-,-
1539,Eliminated,5,0,0,1,6,62.0%,100,0.00,62.0%,-,-,-,-,-,-,-,-,-,-
1540,Eliminated,5,0,0,2,6,62.0%,100,0.00,62.0%,-,-,-,-,-,-,-,-,-,-
1541,Eliminated,5,0,2,1,4,62.0%,100,0.00,62.0%,-,-,-,-,-,-,-,-,-,-
1542,Eliminated,5,0,2,3,4,62.0%,100,0.00,62.0%,-,-,-,-,-,-,-,-,-,-
1543,Eliminated,5,5,0,1,8,62.0%,100,0.00,62.0%,-,-,-,-,-,-,-,-,-,-
1544,Eliminated,5,5,10,2,4,62.0%,100,0.00,62.0%,-,-,-,-,-,-,-,-,-,-
1545,Eliminated,5,10,0,2,8,62.0%,100,0.00,62.0%,-,-,-,-,-,-,-,-,-,-
1546,Eliminated,5,15,2,1,6,62.0%,100,0.00,62.0%,-,-,-,-,-,-,-,-,-,-
1547,Eliminated,5,15,8,3,4,62.0%,100,0.00,62.0%,-,-,-,-,-,-,-,-,-,-
1548,Eliminated,10,5,2,3,4,62.0%,100,0.00,62.0%,-,-,-,-,-,-,-,-,-,-
1549,Eliminated,10,15,0,1,10,62.0%,100,0.00,62.0%,-,-,-,-,-,-,-,-,-,-
1550,Eliminated,10,15,8,1,2,62.0%,100,0.00,62.0%,-,-,-,-,-,-,-,-,-,-
1551,Eliminated,10,15,8,2,4,62.0%,100,0.00,62.0%,-,-,-,-,-,-,-,-,-,-
1552,Eliminated,10,15,10,3,4,62.0%,100,0.00,62.0%,-,-,-,-,-,-,-,-,-,-
1553,Eliminated,10,20,0,1,8,62.0%,100,0.00,62.0%,-,-,-,-,-,-,-,-,-,-
1554,Eliminated,10,20,8,2,4,62.0%,100,0.00,62.0%,-,-,-,-,-,-,-,-,-,-
1555,Eliminated,15,0,2,1,2,62.0%,100,0.00,62.0%,-,-,-,-,-,-,-,-,-,-
1556,Eliminated,15,0,2,3,4,62.0%,100,0.00,62.0%,-,-,-,-,-,-,-,-,-,-
1557,Eliminated,15,0,10,1,2,62.0%,100,0.00,62.0%,-,-,-,-,-,-,-,-,-,-
1558,Eliminated,15,5,8,2,2,62.0%,100,0.00,62.0%,-,-,-,-,-,-,-,-,-,-
1559,Eliminated,15,10,2,2,6,62.0%,100,0.00,62.0%,-,-,-,-,-,-,-,-,-,-
1560,Eliminated,15,15,8,3,4,62.0%,100,0.00,62.0%,-,-,-,-,-,-,-,-,-,-
1561,Eliminated,15,20,0,3,8,62.0%,100,0.00,62.0%,-,-,-,-,-,-,-,-,-,-
1562,Eliminated,20,10,2,2,6,62.0%,100,0.00,62.0%,-,-,-,-,-,-,-,-,-,-
1563,Eliminated,20,10,6,2,4,62.0%,100,0.00,62.0%,-,-,-,-,-,-,-,-,-,-
1564,Eliminated,20,15,0,1,8,62.0%,100,0.00,62.0%,-,-,-,-,-,-,-,-,-,-
1565,Eliminated,20,15,0,2,8,62.0%,100,0.00,62.0%,-,-,-,-,-,-,-,-,-,-
1566,Eliminated,20,15,0,3,10,62.0%,100,0.00,62.0%,-,-,-,-,-,-,-,-,-,-
1567,Eliminated,20,20,0,1,8,62.0%,100,0.00,62.0%,-,-,-,-,-,-,-,-,-,-
1568,Eliminated,20,20,0,1,10,62.0%,100,0.00,62.0%,-,-,-,-,-,-,-,-,-,-
1569,Eliminated,0,0,0,2,6,61.0%,100,0.00,61.0%,-,-,-,-,-,-,-,-,-,-
1570,Eliminated,0,0,4,1,2,61.0%,100,0.00,61.0%,-,-,-,-,-,-,-,-,-,-
1571,Eliminated,0,5,2,2,8,61.0%,100,0.00,61.0%,-,-,-,-,-,-,-,-,-,-
1572,Eliminated,0,10,0,3,8,61.0%,100,0.00,61.0%,-,-,-,-,-,-,-,-,-,-
1573,Eliminated,0,10,2,1,8,61.0%,100,0.00,61.0%,-,-,-,-,-,-,-,-,-,-
1574,Eliminated,0,10,2,2,10,61.0%,100,0.00,61.0%,-,-,-,-,-,-,-,-,-,-
1575,Eliminated,0,15,0,3,10,61.0%,100,0.00,61.0%,-,-,-,-,-,-,-,-,-,-
1576,Eliminated,0,20,2,2,6,61.0%,100,0.00,61.0%,-,-,-,-,-,-,-,-,-,-
1577,Eliminated,0,20,2,2,8,61.0%,100,0.00,61.0%,-,-,-,-,-,-,-,-,-,-
1578,Eliminated,0,20,8,3,4,61.0%,100,0.00,61.0%,-,-,-,-,-,-,-,-,-,-
1579,Eliminated,5,0,6,2,2,61.0%,100,0.00,61.0%,-,-,-,-,-,-,-,-,-,-
1580,Eliminated,5,5,2,2,6,61.0%,100,0.00,61.0%,-,-,-,-,-,-,-,-,-,-
1581,Eliminated,5,10,0,3,10,61.0%,100,0.00,61.0%,-,-,-,-,-,-,-,-,-,-
1582,Eliminated,5,15,0,2,10,61.0%,100,0.00,61.0%,-,-,-,-,-,-,-,-,-,-
1583,Eliminated,5,15,2,1,8,61.0%,100,0.00,61.0%,-,-,-,-,-,-,-,-,-,-
1584,Eliminated,5,20,2,1,6,61.0%,100,0.00,61.0%,-,-,-,-,-,-,-,-,-,-
1585,Eliminated,5,20,10,2,4,61.0%,100,0.00,61.0%,-,-,-,-,-,-,-,-,-,-
1586,Eliminated,10,0,4,2,2,61.0%,100,0.00,61.0%,-,-,-,-,-,-,-,-,-,-
1587,Eliminated,10,0,6,3,2,61.0%,100,0.00,61.0%,-,-,-,-,-,-,-,-,-,-
1588,Eliminated,10,15,0,2,8,61.0%,100,0.00,61.0%,-,-,-,-,-,-,-,-,-,-
1589,Eliminated,10,15,0,3,8,61.0%,100,0.00,61.0%,-,-,-,-,-,-,-,-,-,-
1590,Eliminated,10,15,2,3,6,61.0%,100,0.00,61.0%,-,-,-,-,-,-,-,-,-,-
1591,Eliminated,10,15,6,2,4,61.0%,100,0.00,61.0%,-,-,-,-,-,-,-,-,-,-
1592,Eliminated,15,0,0,1,6,61.0%,100,0.00,61.0%,-,-,-,-,-,-,-,-,-,-
1593,Eliminated,15,0,2,2,2,61.0%,100,0.00,61.0%,-,-,-,-,-,-,-,-,-,-
1594,Eliminated,15,5,0,1,8,61.0%,100,0.00,61.0%,-,-,-,-,-,-,-,-,-,-
1595,Eliminated,15,5,6,1,2,61.0%,100,0.00,61.0%,-,-,-,-,-,-,-,-,-,-
1596,Eliminated,15,10,0,3,8,61.0%,100,0.00,61.0%,-,-,-,-,-,-,-,-,-,-
1597,Eliminated,15,20,0,2,10,61.0%,100,0.00,61.0%,-,-,-,-,-,-,-,-,-,-
1598,Eliminated,15,20,0,3,10,61.0%,100,0.00,61.0%,-,-,-,-,-,-,-,-,-,-
1599,Eliminated,20,0,6,3,2,61.0%,100,0.00,61.0%,-,-,-,-,-,-,-,-,-,-
1600,Eliminated,20,0,10,1,2,61.0%,100,0.00,61.0%,-,-,-,-,-,-,-,-,-,-
1601,Eliminated,20,10,2,3,6,61.0%,100,0.00,61.0%,-,-,-,-,-,-,-,-,-,-
1602,Eliminated,20,15,2,1,6,61.0%,100,0.00,61.0%,-,-,-,-,-,-,-,-,-,-
1603,Eliminated,20,20,2,2,6,61.0%,100,0.00,61.0%,-,-,-,-,-,-,-,-,-,-
1604,Eliminated,0,10,0,2,8,60.0%,100,0.00,60.0%,-,-,-,-,-,-,-,-,-,-
1605,Eliminated,0,10,0,3,10,60.0%,100,0.00,60.0%,-,-,-,-,-,-,-,-,-,-
1606,Eliminated,0,10,6,3,4,60.0%,100,0.00,60.0%,-,-,-,-,-,-,-,-,-,-
1607,Eliminated,0,15,2,1,6,60.0%,100,0.00,60.0%,-,-,-,-,-,-,-,-,-,-
1608,Eliminated,0,20,0,1,8,60.0%,100,0.00,60.0%,-,-,-,-,-,-,-,-,-,-
1609,Eliminated,0,20,2,3,6,60.0%,100,0.00,60.0%,-,-,-,-,-,-,-,-,-,-
1610,Eliminated,0,20,10,3,4,60.0%,100,0.00,60.0%,-,-,-,-,-,-,-,-,-,-
1611,Eliminated,5,5,2,1,4,60.0%,100,0.00,60.0%,-,-,-,-,-,-,-,-,-,-
1612,Eliminated,5,5,6,1,2,60.0%,100,0.00,60.0%,-,-,-,-,-,-,-,-,-,-
1613,Eliminated,5,15,0,3,8,60.0%,100,0.00,60.0%,-,-,-,-,-,-,-,-,-,-
1614,Eliminated,5,20,4,2,4,60.0%,100,0.00,60.0%,-,-,-,-,-,-,-,-,-,-
1615,Eliminated,10,0,2,2,2,60.0%,100,0.00,60.0%,-,-,-,-,-,-,-,-,-,-
1616,Eliminated,10,0,4,1,2,60.0%,100,0.00,60.0%,-,-,-,-,-,-,-,-,-,-
1617,Eliminated,10,0,6,1,2,60.0%,100,0.00,60.0%,-,-,-,-,-,-,-,-,-,-
1618,Eliminated,10,5,2,1,4,60.0%,100,0.00,60.0%,-,-,-,-,-,-,-,-,-,-
1619,Eliminated,10,5,2,3,2,60.0%,100,0.00,60.0%,-,-,-,-,-,-,-,-,-,-
1620,Eliminated,10,15,6,3,4,60.0%,100,0.00,60.0%,-,-,-,-,-,-,-,-,-,-
1621,Eliminated,10,20,2,3,6,60.0%,100,0.00,60.0%,-,-,-,-,-,-,-,-,-,-
1622,Eliminated,10,20,10,2,4,60.0%,100,0.00,60.0%,-,-,-,-,-,-,-,-,-,-
1623,Eliminated,15,0,4,3,2,60.0%,100,0.00,60.0%,-,-,-,-,-,-,-,-,-,-
1624,Eliminated,15,5,0,2,8,60.0%,100,0.00,60.0%,-,-,-,-,-,-,-,-,-,-
1625,Eliminated,15,5,2,1,6,60.0%,100,0.00,60.0%,-,-,-,-,-,-,-,-,-,-
1626,Eliminated,15,15,2,1,4,60.0%,100,0.00,60.0%,-,-,-,-,-,-,-,-,-,-
1627,Eliminated,20,0,2,3,2,60.0%,100,0.00,60.0%,-,-,-,-,-,-,-,-,-,-
1628,Eliminated,20,5,0,1,8,60.0%,100,0.00,60.0%,-,-,-,-,-,-,-,-,-,-
1629,Eliminated,20,5,2,2,4,60.0%,100,0.00,60.0%,-,-,-,-,-,-,-,-,-,-
1630,Eliminated,20,5,2,3,4,60.0%,100,0.00,60.0%,-,-,-,-,-,-,-,-,-,-
1631,Eliminated,20,10,2,1,4,60.0%,100,0.00,60.0%,-,-,-,-,-,-,-,-,-,-
1632,Eliminated,20,10,2,2,4,60.0%,100,0.00,60.0%,-,-,-,-,-,-,-,-,-,-
1633,Eliminated,20,15,10,2,4,60.0%,100,0.00,60.0%,-,-,-,-,-,-,-,-,-,-
1634,Eliminated,0,0,0,1,6,59.0%,100,0.00,59.0%,-,-,-,-,-,-,-,-,-,-
1635,Eliminated,0,5,10,1,0,59.0%,100,0.00,59.0%,-,-,-,-,-,-,-,-,-,-
1636,Eliminated,0,10,2,2,6,59.0%,100,0.00,59.0%,-,-,-,-,-,-,-,-,-,-
1637,Eliminated,0,15,0,1,10,59.0%,100,0.00,59.0%,-,-,-,-,-,-,-,-,-,-
1638,Eliminated,0,15,4,1,2,59.0%,100,0.00,59.0%,-,-,-,-,-,-,-,-,-,-
1639,Eliminated,0,15,8,1,2,59.0%,100,0.00,59.0%,-,-,-,-,-,-,-,-,-,-
1640,Eliminated,0,15,8,3,4,59.0%,100,0.00,59.0%,-,-,-,-,-,-,-,-,-,-
1641,Eliminated,0,20,0,3,10,59.0%,100,0.00,59.0%,-,-,-,-,-,-,-,-,-,-
1642,Eliminated,0,20,2,3,8,59.0%,100,0.00,59.0%,-,-,-,-,-,-,-,-,-,-
1643,Eliminated,5,5,8,1,2,59.0%,100,0.00,59.0%,-,-,-,-,-,-,-,-,-,-
1644,Eliminated,5,15,0,3,10,59.0%,100,0.00,59.0%,-,-,-,-,-,-,-,-,-,-
1645,Eliminated,5,15,6,3,4,59.0%,100,0.00,59.0%,-,-,-,-,-,-,-,-,-,-
1646,Eliminated,5,20,2,3,6,59.0%,100,0.00,59.0%,-,-,-,-,-,-,-,-,-,-
1647,Eliminated,10,5,0,1,8,59.0%,100,0.00,59.0%,-,-,-,-,-,-,-,-,-,-
1648,Eliminated,10,5,0,3,8,59.0%,100,0.00,59.0%,-,-,-,-,-,-,-,-,-,-
1649,Eliminated,10,10,0,1,6,59.0%,100,0.00,59.0%,-,-,-,-,-,-,-,-,-,-
1650,Eliminated,10,10,10,2,2,59.0%,100,0.00,59.0%,-,-,-,-,-,-,-,-,-,-
1651,Eliminated,10,15,2,2,4,59.0%,100,0.00,59.0%,-,-,-,-,-,-,-,-,-,-
1652,Eliminated,15,0,0,2,6,59.0%,100,0.00,59.0%,-,-,-,-,-,-,-,-,-,-
1653,Eliminated,15,0,8,1,2,59.0%,100,0.00,59.0%,-,-,-,-,-,-,-,-,-,-
1654,Eliminated,15,5,2,1,4,59.0%,100,0.00,59.0%,-,-,-,-,-,-,-,-,-,-
1655,Eliminated,15,5,2,3,6,59.0%,100,0.00,59.0%,-,-,-,-,-,-,-,-,-,-
1656,Eliminated,15,5,6,2,2,59.0%,100,0.00,59.0%,-,-,-,-,-,-,-,-,-,-
1657,Eliminated,15,5,8,1,2,59.0%,100,0.00,59.0%,-,-,-,-,-,-,-,-,-,-
1658,Eliminated,15,10,4,1,2,59.0%,100,0.00,59.0%,-,-,-,-,-,-,-,-,-,-
1659,Eliminated,15,10,6,1,2,59.0%,100,0.00,59.0%,-,-,-,-,-,-,-,-,-,-
1660,Eliminated,15,15,0,2,6,59.0%,100,0.00,59.0%,-,-,-,-,-,-,-,-,-,-
1661,Eliminated,15,15,2,2,8,59.0%,100,0.00,59.0%,-,-,-,-,-,-,-,-,-,-
1662,Eliminated,15,15,6,2,4,59.0%,100,0.00,59.0%,-,-,-,-,-,-,-,-,-,-
1663,Eliminated,15,20,0,3,6,59.0%,100,0.00,59.0%,-,-,-,-,-,-,-,-,-,-
1664,Eliminated,15,20,8,1,2,59.0%,100,0.00,59.0%,-,-,-,-,-,-,-,-,-,-
1665,Eliminated,20,0,2,1,2,59.0%,100,0.00,59.0%,-,-,-,-,-,-,-,-,-,-
1666,Eliminated,20,0,4,3,2,59.0%,100,0.00,59.0%,-,-,-,-,-,-,-,-,-,-
1667,Eliminated,20,0,6,1,2,59.0%,100,0.00,59.0%,-,-,-,-,-,-,-,-,-,-
1668,Eliminated,20,0,8,2,2,59.0%,100,0.00,59.0%,-,-,-,-,-,-,-,-,-,-
1669,Eliminated,20,5,8,2,2,59.0%,100,0.00,59.0%,-,-,-,-,-,-,-,-,-,-
1670,Eliminated,20,15,0,1,6,59.0%,100,0.00,59.0%,-,-,-,-,-,-,-,-,-,-
1671,Eliminated,0,0,2,2,4,58.0%,100,0.00,58.0%,-,-,-,-,-,-,-,-,-,-
1672,Eliminated,0,5,2,1,2,58.0%,100,0.00,58.0%,-,-,-,-,-,-,-,-,-,-
1673,Eliminated,0,10,2,1,2,58.0%,100,0.00,58.0%,-,-,-,-,-,-,-,-,-,-
1674,Eliminated,0,20,0,2,10,58.0%,100,0.00,58.0%,-,-,-,-,-,-,-,-,-,-
1675,Eliminated,0,20,2,2,4,58.0%,100,0.00,58.0%,-,-,-,-,-,-,-,-,-,-
1676,Eliminated,0,20,8,1,0,58.0%,100,0.00,58.0%,-,-,-,-,-,-,-,-,-,-
1677,Eliminated,5,10,2,1,6,58.0%,100,0.00,58.0%,-,-,-,-,-,-,-,-,-,-
1678,Eliminated,5,20,2,2,6,58.0%,100,0.00,58.0%,-,-,-,-,-,-,-,-,-,-
1679,Eliminated,10,0,4,3,2,58.0%,100,0.00,58.0%,-,-,-,-,-,-,-,-,-,-
1680,Eliminated,10,10,0,1,8,58.0%,100,0.00,58.0%,-,-,-,-,-,-,-,-,-,-
1681,Eliminated,10,15,0,1,8,58.0%,100,0.00,58.0%,-,-,-,-,-,-,-,-,-,-
1682,Eliminated,10,20,0,2,6,58.0%,100,0.00,58.0%,-,-,-,-,-,-,-,-,-,-
1683,Eliminated,15,10,8,1,2,58.0%,100,0.00,58.0%,-,-,-,-,-,-,-,-,-,-
1684,Eliminated,20,0,4,2,2,58.0%,100,0.00,58.0%,-,-,-,-,-,-,-,-,-,-
1685,Eliminated,20,5,10,1,0,58.0%,100,0.00,58.0%,-,-,-,-,-,-,-,-,-,-
1686,Eliminated,20,10,2,3,4,58.0%,100,0.00,58.0%,-,-,-,-,-,-,-,-,-,-
1687,Eliminated,20,15,0,2,6,58.0%,100,0.00,58.0%,-,-,-,-,-,-,-,-,-,-
1688,Eliminated,20,15,2,1,8,58.0%,100,0.00,58.0%,-,-,-,-,-,-,-,-,-,-
1689,Eliminated,20,15,2,2,4,58.0%,100,0.00,58.0%,-,-,-,-,-,-,-,-,-,-
1690,Eliminated,20,15,2,3,6,58.0%,100,0.00,58.0%,-,-,-,-,-,-,-,-,-,-
1691,Eliminated,20,15,8,1,2,58.0%,100,0.00,58.0%,-,-,-,-,-,-,-,-,-,-
1692,Eliminated,20,20,0,1,6,58.0%,100,0.00,58.0%,-,-,-,-,-,-,-,-,-,-
1693,Eliminated,0,0,0,3,6,57.0%,100,0.00,57.0%,-,-,-,-,-,-,-,-,-,-
1694,Eliminated,0,10,4,1,2,57.0%,100,0.00,57.0%,-,-,-,-,-,-,-,-,-,-
1695,Eliminated,0,20,6,2,2,57.0%,100,0.00,57.0%,-,-,-,-,-,-,-,-,-,-
1696,Eliminated,5,0,6,3,2,57.0%,100,0.00,57.0%,-,-,-,-,-,-,-,-,-,-
1697,Eliminated,5,15,6,1,2,57.0%,100,0.00,57.0%,-,-,-,-,-,-,-,-,-,-
1698,Eliminated,10,5,2,1,2,57.0%,100,0.00,57.0%,-,-,-,-,-,-,-,-,-,-
1699,Eliminated,10,5,10,3,2,57.0%,100,0.00,57.0%,-,-,-,-,-,-,-,-,-,-
1700,Eliminated,10,20,0,2,8,57.0%,100,0.00,57.0%,-,-,-,-,-,-,-,-,-,-
1701,Eliminated,15,0,2,2,4,57.0%,100,0.00,57.0%,-,-,-,-,-,-,-,-,-,-
1702,Eliminated,15,0,4,1,2,57.0%,100,0.00,57.0%,-,-,-,-,-,-,-,-,-,-
1703,Eliminated,15,5,4,1,2,57.0%,100,0.00,57.0%,-,-,-,-,-,-,-,-,-,-
1704,Eliminated,15,5,10,3,2,57.0%,100,0.00,57.0%,-,-,-,-,-,-,-,-,-,-
1705,Eliminated,15,10,2,1,4,57.0%,100,0.00,57.0%,-,-,-,-,-,-,-,-,-,-
1706,Eliminated,15,10,2,3,6,57.0%,100,0.00,57.0%,-,-,-,-,-,-,-,-,-,-
1707,Eliminated,15,20,0,2,6,57.0%,100,0.00,57.0%,-,-,-,-,-,-,-,-,-,-
1708,Eliminated,15,20,2,1,6,57.0%,100,0.00,57.0%,-,-,-,-,-,-,-,-,-,-
1709,Eliminated,20,0,0,2,4,57.0%,100,0.00,57.0%,-,-,-,-,-,-,-,-,-,-
1710,Eliminated,20,0,4,1,2,57.0%,100,0.00,57.0%,-,-,-,-,-,-,-,-,-,-
1711,Eliminated,20,5,4,2,2,57.0%,100,0.00,57.0%,-,-,-,-,-,-,-,-,-,-
1712,Eliminated,20,10,8,1,2,57.0%,100,0.00,57.0%,-,-,-,-,-,-,-,-,-,-
1713,Eliminated,20,20,2,3,6,57.0%,100,0.00,57.0%,-,-,-,-,-,-,-,-,-,-
1714,Eliminated,0,0,2,3,6,56.0%,100,0.00,56.0%,-,-,-,-,-,-,-,-,-,-
1715,Eliminated,0,5,0,1,6,56.0%,100,0.00,56.0%,-,-,-,-,-,-,-,-,-,-
1716,Eliminated,0,5,10,2,0,56.0%,100,0.00,56.0%,-,-,-,-,-,-,-,-,-,-
1717,Eliminated,0,10,0,1,6,56.0%,100,0.00,56.0%,-,-,-,-,-,-,-,-,-,-
1718,Eliminated,0,10,2,2,4,56.0%,100,0.00,56.0%,-,-,-,-,-,-,-,-,-,-
1719,Eliminated,0,15,10,1,0,56.0%,100,0.00,56.0%,-,-,-,-,-,-,-,-,-,-
1720,Eliminated,0,15,10,2,0,56.0%,100,0.00,56.0%,-,-,-,-,-,-,-,-,-,-
1721,Eliminated,0,20,0,1,10,56.0%,100,0.00,56.0%,-,-,-,-,-,-,-,-,-,-
1722,Eliminated,0,20,2,1,8,56.0%,100,0.00,56.0%,-,-,-,-,-,-,-,-,-,-
1723,Eliminated,5,0,2,1,2,56.0%,100,0.00,56.0%,-,-,-,-,-,-,-,-,-,-
1724,Eliminated,5,0,8,3,2,56.0%,100,0.00,56.0%,-,-,-,-,-,-,-,-,-,-
1725,Eliminated,5,5,2,1,2,56.0%,100,0.00,56.0%,-,-,-,-,-,-,-,-,-,-
1726,Eliminated,5,5,2,2,4,56.0%,100,0.00,56.0%,-,-,-,-,-,-,-,-,-,-
1727,Eliminated,5,20,6,1,2,56.0%,100,0.00,56.0%,-,-,-,-,-,-,-,-,-,-
1728,Eliminated,10,0,8,1,2,56.0%,100,0.00,56.0%,-,-,-,-,-,-,-,-,-,-
1729,Eliminated,10,0,8,2,2,56.0%,100,0.00,56.0%,-,-,-,-,-,-,-,-,-,-
1730,Eliminated,10,10,0,3,8,56.0%,100,0.00,56.0%,-,-,-,-,-,-,-,-,-,-
1731,Eliminated,10,20,2,1,6,56.0%,100,0.00,56.0%,-,-,-,-,-,-,-,-,-,-
1732,Eliminated,10,20,2,2,4,56.0%,100,0.00,56.0%,-,-,-,-,-,-,-,-,-,-
1733,Eliminated,15,0,0,1,4,56.0%,100,0.00,56.0%,-,-,-,-,-,-,-,-,-,-
1734,Eliminated,15,5,4,3,2,56.0%,100,0.00,56.0%,-,-,-,-,-,-,-,-,-,-
1735,Eliminated,15,10,10,1,0,56.0%,100,0.00,56.0%,-,-,-,-,-,-,-,-,-,-
1736,Eliminated,15,15,2,2,6,56.0%,100,0.00,56.0%,-,-,-,-,-,-,-,-,-,-
1737,Eliminated,15,15,2,3,4,56.0%,100,0.00,56.0%,-,-,-,-,-,-,-,-,-,-
1738,Eliminated,15,20,0,1,6,56.0%,100,0.00,56.0%,-,-,-,-,-,-,-,-,-,-
1739,Eliminated,20,0,10,2,2,56.0%,100,0.00,56.0%,-,-,-,-,-,-,-,-,-,-
1740,Eliminated,20,0,10,3,2,56.0%,100,0.00,56.0%,-,-,-,-,-,-,-,-,-,-
1741,Eliminated,20,5,10,3,2,56.0%,100,0.00,56.0%,-,-,-,-,-,-,-,-,-,-
1742,Eliminated,20,15,4,3,4,56.0%,100,0.00,56.0%,-,-,-,-,-,-,-,-,-,-
1743,Eliminated,20,20,2,1,4,56.0%,100,0.00,56.0%,-,-,-,-,-,-,-,-,-,-
1744,Eliminated,20,20,2,2,4,56.0%,100,0.00,56.0%,-,-,-,-,-,-,-,-,-,-
1745,Eliminated,0,0,6,2,2,55.0%,100,0.00,55.0%,-,-,-,-,-,-,-,-,-,-
1746,Eliminated,0,5,2,3,4,55.0%,100,0.00,55.0%,-,-,-,-,-,-,-,-,-,-
1747,Eliminated,0,5,6,2,2,55.0%,100,0.00,55.0%,-,-,-,-,-,-,-,-,-,-
1748,Eliminated,0,10,6,1,2,55.0%,100,0.00,55.0%,-,-,-,-,-,-,-,-,-,-
1749,Eliminated,0,15,2,1,2,55.0%,100,0.00,55.0%,-,-,-,-,-,-,-,-,-,-
1750,Eliminated,0,20,0,3,8,55.0%,100,0.00,55.0%,-,-,-,-,-,-,-,-,-,-
1751,Eliminated,0,20,4,1,2,55.0%,100,0.00,55.0%,-,-,-,-,-,-,-,-,-,-
1752,Eliminated,0,20,6,3,4,55.0%,100,0.00,55.0%,-,-,-,-,-,-,-,-,-,-
1753,Eliminated,0,20,8,2,2,55.0%,100,0.00,55.0%,-,-,-,-,-,-,-,-,-,-
1754,Eliminated,5,0,4,3,2,55.0%,100,0.00,55.0%,-,-,-,-,-,-,-,-,-,-
1755,Eliminated,5,0,6,1,2,55.0%,100,0.00,55.0%,-,-,-,-,-,-,-,-,-,-
1756,Eliminated,5,0,8,2,2,55.0%,100,0.00,55.0%,-,-,-,-,-,-,-,-,-,-
1757,Eliminated,5,10,2,3,6,55.0%,100,0.00,55.0%,-,-,-,-,-,-,-,-,-,-
1758,Eliminated,10,0,8,3,2,55.0%,100,0.00,55.0%,-,-,-,-,-,-,-,-,-,-
1759,Eliminated,10,5,4,3,2,55.0%,100,0.00,55.0%,-,-,-,-,-,-,-,-,-,-
1760,Eliminated,10,5,6,1,2,55.0%,100,0.00,55.0%,-,-,-,-,-,-,-,-,-,-
1761,Eliminated,10,5,8,1,2,55.0%,100,0.00,55.0%,-,-,-,-,-,-,-,-,-,-
1762,Eliminated,10,10,6,3,2,55.0%,100,0.00,55.0%,-,-,-,-,-,-,-,-,-,-
1763,Eliminated,15,0,0,2,4,55.0%,100,0.00,55.0%,-,-,-,-,-,-,-,-,-,-
1764,Eliminated,15,0,0,3,4,55.0%,100,0.00,55.0%,-,-,-,-,-,-,-,-,-,-
1765,Eliminated,15,0,10,2,2,55.0%,100,0.00,55.0%,-,-,-,-,-,-,-,-,-,-
1766,Eliminated,15,5,0,1,6,55.0%,100,0.00,55.0%,-,-,-,-,-,-,-,-,-,-
1767,Eliminated,15,5,0,3,6,55.0%,100,0.00,55.0%,-,-,-,-,-,-,-,-,-,-
1768,Eliminated,15,15,8,1,2,55.0%,100,0.00,55.0%,-,-,-,-,-,-,-,-,-,-
1769,Eliminated,15,20,2,2,6,55.0%,100,0.00,55.0%,-,-,-,-,-,-,-,-,-,-
1770,Eliminated,20,0,8,1,2,55.0%,100,0.00,55.0%,-,-,-,-,-,-,-,-,-,-
1771,Eliminated,20,0,8,3,2,55.0%,100,0.00,55.0%,-,-,-,-,-,-,-,-,-,-
1772,Eliminated,20,5,2,1,4,55.0%,100,0.00,55.0%,-,-,-,-,-,-,-,-,-,-
1773,Eliminated,20,5,4,1,2,55.0%,100,0.00,55.0%,-,-,-,-,-,-,-,-,-,-
1774,Eliminated,20,5,10,2,2,55.0%,100,0.00,55.0%,-,-,-,-,-,-,-,-,-,-
1775,Eliminated,20,10,0,1,6,55.0%,100,0.00,55.0%,-,-,-,-,-,-,-,-,-,-
1776,Eliminated,20,10,0,3,6,55.0%,100,0.00,55.0%,-,-,-,-,-,-,-,-,-,-
1777,Eliminated,20,10,0,3,8,55.0%,100,0.00,55.0%,-,-,-,-,-,-,-,-,-,-
1778,Eliminated,20,10,6,3,2,55.0%,100,0.00,55.0%,-,-,-,-,-,-,-,-,-,-
1779,Eliminated,0,0,4,3,2,54.0%,100,0.00,54.0%,-,-,-,-,-,-,-,-,-,-
1780,Eliminated,0,5,4,2,2,54.0%,100,0.00,54.0%,-,-,-,-,-,-,-,-,-,-
1781,Eliminated,0,10,10,2,0,54.0%,100,0.00,54.0%,-,-,-,-,-,-,-,-,-,-
1782,Eliminated,0,15,0,1,8,54.0%,100,0.00,54.0%,-,-,-,-,-,-,-,-,-,-
1783,Eliminated,0,20,2,2,2,54.0%,100,0.00,54.0%,-,-,-,-,-,-,-,-,-,-
1784,Eliminated,5,0,4,2,2,54.0%,100,0.00,54.0%,-,-,-,-,-,-,-,-,-,-
1785,Eliminated,5,5,0,1,6,54.0%,100,0.00,54.0%,-,-,-,-,-,-,-,-,-,-
1786,Eliminated,5,10,2,3,4,54.0%,100,0.00,54.0%,-,-,-,-,-,-,-,-,-,-
1787,Eliminated,5,15,2,1,4,54.0%,100,0.00,54.0%,-,-,-,-,-,-,-,-,-,-
1788,Eliminated,5,20,2,3,4,54.0%,100,0.00,54.0%,-,-,-,-,-,-,-,-,-,-
1789,Eliminated,5,20,4,2,2,54.0%,100,0.00,54.0%,-,-,-,-,-,-,-,-,-,-
1790,Eliminated,10,0,0,2,4,54.0%,100,0.00,54.0%,-,-,-,-,-,-,-,-,-,-
1791,Eliminated,10,10,2,2,4,54.0%,100,0.00,54.0%,-,-,-,-,-,-,-,-,-,-
1792,Eliminated,10,15,2,1,4,54.0%,100,0.00,54.0%,-,-,-,-,-,-,-,-,-,-
1793,Eliminated,10,15,4,1,2,54.0%,100,0.00,54.0%,-,-,-,-,-,-,-,-,-,-
1794,Eliminated,10,15,6,1,2,54.0%,100,0.00,54.0%,-,-,-,-,-,-,-,-,-,-
1795,Eliminated,10,20,8,3,2,54.0%,100,0.00,54.0%,-,-,-,-,-,-,-,-,-,-
1796,Eliminated,15,0,4,2,2,54.0%,100,0.00,54.0%,-,-,-,-,-,-,-,-,-,-
1797,Eliminated,15,0,10,3,2,54.0%,100,0.00,54.0%,-,-,-,-,-,-,-,-,-,-
1798,Eliminated,15,5,2,1,2,54.0%,100,0.00,54.0%,-,-,-,-,-,-,-,-,-,-
1799,Eliminated,15,5,4,2,2,54.0%,100,0.00,54.0%,-,-,-,-,-,-,-,-,-,-
1800,Eliminated,15,5,8,3,2,54.0%,100,0.00,54.0%,-,-,-,-,-,-,-,-,-,-
1801,Eliminated,15,10,0,1,6,54.0%,100,0.00,54.0%,-,-,-,-,-,-,-,-,-,-
1802,Eliminated,15,10,0,2,6,54.0%,100,0.00,54.0%,-,-,-,-,-,-,-,-,-,-
1803,Eliminated,15,10,2,2,4,54.0%,100,0.00,54.0%,-,-,-,-,-,-,-,-,-,-
1804,Eliminated,15,10,4,3,2,54.0%,100,0.00,54.0%,-,-,-,-,-,-,-,-,-,-
1805,Eliminated,15,15,0,1,10,54.0%,100,0.00,54.0%,-,-,-,-,-,-,-,-,-,-
1806,Eliminated,15,15,0,2,8,54.0%,100,0.00,54.0%,-,-,-,-,-,-,-,-,-,-
1807,Eliminated,15,15,2,2,4,54.0%,100,0.00,54.0%,-,-,-,-,-,-,-,-,-,-
1808,Eliminated,15,15,4,3,2,54.0%,100,0.00,54.0%,-,-,-,-,-,-,-,-,-,-
1809,Eliminated,15,20,4,1,2,54.0%,100,0.00,54.0%,-,-,-,-,-,-,-,-,-,-
1810,Eliminated,15,20,8,2,2,54.0%,100,0.00,54.0%,-,-,-,-,-,-,-,-,-,-
1811,Eliminated,20,0,2,2,2,54.0%,100,0.00,54.0%,-,-,-,-,-,-,-,-,-,-
1812,Eliminated,20,20,10,2,4,54.0%,100,0.00,54.0%,-,-,-,-,-,-,-,-,-,-
1813,Eliminated,0,0,2,1,2,53.0%,100,0.00,53.0%,-,-,-,-,-,-,-,-,-,-
1814,Eliminated,0,0,2,1,4,53.0%,100,0.00,53.0%,-,-,-,-,-,-,-,-,-,-
1815,Eliminated,0,10,2,3,6,53.0%,100,0.00,53.0%,-,-,-,-,-,-,-,-,-,-
1816,Eliminated,0,15,2,2,4,53.0%,100,0.00,53.0%,-,-,-,-,-,-,-,-,-,-
1817,Eliminated,0,15,8,2,2,53.0%,100,0.00,53.0%,-,-,-,-,-,-,-,-,-,-
1818,Eliminated,0,20,0,2,8,53.0%,100,0.00,53.0%,-,-,-,-,-,-,-,-,-,-
1819,Eliminated,5,5,0,2,6,53.0%,100,0.00,53.0%,-,-,-,-,-,-,-,-,-,-
1820,Eliminated,5,15,8,1,2,53.0%,100,0.00,53.0%,-,-,-,-,-,-,-,-,-,-
1821,Eliminated,5,20,0,3,6,53.0%,100,0.00,53.0%,-,-,-,-,-,-,-,-,-,-
1822,Eliminated,10,0,10,1,2,53.0%,100,0.00,53.0%,-,-,-,-,-,-,-,-,-,-
1823,Eliminated,10,5,8,2,2,53.0%,100,0.00,53.0%,-,-,-,-,-,-,-,-,-,-
1824,Eliminated,10,10,0,2,6,53.0%,100,0.00,53.0%,-,-,-,-,-,-,-,-,-,-
1825,Eliminated,10,10,10,1,0,53.0%,100,0.00,53.0%,-,-,-,-,-,-,-,-,-,-
1826,Eliminated,15,0,8,3,2,53.0%,100,0.00,53.0%,-,-,-,-,-,-,-,-,-,-
1827,Eliminated,15,5,2,2,4,53.0%,100,0.00,53.0%,-,-,-,-,-,-,-,-,-,-
1828,Eliminated,15,10,2,3,4,53.0%,100,0.00,53.0%,-,-,-,-,-,-,-,-,-,-
1829,Eliminated,15,10,8,2,2,53.0%,100,0.00,53.0%,-,-,-,-,-,-,-,-,-,-
1830,Eliminated,15,15,4,1,2,53.0%,100,0.00,53.0%,-,-,-,-,-,-,-,-,-,-
1831,Eliminated,15,15,4,2,2,53.0%,100,0.00,53.0%,-,-,-,-,-,-,-,-,-,-
1832,Eliminated,15,15,6,1,2,53.0%,100,0.00,53.0%,-,-,-,-,-,-,-,-,-,-
1833,Eliminated,15,20,2,1,4,53.0%,100,0.00,53.0%,-,-,-,-,-,-,-,-,-,-
1834,Eliminated,20,5,0,1,4,53.0%,100,0.00,53.0%,-,-,-,-,-,-,-,-,-,-
1835,Eliminated,20,5,2,1,2,53.0%,100,0.00,53.0%,-,-,-,-,-,-,-,-,-,-
1836,Eliminated,20,5,6,1,2,53.0%,100,0.00,53.0%,-,-,-,-,-,-,-,-,-,-
1837,Eliminated,20,5,8,1,2,53.0%,100,0.00,53.0%,-,-,-,-,-,-,-,-,-,-
1838,Eliminated,20,20,0,2,6,53.0%,100,0.00,53.0%,-,-,-,-,-,-,-,-,-,-
1839,Eliminated,0,0,4,2,2,52.0%,100,0.00,52.0%,-,-,-,-,-,-,-,-,-,-
1840,Eliminated,0,0,6,3,2,52.0%,100,0.00,52.0%,-,-,-,-,-,-,-,-,-,-
1841,Eliminated,0,0,10,1,0,52.0%,100,0.00,52.0%,-,-,-,-,-,-,-,-,-,-
1842,Eliminated,0,5,8,2,2,52.0%,100,0.00,52.0%,-,-,-,-,-,-,-,-,-,-
1843,Eliminated,0,5,10,3,2,52.0%,100,0.00,52.0%,-,-,-,-,-,-,-,-,-,-
1844,Eliminated,0,10,8,1,0,52.0%,100,0.00,52.0%,-,-,-,-,-,-,-,-,-,-
1845,Eliminated,0,10,8,3,2,52.0%,100,0.00,52.0%,-,-,-,-,-,-,-,-,-,-
1846,Eliminated,0,10,10,3,2,52.0%,100,0.00,52.0%,-,-,-,-,-,-,-,-,-,-
1847,Eliminated,0,15,0,3,8,52.0%,100,0.00,52.0%,-,-,-,-,-,-,-,-,-,-
1848,Eliminated,0,15,2,2,6,52.0%,100,0.00,52.0%,-,-,-,-,-,-,-,-,-,-
1849,Eliminated,5,0,0,3,4,52.0%,100,0.00,52.0%,-,-,-,-,-,-,-,-,-,-
1850,Eliminated,5,5,6,2,2,52.0%,100,0.00,52.0%,-,-,-,-,-,-,-,-,-,-
1851,Eliminated,5,10,0,1,6,52.0%,100,0.00,52.0%,-,-,-,-,-,-,-,-,-,-
1852,Eliminated,5,15,6,2,2,52.0%,100,0.00,52.0%,-,-,-,-,-,-,-,-,-,-
1853,Eliminated,10,0,0,3,4,52.0%,100,0.00,52.0%,-,-,-,-,-,-,-,-,-,-
1854,Eliminated,10,5,0,1,6,52.0%,100,0.00,52.0%,-,-,-,-,-,-,-,-,-,-
1855,Eliminated,10,10,2,3,4,52.0%,100,0.00,52.0%,-,-,-,-,-,-,-,-,-,-
1856,Eliminated,10,10,8,1,2,52.0%,100,0.00,52.0%,-,-,-,-,-,-,-,-,-,-
1857,Eliminated,10,15,2,3,4,52.0%,100,0.00,52.0%,-,-,-,-,-,-,-,-,-,-
1858,Eliminated,15,0,0,3,6,52.0%,100,0.00,52.0%,-,-,-,-,-,-,-,-,-,-
1859,Eliminated,15,5,2,2,2,52.0%,100,0.00,52.0%,-,-,-,-,-,-,-,-,-,-
1860,Eliminated,15,15,10,3,2,52.0%,100,0.00,52.0%,-,-,-,-,-,-,-,-,-,-
1861,Eliminated,15,20,0,2,8,52.0%,100,0.00,52.0%,-,-,-,-,-,-,-,-,-,-
1862,Eliminated,15,20,2,2,4,52.0%,100,0.00,52.0%,-,-,-,-,-,-,-,-,-,-
1863,Eliminated,20,0,0,3,4,52.0%,100,0.00,52.0%,-,-,-,-,-,-,-,-,-,-
1864,Eliminated,20,0,6,2,2,52.0%,100,0.00,52.0%,-,-,-,-,-,-,-,-,-,-
1865,Eliminated,20,5,0,1,6,52.0%,100,0.00,52.0%,-,-,-,-,-,-,-,-,-,-
1866,Eliminated,20,5,6,3,2,52.0%,100,0.00,52.0%,-,-,-,-,-,-,-,-,-,-
1867,Eliminated,20,10,4,3,2,52.0%,100,0.00,52.0%,-,-,-,-,-,-,-,-,-,-
1868,Eliminated,20,15,6,1,2,52.0%,100,0.00,52.0%,-,-,-,-,-,-,-,-,-,-
1869,Eliminated,20,20,8,1,2,52.0%,100,0.00,52.0%,-,-,-,-,-,-,-,-,-,-
1870,Eliminated,0,5,2,2,4,51.0%,100,0.00,51.0%,-,-,-,-,-,-,-,-,-,-
1871,Eliminated,0,10,2,2,2,51.0%,100,0.00,51.0%,-,-,-,-,-,-,-,-,-,-
1872,Eliminated,0,20,2,3,4,51.0%,100,0.00,51.0%,-,-,-,-,-,-,-,-,-,-
1873,Eliminated,5,0,10,1,2,51.0%,100,0.00,51.0%,-,-,-,-,-,-,-,-,-,-
1874,Eliminated,5,5,2,3,4,51.0%,100,0.00,51.0%,-,-,-,-,-,-,-,-,-,-
1875,Eliminated,5,5,6,3,2,51.0%,100,0.00,51.0%,-,-,-,-,-,-,-,-,-,-
1876,Eliminated,5,10,0,3,8,51.0%,100,0.00,51.0%,-,-,-,-,-,-,-,-,-,-
1877,Eliminated,5,10,4,1,2,51.0%,100,0.00,51.0%,-,-,-,-,-,-,-,-,-,-
1878,Eliminated,5,10,6,1,2,51.0%,100,0.00,51.0%,-,-,-,-,-,-,-,-,-,-
1879,Eliminated,5,10,6,2,2,51.0%,100,0.00,51.0%,-,-,-,-,-,-,-,-,-,-
1880,Eliminated,5,15,8,2,2,51.0%,100,0.00,51.0%,-,-,-,-,-,-,-,-,-,-
1881,Eliminated,5,15,10,2,2,51.0%,100,0.00,51.0%,-,-,-,-,-,-,-,-,-,-
1882,Eliminated,5,20,8,1,2,51.0%,100,0.00,51.0%,-,-,-,-,-,-,-,-,-,-
1883,Eliminated,10,0,2,1,2,51.0%,100,0.00,51.0%,-,-,-,-,-,-,-,-,-,-
1884,Eliminated,10,5,0,1,2,51.0%,100,0.00,51.0%,-,-,-,-,-,-,-,-,-,-
1885,Eliminated,10,5,0,2,6,51.0%,100,0.00,51.0%,-,-,-,-,-,-,-,-,-,-
1886,Eliminated,10,10,6,2,2,51.0%,100,0.00,51.0%,-,-,-,-,-,-,-,-,-,-
1887,Eliminated,10,15,6,2,2,51.0%,100,0.00,51.0%,-,-,-,-,-,-,-,-,-,-
1888,Eliminated,10,20,6,1,2,51.0%,100,0.00,51.0%,-,-,-,-,-,-,-,-,-,-
1889,Eliminated,15,0,0,3,2,51.0%,100,0.00,51.0%,-,-,-,-,-,-,-,-,-,-
1890,Eliminated,15,0,2,3,2,51.0%,100,0.00,51.0%,-,-,-,-,-,-,-,-,-,-
1891,Eliminated,15,5,2,3,4,51.0%,100,0.00,51.0%,-,-,-,-,-,-,-,-,-,-
1892,Eliminated,15,5,10,1,0,51.0%,100,0.00,51.0%,-,-,-,-,-,-,-,-,-,-
1893,Eliminated,15,15,0,3,6,51.0%,100,0.00,51.0%,-,-,-,-,-,-,-,-,-,-
1894,Eliminated,15,15,10,1,0,51.0%,100,0.00,51.0%,-,-,-,-,-,-,-,-,-,-
1895,Eliminated,20,0,0,1,4,51.0%,100,0.00,51.0%,-,-,-,-,-,-,-,-,-,-
1896,Eliminated,20,5,2,3,2,51.0%,100,0.00,51.0%,-,-,-,-,-,-,-,-,-,-
1897,Eliminated,20,10,4,1,2,51.0%,100,0.00,51.0%,-,-,-,-,-,-,-,-,-,-
1898,Eliminated,20,15,4,3,2,51.0%,100,0.00,51.0%,-,-,-,-,-,-,-,-,-,-
1899,Eliminated,0,0,2,2,2,50.0%,100,0.00,50.0%,-,-,-,-,-,-,-,-,-,-
1900,Eliminated,0,10,0,3,6,50.0%,100,0.00,50.0%,-,-,-,-,-,-,-,-,-,-
1901,Eliminated,0,10,6,2,2,50.0%,100,0.00,50.0%,-,-,-,-,-,-,-,-,-,-
1902,Eliminated,0,10,10,1,0,50.0%,100,0.00,50.0%,-,-,-,-,-,-,-,-,-,-
1903,Eliminated,0,20,0,1,4,50.0%,100,0.00,50.0%,-,-,-,-,-,-,-,-,-,-
1904,Eliminated,0,20,0,3,6,50.0%,100,0.00,50.0%,-,-,-,-,-,-,-,-,-,-
1905,Eliminated,5,10,2,1,4,50.0%,100,0.00,50.0%,-,-,-,-,-,-,-,-,-,-
1906,Eliminated,5,10,2,2,4,50.0%,100,0.00,50.0%,-,-,-,-,-,-,-,-,-,-
1907,Eliminated,5,20,0,2,8,50.0%,100,0.00,50.0%,-,-,-,-,-,-,-,-,-,-
1908,Eliminated,10,0,2,3,2,50.0%,100,0.00,50.0%,-,-,-,-,-,-,-,-,-,-
1909,Eliminated,10,0,10,3,2,50.0%,100,0.00,50.0%,-,-,-,-,-,-,-,-,-,-
1910,Eliminated,10,5,10,2,2,50.0%,100,0.00,50.0%,-,-,-,-,-,-,-,-,-,-
1911,Eliminated,10,10,4,2,2,50.0%,100,0.00,50.0%,-,-,-,-,-,-,-,-,-,-
1912,Eliminated,10,15,0,2,6,50.0%,100,0.00,50.0%,-,-,-,-,-,-,-,-,-,-
1913,Eliminated,10,15,6,3,2,50.0%,100,0.00,50.0%,-,-,-,-,-,-,-,-,-,-
1914,Eliminated,10,20,0,1,6,50.0%,100,0.00,50.0%,-,-,-,-,-,-,-,-,-,-
1915,Eliminated,10,20,4,1,2,50.0%,100,0.00,50.0%,-,-,-,-,-,-,-,-,-,-
1916,Eliminated,10,20,8,2,2,50.0%,100,0.00,50.0%,-,-,-,-,-,-,-,-,-,-
1917,Eliminated,15,5,0,2,6,50.0%,100,0.00,50.0%,-,-,-,-,-,-,-,-,-,-
1918,Eliminated,15,5,6,3,2,50.0%,100,0.00,50.0%,-,-,-,-,-,-,-,-,-,-
1919,Eliminated,15,10,2,1,2,50.0%,100,0.00,50.0%,-,-,-,-,-,-,-,-,-,-
1920,Eliminated,15,20,6,2,2,50.0%,100,0.00,50.0%,-,-,-,-,-,-,-,-,-,-
1921,Eliminated,15,20,10,1,0,50.0%,100,0.00,50.0%,-,-,-,-,-,-,-,-,-,-
1922,Eliminated,20,10,0,2,6,50.0%,100,0.00,50.0%,-,-,-,-,-,-,-,-,-,-
1923,Eliminated,20,10,6,2,2,50.0%,100,0.00,50.0%,-,-,-,-,-,-,-,-,-,-
1924,Eliminated,20,15,2,1,2,50.0%,100,0.00,50.0%,-,-,-,-,-,-,-,-,-,-
1925,Eliminated,20,20,10,1,0,50.0%,100,0.00,50.0%,-,-,-,-,-,-,-,-,-,-
1926,Eliminated,0,10,0,1,4,49.0%,100,0.00,49.0%,-,-,-,-,-,-,-,-,-,-
1927,Eliminated,0,15,0,1,6,49.0%,100,0.00,49.0%,-,-,-,-,-,-,-,-,-,-
1928,Eliminated,0,15,2,1,4,49.0%,100,0.00,49.0%,-,-,-,-,-,-,-,-,-,-
1929,Eliminated,0,20,2,1,2,49.0%,100,0.00,49.0%,-,-,-,-,-,-,-,-,-,-
1930,Eliminated,5,0,2,2,2,49.0%,100,0.00,49.0%,-,-,-,-,-,-,-,-,-,-
1931,Eliminated,5,0,10,3,2,49.0%,100,0.00,49.0%,-,-,-,-,-,-,-,-,-,-
1932,Eliminated,5,5,2,3,2,49.0%,100,0.00,49.0%,-,-,-,-,-,-,-,-,-,-
1933,Eliminated,5,5,4,2,2,49.0%,100,0.00,49.0%,-,-,-,-,-,-,-,-,-,-
1934,Eliminated,5,5,10,1,0,49.0%,100,0.00,49.0%,-,-,-,-,-,-,-,-,-,-
1935,Eliminated,5,20,0,2,6,49.0%,100,0.00,49.0%,-,-,-,-,-,-,-,-,-,-
1936,Eliminated,10,5,0,2,4,49.0%,100,0.00,49.0%,-,-,-,-,-,-,-,-,-,-
1937,Eliminated,10,5,6,2,2,49.0%,100,0.00,49.0%,-,-,-,-,-,-,-,-,-,-
1938,Eliminated,10,5,6,3,2,49.0%,100,0.00,49.0%,-,-,-,-,-,-,-,-,-,-
1939,Eliminated,10,15,0,1,6,49.0%,100,0.00,49.0%,-,-,-,-,-,-,-,-,-,-
1940,Eliminated,10,15,4,2,2,49.0%,100,0.00,49.0%,-,-,-,-,-,-,-,-,-,-
1941,Eliminated,10,15,8,3,2,49.0%,100,0.00,49.0%,-,-,-,-,-,-,-,-,-,-
1942,Eliminated,10,20,4,2,2,49.0%,100,0.00,49.0%,-,-,-,-,-,-,-,-,-,-
1943,Eliminated,15,5,0,1,4,49.0%,100,0.00,49.0%,-,-,-,-,-,-,-,-,-,-
1944,Eliminated,15,20,2,1,2,49.0%,100,0.00,49.0%,-,-,-,-,-,-,-,-,-,-
1945,Eliminated,15,20,6,1,2,49.0%,100,0.00,49.0%,-,-,-,-,-,-,-,-,-,-
1946,Eliminated,20,5,2,2,2,49.0%,100,0.00,49.0%,-,-,-,-,-,-,-,-,-,-
1947,Eliminated,20,5,4,3,2,49.0%,100,0.00,49.0%,-,-,-,-,-,-,-,-,-,-
1948,Eliminated,20,5,6,2,2,49.0%,100,0.00,49.0%,-,-,-,-,-,-,-,-,-,-
1949,Eliminated,20,15,2,2,2,49.0%,100,0.00,49.0%,-,-,-,-,-,-,-,-,-,-
1950,Eliminated,20,20,2,3,4,49.0%,100,0.00,49.0%,-,-,-,-,-,-,-,-,-,-
1951,Eliminated,0,10,4,3,2,48.0%,100,0.00,48.0%,-,-,-,-,-,-,-,-,-,-
1952,Eliminated,0,20,4,1,0,48.0%,100,0.00,48.0%,-,-,-,-,-,-,-,-,-,-
1953,Eliminated,0,20,6,3,2,48.0%,100,0.00,48.0%,-,-,-,-,-,-,-,-,-,-
1954,Eliminated,5,5,8,3,2,48.0%,100,0.00,48.0%,-,-,-,-,-,-,-,-,-,-
1955,Eliminated,5,5,10,3,2,48.0%,100,0.00,48.0%,-,-,-,-,-,-,-,-,-,-
1956,Eliminated,5,15,2,2,4,48.0%,100,0.00,48.0%,-,-,-,-,-,-,-,-,-,-
1957,Eliminated,5,20,4,3,2,48.0%,100,0.00,48.0%,-,-,-,-,-,-,-,-,-,-
1958,Eliminated,5,20,8,2,2,48.0%,100,0.00,48.0%,-,-,-,-,-,-,-,-,-,-
1959,Eliminated,5,20,10,3,2,48.0%,100,0.00,48.0%,-,-,-,-,-,-,-,-,-,-
1960,Eliminated,10,5,4,1,2,48.0%,100,0.00,48.0%,-,-,-,-,-,-,-,-,-,-
1961,Eliminated,10,10,2,1,2,48.0%,100,0.00,48.0%,-,-,-,-,-,-,-,-,-,-
1962,Eliminated,10,10,2,1,4,48.0%,100,0.00,48.0%,-,-,-,-,-,-,-,-,-,-
1963,Eliminated,10,15,0,2,4,48.0%,100,0.00,48.0%,-,-,-,-,-,-,-,-,-,-
1964,Eliminated,10,15,0,3,6,48.0%,100,0.00,48.0%,-,-,-,-,-,-,-,-,-,-
1965,Eliminated,10,15,8,2,2,48.0%,100,0.00,48.0%,-,-,-,-,-,-,-,-,-,-
1966,Eliminated,10,20,8,1,2,48.0%,100,0.00,48.0%,-,-,-,-,-,-,-,-,-,-
1967,Eliminated,10,20,10,2,2,48.0%,100,0.00,48.0%,-,-,-,-,-,-,-,-,-,-
1968,Eliminated,15,0,6,2,2,48.0%,100,0.00,48.0%,-,-,-,-,-,-,-,-,-,-
1969,Eliminated,15,10,10,2,2,48.0%,100,0.00,48.0%,-,-,-,-,-,-,-,-,-,-
1970,Eliminated,15,15,2,3,2,48.0%,100,0.00,48.0%,-,-,-,-,-,-,-,-,-,-
1971,Eliminated,15,20,4,3,2,48.0%,100,0.00,48.0%,-,-,-,-,-,-,-,-,-,-
1972,Eliminated,15,20,10,3,2,48.0%,100,0.00,48.0%,-,-,-,-,-,-,-,-,-,-
1973,Eliminated,20,5,8,3,2,48.0%,100,0.00,48.0%,-,-,-,-,-,-,-,-,-,-
1974,Eliminated,20,10,4,2,2,48.0%,100,0.00,48.0%,-,-,-,-,-,-,-,-,-,-
1975,Eliminated,20,15,4,1,2,48.0%,100,0.00,48.0%,-,-,-,-,-,-,-,-,-,-
1976,Eliminated,20,15,4,2,2,48.0%,100,0.00,48.0%,-,-,-,-,-,-,-,-,-,-
1977,Eliminated,20,20,2,3,2,48.0%,100,0.00,48.0%,-,-,-,-,-,-,-,-,-,-
1978,Eliminated,0,0,10,2,2,47.0%,100,0.00,47.0%,-,-,-,-,-,-,-,-,-,-
1979,Eliminated,0,5,0,2,6,47.0%,100,0.00,47.0%,-,-,-,-,-,-,-,-,-,-
1980,Eliminated,0,10,2,3,4,47.0%,100,0.00,47.0%,-,-,-,-,-,-,-,-,-,-
1981,Eliminated,5,0,0,1,2,47.0%,100,0.00,47.0%,-,-,-,-,-,-,-,-,-,-
1982,Eliminated,5,0,0,2,4,47.0%,100,0.00,47.0%,-,-,-,-,-,-,-,-,-,-
1983,Eliminated,5,0,2,3,2,47.0%,100,0.00,47.0%,-,-,-,-,-,-,-,-,-,-
1984,Eliminated,5,5,0,3,6,47.0%,100,0.00,47.0%,-,-,-,-,-,-,-,-,-,-
1985,Eliminated,5,5,10,2,2,47.0%,100,0.00,47.0%,-,-,-,-,-,-,-,-,-,-
1986,Eliminated,5,10,0,3,6,47.0%,100,0.00,47.0%,-,-,-,-,-,-,-,-,-,-
1987,Eliminated,5,10,8,1,2,47.0%,100,0.00,47.0%,-,-,-,-,-,-,-,-,-,-
1988,Eliminated,5,15,0,2,6,47.0%,100,0.00,47.0%,-,-,-,-,-,-,-,-,-,-
1989,Eliminated,5,15,4,3,2,47.0%,100,0.00,47.0%,-,-,-,-,-,-,-,-,-,-
1990,Eliminated,5,20,0,1,6,47.0%,100,0.00,47.0%,-,-,-,-,-,-,-,-,-,-
1991,Eliminated,5,20,6,2,2,47.0%,100,0.00,47.0%,-,-,-,-,-,-,-,-,-,-
1992,Eliminated,5,20,10,2,2,47.0%,100,0.00,47.0%,-,-,-,-,-,-,-,-,-,-
1993,Eliminated,10,0,0,2,2,47.0%,100,0.00,47.0%,-,-,-,-,-,-,-,-,-,-
1994,Eliminated,10,5,0,3,4,47.0%,100,0.00,47.0%,-,-,-,-,-,-,-,-,-,-
1995,Eliminated,10,10,2,3,2,47.0%,100,0.00,47.0%,-,-,-,-,-,-,-,-,-,-
1996,Eliminated,10,15,2,3,2,47.0%,100,0.00,47.0%,-,-,-,-,-,-,-,-,-,-
1997,Eliminated,10,20,2,3,4,47.0%,100,0.00,47.0%,-,-,-,-,-,-,-,-,-,-
1998,Eliminated,15,5,10,2,2,47.0%,100,0.00,47.0%,-,-,-,-,-,-,-,-,-,-
1999,Eliminated,15,10,0,3,6,47.0%,100,0.00,47.0%,-,-,-,-,-,-,-,-,-,-
2000,Eliminated,15,10,4,2,2,47.0%,100,0.00,47.0%,-,-,-,-,-,-,-,-,-,-
2001,Eliminated,15,15,6,3,2,47.0%,100,0.00,47.0%,-,-,-,-,-,-,-,-,-,-
2002,Eliminated,15,20,2,3,4,47.0%,100,0.00,47.0%,-,-,-,-,-,-,-,-,-,-
2003,Eliminated,20,5,0,3,4,47.0%,100,0.00,47.0%,-,-,-,-,-,-,-,-,-,-
2004,Eliminated,20,20,0,3,6,47.0%,100,0.00,47.0%,-,-,-,-,-,-,-,-,-,-
2005,Eliminated,20,20,2,1,2,47.0%,100,0.00,47.0%,-,-,-,-,-,-,-,-,-,-
2006,Eliminated,20,20,8,3,2,47.0%,100,0.00,47.0%,-,-,-,-,-,-,-,-,-,-
2007,Eliminated,0,0,0,3,4,46.0%,100,0.00,46.0%,-,-,-,-,-,-,-,-,-,-
2008,Eliminated,0,0,8,3,2,46.0%,100,0.00,46.0%,-,-,-,-,-,-,-,-,-,-
2009,Eliminated,0,5,0,1,4,46.0%,100,0.00,46.0%,-,-,-,-,-,-,-,-,-,-
2010,Eliminated,0,5,8,1,0,46.0%,100,0.00,46.0%,-,-,-,-,-,-,-,-,-,-
2011,Eliminated,0,15,0,2,6,46.0%,100,0.00,46.0%,-,-,-,-,-,-,-,-,-,-
2012,Eliminated,0,15,2,3,4,46.0%,100,0.00,46.0%,-,-,-,-,-,-,-,-,-,-
2013,Eliminated,0,15,6,2,2,46.0%,100,0.00,46.0%,-,-,-,-,-,-,-,-,-,-
2014,Eliminated,0,15,10,3,2,46.0%,100,0.00,46.0%,-,-,-,-,-,-,-,-,-,-
2015,Eliminated,0,20,0,1,6,46.0%,100,0.00,46.0%,-,-,-,-,-,-,-,-,-,-
2016,Eliminated,0,20,2,1,0,46.0%,100,0.00,46.0%,-,-,-,-,-,-,-,-,-,-
2017,Eliminated,5,0,0,1,4,46.0%,100,0.00,46.0%,-,-,-,-,-,-,-,-,-,-
2018,Eliminated,5,5,0,1,4,46.0%,100,0.00,46.0%,-,-,-,-,-,-,-,-,-,-
2019,Eliminated,5,5,2,2,2,46.0%,100,0.00,46.0%,-,-,-,-,-,-,-,-,-,-
2020,Eliminated,5,5,4,3,2,46.0%,100,0.00,46.0%,-,-,-,-,-,-,-,-,-,-
2021,Eliminated,5,10,6,3,2,46.0%,100,0.00,46.0%,-,-,-,-,-,-,-,-,-,-
2022,Eliminated,5,10,10,2,2,46.0%,100,0.00,46.0%,-,-,-,-,-,-,-,-,-,-
2023,Eliminated,5,10,10,3,2,46.0%,100,0.00,46.0%,-,-,-,-,-,-,-,-,-,-
2024,Eliminated,5,15,0,3,6,46.0%,100,0.00,46.0%,-,-,-,-,-,-,-,-,-,-
2025,Eliminated,5,15,2,1,2,46.0%,100,0.00,46.0%,-,-,-,-,-,-,-,-,-,-
2026,Eliminated,5,20,2,1,4,46.0%,100,0.00,46.0%,-,-,-,-,-,-,-,-,-,-
2027,Eliminated,10,0,0,1,4,46.0%,100,0.00,46.0%,-,-,-,-,-,-,-,-,-,-
2028,Eliminated,10,0,0,3,2,46.0%,100,0.00,46.0%,-,-,-,-,-,-,-,-,-,-
2029,Eliminated,10,5,0,1,4,46.0%,100,0.00,46.0%,-,-,-,-,-,-,-,-,-,-
2030,Eliminated,10,5,10,1,0,46.0%,100,0.00,46.0%,-,-,-,-,-,-,-,-,-,-
2031,Eliminated,10,10,0,3,6,46.0%,100,0.00,46.0%,-,-,-,-,-,-,-,-,-,-
2032,Eliminated,10,10,8,2,2,46.0%,100,0.00,46.0%,-,-,-,-,-,-,-,-,-,-
2033,Eliminated,10,10,10,3,2,46.0%,100,0.00,46.0%,-,-,-,-,-,-,-,-,-,-
2034,Eliminated,10,15,10,1,0,46.0%,100,0.00,46.0%,-,-,-,-,-,-,-,-,-,-
2035,Eliminated,10,20,4,3,2,46.0%,100,0.00,46.0%,-,-,-,-,-,-,-,-,-,-
2036,Eliminated,15,0,0,2,2,46.0%,100,0.00,46.0%,-,-,-,-,-,-,-,-,-,-
2037,Eliminated,15,5,0,3,4,46.0%,100,0.00,46.0%,-,-,-,-,-,-,-,-,-,-
2038,Eliminated,15,5,2,3,2,46.0%,100,0.00,46.0%,-,-,-,-,-,-,-,-,-,-
2039,Eliminated,15,10,10,3,2,46.0%,100,0.00,46.0%,-,-,-,-,-,-,-,-,-,-
2040,Eliminated,15,15,0,1,6,46.0%,100,0.00,46.0%,-,-,-,-,-,-,-,-,-,-
2041,Eliminated,15,15,10,2,2,46.0%,100,0.00,46.0%,-,-,-,-,-,-,-,-,-,-
2042,Eliminated,20,10,2,1,2,46.0%,100,0.00,46.0%,-,-,-,-,-,-,-,-,-,-
2043,Eliminated,20,10,2,3,2,46.0%,100,0.00,46.0%,-,-,-,-,-,-,-,-,-,-
2044,Eliminated,20,10,10,3,2,46.0%,100,0.00,46.0%,-,-,-,-,-,-,-,-,-,-
2045,Eliminated,0,0,0,2,2,45.0%,100,0.00,45.0%,-,-,-,-,-,-,-,-,-,-
2046,Eliminated,0,0,10,3,2,45.0%,100,0.00,45.0%,-,-,-,-,-,-,-,-,-,-
2047,Eliminated,0,5,4,1,0,45.0%,100,0.00,45.0%,-,-,-,-,-,-,-,-,-,-
2048,Eliminated,0,5,4,3,2,45.0%,100,0.00,45.0%,-,-,-,-,-,-,-,-,-,-
2049,Eliminated,0,5,6,3,2,45.0%,100,0.00,45.0%,-,-,-,-,-,-,-,-,-,-
2050,Eliminated,0,10,0,3,4,45.0%,100,0.00,45.0%,-,-,-,-,-,-,-,-,-,-
2051,Eliminated,0,10,6,3,2,45.0%,100,0.00,45.0%,-,-,-,-,-,-,-,-,-,-
2052,Eliminated,0,15,4,1,0,45.0%,100,0.00,45.0%,-,-,-,-,-,-,-,-,-,-
2053,Eliminated,0,15,4,2,2,45.0%,100,0.00,45.0%,-,-,-,-,-,-,-,-,-,-
2054,Eliminated,0,15,6,1,0,45.0%,100,0.00,45.0%,-,-,-,-,-,-,-,-,-,-
2055,Eliminated,0,20,10,3,2,45.0%,100,0.00,45.0%,-,-,-,-,-,-,-,-,-,-
2056,Eliminated,5,10,0,2,6,45.0%,100,0.00,45.0%,-,-,-,-,-,-,-,-,-,-
2057,Eliminated,5,10,2,1,2,45.0%,100,0.00,45.0%,-,-,-,-,-,-,-,-,-,-
2058,Eliminated,5,10,2,2,2,45.0%,100,0.00,45.0%,-,-,-,-,-,-,-,-,-,-
2059,Eliminated,5,15,2,3,4,45.0%,100,0.00,45.0%,-,-,-,-,-,-,-,-,-,-
2060,Eliminated,5,15,6,3,2,45.0%,100,0.00,45.0%,-,-,-,-,-,-,-,-,-,-
2061,Eliminated,5,15,10,1,0,45.0%,100,0.00,45.0%,-,-,-,-,-,-,-,-,-,-
2062,Eliminated,5,20,0,3,4,45.0%,100,0.00,45.0%,-,-,-,-,-,-,-,-,-,-
2063,Eliminated,5,20,2,1,2,45.0%,100,0.00,45.0%,-,-,-,-,-,-,-,-,-,-
2064,Eliminated,10,10,2,2,2,45.0%,100,0.00,45.0%,-,-,-,-,-,-,-,-,-,-
2065,Eliminated,10,10,4,3,2,45.0%,100,0.00,45.0%,-,-,-,-,-,-,-,-,-,-
2066,Eliminated,10,20,10,1,0,45.0%,100,0.00,45.0%,-,-,-,-,-,-,-,-,-,-
2067,Eliminated,15,15,0,2,4,45.0%,100,0.00,45.0%,-,-,-,-,-,-,-,-,-,-
2068,Eliminated,15,15,2,2,2,45.0%,100,0.00,45.0%,-,-,-,-,-,-,-,-,-,-
2069,Eliminated,15,20,2,2,2,45.0%,100,0.00,45.0%,-,-,-,-,-,-,-,-,-,-
2070,Eliminated,20,10,0,3,4,45.0%,100,0.00,45.0%,-,-,-,-,-,-,-,-,-,-
2071,Eliminated,20,10,8,2,2,45.0%,100,0.00,45.0%,-,-,-,-,-,-,-,-,-,-
2072,Eliminated,20,10,10,1,0,45.0%,100,0.00,45.0%,-,-,-,-,-,-,-,-,-,-
2073,Eliminated,20,20,4,2,2,45.0%,100,0.00,45.0%,-,-,-,-,-,-,-,-,-,-
2074,Eliminated,20,20,4,3,2,45.0%,100,0.00,45.0%,-,-,-,-,-,-,-,-,-,-
2075,Eliminated,0,5,2,2,2,44.0%,100,0.00,44.0%,-,-,-,-,-,-,-,-,-,-
2076,Eliminated,0,5,8,3,2,44.0%,100,0.00,44.0%,-,-,-,-,-,-,-,-,-,-
2077,Eliminated,0,15,0,1,4,44.0%,100,0.00,44.0%,-,-,-,-,-,-,-,-,-,-
2078,Eliminated,0,15,2,2,2,44.0%,100,0.00,44.0%,-,-,-,-,-,-,-,-,-,-
2079,Eliminated,0,20,0,2,4,44.0%,100,0.00,44.0%,-,-,-,-,-,-,-,-,-,-
2080,Eliminated,0,20,4,2,2,44.0%,100,0.00,44.0%,-,-,-,-,-,-,-,-,-,-
2081,Eliminated,5,10,4,2,2,44.0%,100,0.00,44.0%,-,-,-,-,-,-,-,-,-,-
2082,Eliminated,5,10,4,3,2,44.0%,100,0.00,44.0%,-,-,-,-,-,-,-,-,-,-
2083,Eliminated,5,10,8,2,2,44.0%,100,0.00,44.0%,-,-,-,-,-,-,-,-,-,-
2084,Eliminated,5,15,4,1,2,44.0%,100,0.00,44.0%,-,-,-,-,-,-,-,-,-,-
2085,Eliminated,5,20,10,1,0,44.0%,100,0.00,44.0%,-,-,-,-,-,-,-,-,-,-
2086,Eliminated,10,5,8,3,2,44.0%,100,0.00,44.0%,-,-,-,-,-,-,-,-,-,-
2087,Eliminated,10,15,4,3,2,44.0%,100,0.00,44.0%,-,-,-,-,-,-,-,-,-,-
2088,Eliminated,10,15,10,2,2,44.0%,100,0.00,44.0%,-,-,-,-,-,-,-,-,-,-
2089,Eliminated,10,20,0,3,6,44.0%,100,0.00,44.0%,-,-,-,-,-,-,-,-,-,-
2090,Eliminated,15,10,6,2,2,44.0%,100,0.00,44.0%,-,-,-,-,-,-,-,-,-,-
2091,Eliminated,15,10,6,3,2,44.0%,100,0.00,44.0%,-,-,-,-,-,-,-,-,-,-
2092,Eliminated,15,10,8,3,2,44.0%,100,0.00,44.0%,-,-,-,-,-,-,-,-,-,-
2093,Eliminated,15,15,0,3,4,44.0%,100,0.00,44.0%,-,-,-,-,-,-,-,-,-,-
2094,Eliminated,15,15,2,1,2,44.0%,100,0.00,44.0%,-,-,-,-,-,-,-,-,-,-
2095,Eliminated,15,15,8,2,2,44.0%,100,0.00,44.0%,-,-,-,-,-,-,-,-,-,-
2096,Eliminated,15,20,0,1,4,44.0%,100,0.00,44.0%,-,-,-,-,-,-,-,-,-,-
2097,Eliminated,15,20,2,3,2,44.0%,100,0.00,44.0%,-,-,-,-,-,-,-,-,-,-
2098,Eliminated,15,20,8,3,2,44.0%,100,0.00,44.0%,-,-,-,-,-,-,-,-,-,-
2099,Eliminated,20,10,10,2,2,44.0%,100,0.00,44.0%,-,-,-,-,-,-,-,-,-,-
2100,Eliminated,20,15,0,3,6,44.0%,100,0.00,44.0%,-,-,-,-,-,-,-,-,-,-
2101,Eliminated,20,15,2,3,4,44.0%,100,0.00,44.0%,-,-,-,-,-,-,-,-,-,-
2102,Eliminated,20,20,6,1,2,44.0%,100,0.00,44.0%,-,-,-,-,-,-,-,-,-,-
2103,Eliminated,20,20,6,3,2,44.0%,100,0.00,44.0%,-,-,-,-,-,-,-,-,-,-
2104,Eliminated,0,0,2,3,2,43.0%,100,0.00,43.0%,-,-,-,-,-,-,-,-,-,-
2105,Eliminated,0,0,8,2,2,43.0%,100,0.00,43.0%,-,-,-,-,-,-,-,-,-,-
2106,Eliminated,0,5,0,3,4,43.0%,100,0.00,43.0%,-,-,-,-,-,-,-,-,-,-
2107,Eliminated,0,5,0,3,6,43.0%,100,0.00,43.0%,-,-,-,-,-,-,-,-,-,-
2108,Eliminated,0,5,2,1,0,43.0%,100,0.00,43.0%,-,-,-,-,-,-,-,-,-,-
2109,Eliminated,0,10,4,1,0,43.0%,100,0.00,43.0%,-,-,-,-,-,-,-,-,-,-
2110,Eliminated,0,15,6,3,2,43.0%,100,0.00,43.0%,-,-,-,-,-,-,-,-,-,-
2111,Eliminated,0,20,0,1,2,43.0%,100,0.00,43.0%,-,-,-,-,-,-,-,-,-,-
2112,Eliminated,0,20,0,3,4,43.0%,100,0.00,43.0%,-,-,-,-,-,-,-,-,-,-
2113,Eliminated,0,20,8,3,2,43.0%,100,0.00,43.0%,-,-,-,-,-,-,-,-,-,-
2114,Eliminated,0,20,10,1,0,43.0%,100,0.00,43.0%,-,-,-,-,-,-,-,-,-,-
2115,Eliminated,5,15,4,2,2,43.0%,100,0.00,43.0%,-,-,-,-,-,-,-,-,-,-
2116,Eliminated,5,15,8,3,2,43.0%,100,0.00,43.0%,-,-,-,-,-,-,-,-,-,-
2117,Eliminated,5,20,2,2,2,43.0%,100,0.00,43.0%,-,-,-,-,-,-,-,-,-,-
2118,Eliminated,10,10,4,1,2,43.0%,100,0.00,43.0%,-,-,-,-,-,-,-,-,-,-
2119,Eliminated,10,10,8,3,2,43.0%,100,0.00,43.0%,-,-,-,-,-,-,-,-,-,-
2120,Eliminated,10,15,2,1,2,43.0%,100,0.00,43.0%,-,-,-,-,-,-,-,-,-,-
2121,Eliminated,10,20,0,3,4,43.0%,100,0.00,43.0%,-,-,-,-,-,-,-,-,-,-
2122,Eliminated,10,20,2,2,2,43.0%,100,0.00,43.0%,-,-,-,-,-,-,-,-,-,-
2123,Eliminated,15,5,0,3,2,43.0%,100,0.00,43.0%,-,-,-,-,-,-,-,-,-,-
2124,Eliminated,15,10,0,1,4,43.0%,100,0.00,43.0%,-,-,-,-,-,-,-,-,-,-
2125,Eliminated,15,10,2,2,2,43.0%,100,0.00,43.0%,-,-,-,-,-,-,-,-,-,-
2126,Eliminated,15,15,8,3,2,43.0%,100,0.00,43.0%,-,-,-,-,-,-,-,-,-,-
2127,Eliminated,15,20,0,2,4,43.0%,100,0.00,43.0%,-,-,-,-,-,-,-,-,-,-
2128,Eliminated,15,20,0,3,4,43.0%,100,0.00,43.0%,-,-,-,-,-,-,-,-,-,-
2129,Eliminated,20,5,0,1,2,43.0%,100,0.00,43.0%,-,-,-,-,-,-,-,-,-,-
2130,Eliminated,20,5,0,2,6,43.0%,100,0.00,43.0%,-,-,-,-,-,-,-,-,-,-
2131,Eliminated,20,15,10,1,0,43.0%,100,0.00,43.0%,-,-,-,-,-,-,-,-,-,-
2132,Eliminated,20,20,6,2,2,43.0%,100,0.00,43.0%,-,-,-,-,-,-,-,-,-,-
2133,Eliminated,20,20,10,3,2,43.0%,100,0.00,43.0%,-,-,-,-,-,-,-,-,-,-
2134,Eliminated,0,10,0,2,6,42.0%,100,0.00,42.0%,-,-,-,-,-,-,-,-,-,-
2135,Eliminated,0,15,0,3,6,42.0%,100,0.00,42.0%,-,-,-,-,-,-,-,-,-,-
2136,Eliminated,0,20,4,3,2,42.0%,100,0.00,42.0%,-,-,-,-,-,-,-,-,-,-
2137,Eliminated,5,5,0,2,4,42.0%,100,0.00,42.0%,-,-,-,-,-,-,-,-,-,-
2138,Eliminated,5,5,8,2,2,42.0%,100,0.00,42.0%,-,-,-,-,-,-,-,-,-,-
2139,Eliminated,5,10,10,1,0,42.0%,100,0.00,42.0%,-,-,-,-,-,-,-,-,-,-
2140,Eliminated,5,15,2,3,2,42.0%,100,0.00,42.0%,-,-,-,-,-,-,-,-,-,-
2141,Eliminated,10,0,0,1,2,42.0%,100,0.00,42.0%,-,-,-,-,-,-,-,-,-,-
2142,Eliminated,10,5,2,2,2,42.0%,100,0.00,42.0%,-,-,-,-,-,-,-,-,-,-
2143,Eliminated,10,10,0,1,4,42.0%,100,0.00,42.0%,-,-,-,-,-,-,-,-,-,-
2144,Eliminated,10,20,2,1,2,42.0%,100,0.00,42.0%,-,-,-,-,-,-,-,-,-,-
2145,Eliminated,15,0,0,1,2,42.0%,100,0.00,42.0%,-,-,-,-,-,-,-,-,-,-
2146,Eliminated,15,5,0,2,4,42.0%,100,0.00,42.0%,-,-,-,-,-,-,-,-,-,-
2147,Eliminated,15,20,10,2,2,42.0%,100,0.00,42.0%,-,-,-,-,-,-,-,-,-,-
2148,Eliminated,20,15,8,3,2,42.0%,100,0.00,42.0%,-,-,-,-,-,-,-,-,-,-
2149,Eliminated,20,20,2,2,2,42.0%,100,0.00,42.0%,-,-,-,-,-,-,-,-,-,-
2150,Eliminated,0,10,6,1,0,41.0%,100,0.00,41.0%,-,-,-,-,-,-,-,-,-,-
2151,Eliminated,0,15,0,1,0,41.0%,100,0.00,41.0%,-,-,-,-,-,-,-,-,-,-
2152,Eliminated,5,0,10,2,2,41.0%,100,0.00,41.0%,-,-,-,-,-,-,-,-,-,-
2153,Eliminated,5,10,0,1,4,41.0%,100,0.00,41.0%,-,-,-,-,-,-,-,-,-,-
2154,Eliminated,5,10,0,2,4,41.0%,100,0.00,41.0%,-,-,-,-,-,-,-,-,-,-
2155,Eliminated,5,10,0,3,4,41.0%,100,0.00,41.0%,-,-,-,-,-,-,-,-,-,-
2156,Eliminated,5,10,2,3,2,41.0%,100,0.00,41.0%,-,-,-,-,-,-,-,-,-,-
2157,Eliminated,5,15,2,2,2,41.0%,100,0.00,41.0%,-,-,-,-,-,-,-,-,-,-
2158,Eliminated,5,20,2,2,4,41.0%,100,0.00,41.0%,-,-,-,-,-,-,-,-,-,-
2159,Eliminated,10,5,4,2,2,41.0%,100,0.00,41.0%,-,-,-,-,-,-,-,-,-,-
2160,Eliminated,10,15,0,1,4,41.0%,100,0.00,41.0%,-,-,-,-,-,-,-,-,-,-
2161,Eliminated,10,20,0,1,4,41.0%,100,0.00,41.0%,-,-,-,-,-,-,-,-,-,-
2162,Eliminated,10,20,2,3,2,41.0%,100,0.00,41.0%,-,-,-,-,-,-,-,-,-,-
2163,Eliminated,15,15,6,2,2,41.0%,100,0.00,41.0%,-,-,-,-,-,-,-,-,-,-
2164,Eliminated,15,20,4,2,2,41.0%,100,0.00,41.0%,-,-,-,-,-,-,-,-,-,-
2165,Eliminated,15,20,6,3,2,41.0%,100,0.00,41.0%,-,-,-,-,-,-,-,-,-,-
2166,Eliminated,20,0,0,2,2,41.0%,100,0.00,41.0%,-,-,-,-,-,-,-,-,-,-
2167,Eliminated,20,15,0,1,4,41.0%,100,0.00,41.0%,-,-,-,-,-,-,-,-,-,-
2168,Eliminated,20,15,2,3,2,41.0%,100,0.00,41.0%,-,-,-,-,-,-,-,-,-,-
2169,Eliminated,20,15,6,2,2,41.0%,100,0.00,41.0%,-,-,-,-,-,-,-,-,-,-
2170,Eliminated,20,15,8,2,2,41.0%,100,0.00,41.0%,-,-,-,-,-,-,-,-,-,-
2171,Eliminated,20,20,0,3,4,41.0%,100,0.00,41.0%,-,-,-,-,-,-,-,-,-,-
2172,Eliminated,20,20,8,2,2,41.0%,100,0.00,41.0%,-,-,-,-,-,-,-,-,-,-
2173,Eliminated,20,20,10,2,2,41.0%,100,0.00,41.0%,-,-,-,-,-,-,-,-,-,-
2174,Eliminated,0,0,0,1,4,40.0%,100,0.00,40.0%,-,-,-,-,-,-,-,-,-,-
2175,Eliminated,0,5,2,3,2,40.0%,100,0.00,40.0%,-,-,-,-,-,-,-,-,-,-
2176,Eliminated,0,20,0,2,6,40.0%,100,0.00,40.0%,-,-,-,-,-,-,-,-,-,-
2177,Eliminated,0,20,6,1,0,40.0%,100,0.00,40.0%,-,-,-,-,-,-,-,-,-,-
2178,Eliminated,5,10,8,3,2,40.0%,100,0.00,40.0%,-,-,-,-,-,-,-,-,-,-
2179,Eliminated,5,15,0,3,4,40.0%,100,0.00,40.0%,-,-,-,-,-,-,-,-,-,-
2180,Eliminated,10,0,8,2,0,40.0%,100,0.00,40.0%,-,-,-,-,-,-,-,-,-,-
2181,Eliminated,10,20,10,3,2,40.0%,100,0.00,40.0%,-,-,-,-,-,-,-,-,-,-
2182,Eliminated,15,0,4,1,0,40.0%,100,0.00,40.0%,-,-,-,-,-,-,-,-,-,-
2183,Eliminated,15,10,0,2,4,40.0%,100,0.00,40.0%,-,-,-,-,-,-,-,-,-,-
2184,Eliminated,20,0,6,2,0,40.0%,100,0.00,40.0%,-,-,-,-,-,-,-,-,-,-
2185,Eliminated,20,5,0,2,2,40.0%,100,0.00,40.0%,-,-,-,-,-,-,-,-,-,-
2186,Eliminated,20,5,0,2,4,40.0%,100,0.00,40.0%,-,-,-,-,-,-,-,-,-,-
2187,Eliminated,20,15,0,3,4,40.0%,100,0.00,40.0%,-,-,-,-,-,-,-,-,-,-
2188,Eliminated,20,15,10,3,2,40.0%,100,0.00,40.0%,-,-,-,-,-,-,-,-,-,-
2189,Eliminated,0,5,0,1,2,39.0%,100,0.00,39.0%,-,-,-,-,-,-,-,-,-,-
2190,Eliminated,0,5,0,2,4,39.0%,100,0.00,39.0%,-,-,-,-,-,-,-,-,-,-
2191,Eliminated,0,10,0,1,0,39.0%,100,0.00,39.0%,-,-,-,-,-,-,-,-,-,-
2192,Eliminated,0,10,2,3,2,39.0%,100,0.00,39.0%,-,-,-,-,-,-,-,-,-,-
2193,Eliminated,0,15,2,3,2,39.0%,100,0.00,39.0%,-,-,-,-,-,-,-,-,-,-
2194,Eliminated,5,20,0,2,4,39.0%,100,0.00,39.0%,-,-,-,-,-,-,-,-,-,-
2195,Eliminated,5,20,8,3,2,39.0%,100,0.00,39.0%,-,-,-,-,-,-,-,-,-,-
2196,Eliminated,10,5,0,3,2,39.0%,100,0.00,39.0%,-,-,-,-,-,-,-,-,-,-
2197,Eliminated,10,15,0,3,4,39.0%,100,0.00,39.0%,-,-,-,-,-,-,-,-,-,-
2198,Eliminated,10,20,0,2,4,39.0%,100,0.00,39.0%,-,-,-,-,-,-,-,-,-,-
2199,Eliminated,20,0,0,3,2,39.0%,100,0.00,39.0%,-,-,-,-,-,-,-,-,-,-
2200,Eliminated,20,10,0,1,4,39.0%,100,0.00,39.0%,-,-,-,-,-,-,-,-,-,-
2201,Eliminated,20,10,2,2,2,39.0%,100,0.00,39.0%,-,-,-,-,-,-,-,-,-,-
2202,Eliminated,20,15,6,3,2,39.0%,100,0.00,39.0%,-,-,-,-,-,-,-,-,-,-
2203,Eliminated,20,15,10,2,2,39.0%,100,0.00,39.0%,-,-,-,-,-,-,-,-,-,-
2204,Eliminated,0,0,0,2,4,38.0%,100,0.00,38.0%,-,-,-,-,-,-,-,-,-,-
2205,Eliminated,0,10,0,2,4,38.0%,100,0.00,38.0%,-,-,-,-,-,-,-,-,-,-
2206,Eliminated,0,10,4,2,2,38.0%,100,0.00,38.0%,-,-,-,-,-,-,-,-,-,-
2207,Eliminated,0,15,0,1,2,38.0%,100,0.00,38.0%,-,-,-,-,-,-,-,-,-,-
2208,Eliminated,0,15,8,1,0,38.0%,100,0.00,38.0%,-,-,-,-,-,-,-,-,-,-
2209,Eliminated,0,20,2,3,2,38.0%,100,0.00,38.0%,-,-,-,-,-,-,-,-,-,-
2210,Eliminated,5,15,0,1,6,38.0%,100,0.00,38.0%,-,-,-,-,-,-,-,-,-,-
2211,Eliminated,5,15,10,3,2,38.0%,100,0.00,38.0%,-,-,-,-,-,-,-,-,-,-
2212,Eliminated,5,20,4,1,2,38.0%,100,0.00,38.0%,-,-,-,-,-,-,-,-,-,-
2213,Eliminated,5,20,6,3,2,38.0%,100,0.00,38.0%,-,-,-,-,-,-,-,-,-,-
2214,Eliminated,15,0,6,3,0,38.0%,100,0.00,38.0%,-,-,-,-,-,-,-,-,-,-
2215,Eliminated,20,10,0,2,4,38.0%,100,0.00,38.0%,-,-,-,-,-,-,-,-,-,-
2216,Eliminated,0,5,0,1,0,37.0%,100,0.00,37.0%,-,-,-,-,-,-,-,-,-,-
2217,Eliminated,0,5,6,1,0,37.0%,100,0.00,37.0%,-,-,-,-,-,-,-,-,-,-
2218,Eliminated,0,10,0,1,2,37.0%,100,0.00,37.0%,-,-,-,-,-,-,-,-,-,-
2219,Eliminated,5,0,0,2,0,37.0%,100,0.00,37.0%,-,-,-,-,-,-,-,-,-,-
2220,Eliminated,5,0,6,2,0,37.0%,100,0.00,37.0%,-,-,-,-,-,-,-,-,-,-
2221,Eliminated,5,20,0,3,2,37.0%,100,0.00,37.0%,-,-,-,-,-,-,-,-,-,-
2222,Eliminated,5,20,2,3,2,37.0%,100,0.00,37.0%,-,-,-,-,-,-,-,-,-,-
2223,Eliminated,10,0,6,3,0,37.0%,100,0.00,37.0%,-,-,-,-,-,-,-,-,-,-
2224,Eliminated,10,0,8,3,0,37.0%,100,0.00,37.0%,-,-,-,-,-,-,-,-,-,-
2225,Eliminated,10,10,0,2,4,37.0%,100,0.00,37.0%,-,-,-,-,-,-,-,-,-,-
2226,Eliminated,10,15,2,2,2,37.0%,100,0.00,37.0%,-,-,-,-,-,-,-,-,-,-
2227,Eliminated,10,15,10,3,2,37.0%,100,0.00,37.0%,-,-,-,-,-,-,-,-,-,-
2228,Eliminated,10,20,6,2,2,37.0%,100,0.00,37.0%,-,-,-,-,-,-,-,-,-,-
2229,Eliminated,15,0,2,3,0,37.0%,100,0.00,37.0%,-,-,-,-,-,-,-,-,-,-
2230,Eliminated,20,0,8,3,0,37.0%,100,0.00,37.0%,-,-,-,-,-,-,-,-,-,-
2231,Eliminated,0,5,0,3,2,36.0%,100,0.00,36.0%,-,-,-,-,-,-,-,-,-,-
2232,Eliminated,0,15,8,3,2,36.0%,100,0.00,36.0%,-,-,-,-,-,-,-,-,-,-
2233,Eliminated,5,5,4,3,0,36.0%,100,0.00,36.0%,-,-,-,-,-,-,-,-,-,-
2234,Eliminated,15,0,6,2,0,36.0%,100,0.00,36.0%,-,-,-,-,-,-,-,-,-,-
2235,Eliminated,15,5,0,2,2,36.0%,100,0.00,36.0%,-,-,-,-,-,-,-,-,-,-
2236,Eliminated,15,10,0,3,2,36.0%,100,0.00,36.0%,-,-,-,-,-,-,-,-,-,-
2237,Eliminated,15,10,2,3,2,36.0%,100,0.00,36.0%,-,-,-,-,-,-,-,-,-,-
2238,Eliminated,15,15,0,1,4,36.0%,100,0.00,36.0%,-,-,-,-,-,-,-,-,-,-
2239,Eliminated,15,20,0,1,2,36.0%,100,0.00,36.0%,-,-,-,-,-,-,-,-,-,-
2240,Eliminated,20,0,0,2,0,36.0%,100,0.00,36.0%,-,-,-,-,-,-,-,-,-,-
2241,Eliminated,20,0,2,3,0,36.0%,100,0.00,36.0%,-,-,-,-,-,-,-,-,-,-
2242,Eliminated,20,10,8,3,2,36.0%,100,0.00,36.0%,-,-,-,-,-,-,-,-,-,-
2243,Eliminated,20,15,0,2,4,36.0%,100,0.00,36.0%,-,-,-,-,-,-,-,-,-,-
2244,Eliminated,20,20,0,3,2,36.0%,100,0.00,36.0%,-,-,-,-,-,-,-,-,-,-
2245,Eliminated,0,15,4,3,2,35.0%,100,0.00,35.0%,-,-,-,-,-,-,-,-,-,-
2246,Eliminated,0,20,0,1,0,35.0%,100,0.00,35.0%,-,-,-,-,-,-,-,-,-,-
2247,Eliminated,10,0,4,3,0,35.0%,100,0.00,35.0%,-,-,-,-,-,-,-,-,-,-
2248,Eliminated,10,15,0,3,2,35.0%,100,0.00,35.0%,-,-,-,-,-,-,-,-,-,-
2249,Eliminated,10,20,6,3,2,35.0%,100,0.00,35.0%,-,-,-,-,-,-,-,-,-,-
2250,Eliminated,15,0,4,2,0,35.0%,100,0.00,35.0%,-,-,-,-,-,-,-,-,-,-
2251,Eliminated,15,10,0,3,4,35.0%,100,0.00,35.0%,-,-,-,-,-,-,-,-,-,-
2252,Eliminated,20,0,0,1,0,35.0%,100,0.00,35.0%,-,-,-,-,-,-,-,-,-,-
2253,Eliminated,20,0,0,1,2,35.0%,100,0.00,35.0%,-,-,-,-,-,-,-,-,-,-
2254,Eliminated,20,0,6,3,0,35.0%,100,0.00,35.0%,-,-,-,-,-,-,-,-,-,-
2255,Eliminated,0,20,8,2,0,34.0%,100,0.00,34.0%,-,-,-,-,-,-,-,-,-,-
2256,Eliminated,5,15,0,1,4,34.0%,100,0.00,34.0%,-,-,-,-,-,-,-,-,-,-
2257,Eliminated,10,0,10,2,0,34.0%,100,0.00,34.0%,-,-,-,-,-,-,-,-,-,-
2258,Eliminated,10,5,6,1,0,34.0%,100,0.00,34.0%,-,-,-,-,-,-,-,-,-,-
2259,Eliminated,15,0,0,1,0,34.0%,100,0.00,34.0%,-,-,-,-,-,-,-,-,-,-
2260,Eliminated,15,0,6,1,0,34.0%,100,0.00,34.0%,-,-,-,-,-,-,-,-,-,-
2261,Eliminated,15,0,8,1,0,34.0%,100,0.00,34.0%,-,-,-,-,-,-,-,-,-,-
2262,Eliminated,15,15,0,2,2,34.0%,100,0.00,34.0%,-,-,-,-,-,-,-,-,-,-
2263,Eliminated,20,0,4,3,0,34.0%,100,0.00,34.0%,-,-,-,-,-,-,-,-,-,-
2264,Eliminated,20,0,8,2,0,34.0%,100,0.00,34.0%,-,-,-,-,-,-,-,-,-,-
2265,Eliminated,20,5,0,3,2,34.0%,100,0.00,34.0%,-,-,-,-,-,-,-,-,-,-
2266,Eliminated,20,20,0,2,4,34.0%,100,0.00,34.0%,-,-,-,-,-,-,-,-,-,-
2267,Eliminated,0,10,2,1,0,33.0%,100,0.00,33.0%,-,-,-,-,-,-,-,-,-,-
2268,Eliminated,5,0,0,1,0,33.0%,100,0.00,33.0%,-,-,-,-,-,-,-,-,-,-
2269,Eliminated,5,5,0,2,0,33.0%,100,0.00,33.0%,-,-,-,-,-,-,-,-,-,-
2270,Eliminated,10,0,2,2,0,33.0%,100,0.00,33.0%,-,-,-,-,-,-,-,-,-,-
2271,Eliminated,10,0,2,3,0,33.0%,100,0.00,33.0%,-,-,-,-,-,-,-,-,-,-
2272,Eliminated,10,0,8,1,0,33.0%,100,0.00,33.0%,-,-,-,-,-,-,-,-,-,-
2273,Eliminated,10,5,4,1,0,33.0%,100,0.00,33.0%,-,-,-,-,-,-,-,-,-,-
2274,Eliminated,10,10,0,3,4,33.0%,100,0.00,33.0%,-,-,-,-,-,-,-,-,-,-
2275,Eliminated,15,5,10,2,0,33.0%,100,0.00,33.0%,-,-,-,-,-,-,-,-,-,-
2276,Eliminated,20,0,0,3,0,33.0%,100,0.00,33.0%,-,-,-,-,-,-,-,-,-,-
2277,Eliminated,20,0,2,2,0,33.0%,100,0.00,33.0%,-,-,-,-,-,-,-,-,-,-
2278,Eliminated,20,20,0,1,4,33.0%,100,0.00,33.0%,-,-,-,-,-,-,-,-,-,-
2279,Eliminated,0,0,2,3,0,32.0%,100,0.00,32.0%,-,-,-,-,-,-,-,-,-,-
2280,Eliminated,0,5,8,2,0,32.0%,100,0.00,32.0%,-,-,-,-,-,-,-,-,-,-
2281,Eliminated,0,10,8,3,0,32.0%,100,0.00,32.0%,-,-,-,-,-,-,-,-,-,-
2282,Eliminated,0,15,0,3,2,32.0%,100,0.00,32.0%,-,-,-,-,-,-,-,-,-,-
2283,Eliminated,0,20,0,3,2,32.0%,100,0.00,32.0%,-,-,-,-,-,-,-,-,-,-
2284,Eliminated,5,10,0,1,2,32.0%,100,0.00,32.0%,-,-,-,-,-,-,-,-,-,-
2285,Eliminated,10,10,0,1,2,32.0%,100,0.00,32.0%,-,-,-,-,-,-,-,-,-,-
2286,Eliminated,10,10,8,1,0,32.0%,100,0.00,32.0%,-,-,-,-,-,-,-,-,-,-
2287,Eliminated,10,20,0,3,2,32.0%,100,0.00,32.0%,-,-,-,-,-,-,-,-,-,-
2288,Eliminated,15,0,0,2,0,32.0%,100,0.00,32.0%,-,-,-,-,-,-,-,-,-,-
2289,Eliminated,15,5,0,1,2,32.0%,100,0.00,32.0%,-,-,-,-,-,-,-,-,-,-
2290,Eliminated,15,10,6,3,0,32.0%,100,0.00,32.0%,-,-,-,-,-,-,-,-,-,-
2291,Eliminated,15,20,4,2,0,32.0%,100,0.00,32.0%,-,-,-,-,-,-,-,-,-,-
2292,Eliminated,20,0,8,1,0,32.0%,100,0.00,32.0%,-,-,-,-,-,-,-,-,-,-
2293,Eliminated,20,5,4,1,0,32.0%,100,0.00,32.0%,-,-,-,-,-,-,-,-,-,-
2294,Eliminated,20,5,8,2,0,32.0%,100,0.00,32.0%,-,-,-,-,-,-,-,-,-,-
2295,Eliminated,20,15,4,1,0,32.0%,100,0.00,32.0%,-,-,-,-,-,-,-,-,-,-
2296,Eliminated,0,15,0,2,4,31.0%,100,0.00,31.0%,-,-,-,-,-,-,-,-,-,-
2297,Eliminated,0,15,0,3,4,31.0%,100,0.00,31.0%,-,-,-,-,-,-,-,-,-,-
2298,Eliminated,0,15,2,1,0,31.0%,100,0.00,31.0%,-,-,-,-,-,-,-,-,-,-
2299,Eliminated,5,0,0,2,2,31.0%,100,0.00,31.0%,-,-,-,-,-,-,-,-,-,-
2300,Eliminated,5,0,8,2,0,31.0%,100,0.00,31.0%,-,-,-,-,-,-,-,-,-,-
2301,Eliminated,5,0,8,3,0,31.0%,100,0.00,31.0%,-,-,-,-,-,-,-,-,-,-
2302,Eliminated,5,5,0,2,2,31.0%,100,0.00,31.0%,-,-,-,-,-,-,-,-,-,-
2303,Eliminated,5,5,0,3,4,31.0%,100,0.00,31.0%,-,-,-,-,-,-,-,-,-,-
2304,Eliminated,5,10,8,1,0,31.0%,100,0.00,31.0%,-,-,-,-,-,-,-,-,-,-
2305,Eliminated,5,15,0,2,4,31.0%,100,0.00,31.0%,-,-,-,-,-,-,-,-,-,-
2306,Eliminated,5,20,0,1,4,31.0%,100,0.00,31.0%,-,-,-,-,-,-,-,-,-,-
2307,Eliminated,10,0,0,1,0,31.0%,100,0.00,31.0%,-,-,-,-,-,-,-,-,-,-
2308,Eliminated,10,0,10,1,0,31.0%,100,0.00,31.0%,-,-,-,-,-,-,-,-,-,-
2309,Eliminated,10,5,8,1,0,31.0%,100,0.00,31.0%,-,-,-,-,-,-,-,-,-,-
2310,Eliminated,10,10,6,1,0,31.0%,100,0.00,31.0%,-,-,-,-,-,-,-,-,-,-
2311,Eliminated,10,20,6,3,0,31.0%,100,0.00,31.0%,-,-,-,-,-,-,-,-,-,-
2312,Eliminated,15,5,2,3,0,31.0%,100,0.00,31.0%,-,-,-,-,-,-,-,-,-,-
2313,Eliminated,15,10,0,2,2,31.0%,100,0.00,31.0%,-,-,-,-,-,-,-,-,-,-
2314,Eliminated,15,10,8,1,0,31.0%,100,0.00,31.0%,-,-,-,-,-,-,-,-,-,-
2315,Eliminated,15,20,0,3,2,31.0%,100,0.00,31.0%,-,-,-,-,-,-,-,-,-,-
2316,Eliminated,20,0,10,1,0,31.0%,100,0.00,31.0%,-,-,-,-,-,-,-,-,-,-
2317,Eliminated,20,10,0,3,2,31.0%,100,0.00,31.0%,-,-,-,-,-,-,-,-,-,-
2318,Eliminated,20,15,0,1,2,31.0%,100,0.00,31.0%,-,-,-,-,-,-,-,-,-,-
2319,Eliminated,20,15,0,3,2,31.0%,100,0.00,31.0%,-,-,-,-,-,-,-,-,-,-
2320,Eliminated,20,20,0,2,2,31.0%,100,0.00,31.0%,-,-,-,-,-,-,-,-,-,-
2321,Eliminated,20,20,6,1,0,31.0%,100,0.00,31.0%,-,-,-,-,-,-,-,-,-,-
2322,Eliminated,0,5,2,2,0,30.0%,100,0.00,30.0%,-,-,-,-,-,-,-,-,-,-
2323,Eliminated,0,5,4,2,0,30.0%,100,0.00,30.0%,-,-,-,-,-,-,-,-,-,-
2324,Eliminated,5,0,0,3,2,30.0%,100,0.00,30.0%,-,-,-,-,-,-,-,-,-,-
2325,Eliminated,10,0,0,2,0,30.0%,100,0.00,30.0%,-,-,-,-,-,-,-,-,-,-
2326,Eliminated,10,0,4,2,0,30.0%,100,0.00,30.0%,-,-,-,-,-,-,-,-,-,-
2327,Eliminated,10,5,2,2,0,30.0%,100,0.00,30.0%,-,-,-,-,-,-,-,-,-,-
2328,Eliminated,10,5,4,3,0,30.0%,100,0.00,30.0%,-,-,-,-,-,-,-,-,-,-
2329,Eliminated,10,5,8,3,0,30.0%,100,0.00,30.0%,-,-,-,-,-,-,-,-,-,-
2330,Eliminated,10,10,0,2,2,30.0%,100,0.00,30.0%,-,-,-,-,-,-,-,-,-,-
2331,Eliminated,10,15,0,1,2,30.0%,100,0.00,30.0%,-,-,-,-,-,-,-,-,-,-
2332,Eliminated,15,0,0,3,0,30.0%,100,0.00,30.0%,-,-,-,-,-,-,-,-,-,-
2333,Eliminated,15,0,2,1,0,30.0%,100,0.00,30.0%,-,-,-,-,-,-,-,-,-,-
2334,Eliminated,15,5,0,2,0,30.0%,100,0.00,30.0%,-,-,-,-,-,-,-,-,-,-
2335,Eliminated,15,5,0,3,0,30.0%,100,0.00,30.0%,-,-,-,-,-,-,-,-,-,-
2336,Eliminated,15,5,8,2,0,30.0%,100,0.00,30.0%,-,-,-,-,-,-,-,-,-,-
2337,Eliminated,15,15,2,2,0,30.0%,100,0.00,30.0%,-,-,-,-,-,-,-,-,-,-
2338,Eliminated,15,20,0,1,0,30.0%,100,0.00,30.0%,-,-,-,-,-,-,-,-,-,-
2339,Eliminated,15,20,0,2,2,30.0%,100,0.00,30.0%,-,-,-,-,-,-,-,-,-,-
2340,Eliminated,15,20,4,1,0,30.0%,100,0.00,30.0%,-,-,-,-,-,-,-,-,-,-
2341,Eliminated,20,5,2,3,0,30.0%,100,0.00,30.0%,-,-,-,-,-,-,-,-,-,-
2342,Eliminated,20,10,0,1,2,30.0%,100,0.00,30.0%,-,-,-,-,-,-,-,-,-,-
2343,Eliminated,0,0,0,1,2,29.0%,100,0.00,29.0%,-,-,-,-,-,-,-,-,-,-
2344,Eliminated,0,0,0,3,2,29.0%,100,0.00,29.0%,-,-,-,-,-,-,-,-,-,-
2345,Eliminated,0,5,6,2,0,29.0%,100,0.00,29.0%,-,-,-,-,-,-,-,-,-,-
2346,Eliminated,0,10,0,3,2,29.0%,100,0.00,29.0%,-,-,-,-,-,-,-,-,-,-
2347,Eliminated,5,0,2,1,0,29.0%,100,0.00,29.0%,-,-,-,-,-,-,-,-,-,-
2348,Eliminated,5,0,8,1,0,29.0%,100,0.00,29.0%,-,-,-,-,-,-,-,-,-,-
2349,Eliminated,5,5,4,2,0,29.0%,100,0.00,29.0%,-,-,-,-,-,-,-,-,-,-
2350,Eliminated,5,10,4,3,0,29.0%,100,0.00,29.0%,-,-,-,-,-,-,-,-,-,-
2351,Eliminated,5,15,0,2,2,29.0%,100,0.00,29.0%,-,-,-,-,-,-,-,-,-,-
2352,Eliminated,5,20,6,2,0,29.0%,100,0.00,29.0%,-,-,-,-,-,-,-,-,-,-
2353,Eliminated,10,0,6,2,0,29.0%,100,0.00,29.0%,-,-,-,-,-,-,-,-,-,-
2354,Eliminated,10,5,6,3,0,29.0%,100,0.00,29.0%,-,-,-,-,-,-,-,-,-,-
2355,Eliminated,10,15,8,2,0,29.0%,100,0.00,29.0%,-,-,-,-,-,-,-,-,-,-
2356,Eliminated,10,20,0,2,2,29.0%,100,0.00,29.0%,-,-,-,-,-,-,-,-,-,-
2357,Eliminated,15,0,8,3,0,29.0%,100,0.00,29.0%,-,-,-,-,-,-,-,-,-,-
2358,Eliminated,15,5,0,1,0,29.0%,100,0.00,29.0%,-,-,-,-,-,-,-,-,-,-
2359,Eliminated,15,5,10,3,0,29.0%,100,0.00,29.0%,-,-,-,-,-,-,-,-,-,-
2360,Eliminated,15,10,8,3,0,29.0%,100,0.00,29.0%,-,-,-,-,-,-,-,-,-,-
2361,Eliminated,15,15,0,1,2,29.0%,100,0.00,29.0%,-,-,-,-,-,-,-,-,-,-
2362,Eliminated,15,15,0,3,2,29.0%,100,0.00,29.0%,-,-,-,-,-,-,-,-,-,-
2363,Eliminated,15,20,8,1,0,29.0%,100,0.00,29.0%,-,-,-,-,-,-,-,-,-,-
2364,Eliminated,20,0,2,1,0,29.0%,100,0.00,29.0%,-,-,-,-,-,-,-,-,-,-
2365,Eliminated,20,0,4,1,0,29.0%,100,0.00,29.0%,-,-,-,-,-,-,-,-,-,-
2366,Eliminated,20,0,4,2,0,29.0%,100,0.00,29.0%,-,-,-,-,-,-,-,-,-,-
2367,Eliminated,20,5,0,3,0,29.0%,100,0.00,29.0%,-,-,-,-,-,-,-,-,-,-
2368,Eliminated,20,5,4,2,0,29.0%,100,0.00,29.0%,-,-,-,-,-,-,-,-,-,-
2369,Eliminated,20,5,6,3,0,29.0%,100,0.00,29.0%,-,-,-,-,-,-,-,-,-,-
2370,Eliminated,20,10,0,1,0,29.0%,100,0.00,29.0%,-,-,-,-,-,-,-,-,-,-
2371,Eliminated,20,10,8,2,0,29.0%,100,0.00,29.0%,-,-,-,-,-,-,-,-,-,-
2372,Eliminated,20,20,2,1,0,29.0%,100,0.00,29.0%,-,-,-,-,-,-,-,-,-,-
2373,Eliminated,20,20,4,1,0,29.0%,100,0.00,29.0%,-,-,-,-,-,-,-,-,-,-
2374,Eliminated,20,20,8,3,0,29.0%,100,0.00,29.0%,-,-,-,-,-,-,-,-,-,-
2375,Eliminated,0,0,4,2,0,28.0%,100,0.00,28.0%,-,-,-,-,-,-,-,-,-,-
2376,Eliminated,0,0,6,3,0,28.0%,100,0.00,28.0%,-,-,-,-,-,-,-,-,-,-
2377,Eliminated,0,0,8,1,0,28.0%,100,0.00,28.0%,-,-,-,-,-,-,-,-,-,-
2378,Eliminated,0,10,6,2,0,28.0%,100,0.00,28.0%,-,-,-,-,-,-,-,-,-,-
2379,Eliminated,5,10,10,2,0,28.0%,100,0.00,28.0%,-,-,-,-,-,-,-,-,-,-
2380,Eliminated,10,0,0,3,0,28.0%,100,0.00,28.0%,-,-,-,-,-,-,-,-,-,-
2381,Eliminated,10,0,4,1,0,28.0%,100,0.00,28.0%,-,-,-,-,-,-,-,-,-,-
2382,Eliminated,10,0,6,1,0,28.0%,100,0.00,28.0%,-,-,-,-,-,-,-,-,-,-
2383,Eliminated,10,10,8,2,0,28.0%,100,0.00,28.0%,-,-,-,-,-,-,-,-,-,-
2384,Eliminated,10,15,0,2,2,28.0%,100,0.00,28.0%,-,-,-,-,-,-,-,-,-,-
2385,Eliminated,10,15,10,3,0,28.0%,100,0.00,28.0%,-,-,-,-,-,-,-,-,-,-
2386,Eliminated,10,20,6,2,0,28.0%,100,0.00,28.0%,-,-,-,-,-,-,-,-,-,-
2387,Eliminated,10,20,8,3,0,28.0%,100,0.00,28.0%,-,-,-,-,-,-,-,-,-,-
2388,Eliminated,15,0,2,2,0,28.0%,100,0.00,28.0%,-,-,-,-,-,-,-,-,-,-
2389,Eliminated,15,10,4,1,0,28.0%,100,0.00,28.0%,-,-,-,-,-,-,-,-,-,-
2390,Eliminated,15,15,8,2,0,28.0%,100,0.00,28.0%,-,-,-,-,-,-,-,-,-,-
2391,Eliminated,15,15,10,2,0,28.0%,100,0.00,28.0%,-,-,-,-,-,-,-,-,-,-
2392,Eliminated,20,0,6,1,0,28.0%,100,0.00,28.0%,-,-,-,-,-,-,-,-,-,-
2393,Eliminated,20,5,6,1,0,28.0%,100,0.00,28.0%,-,-,-,-,-,-,-,-,-,-
2394,Eliminated,20,10,8,1,0,28.0%,100,0.00,28.0%,-,-,-,-,-,-,-,-,-,-
2395,Eliminated,20,15,2,2,0,28.0%,100,0.00,28.0%,-,-,-,-,-,-,-,-,-,-
2396,Eliminated,20,15,4,2,0,28.0%,100,0.00,28.0%,-,-,-,-,-,-,-,-,-,-
2397,Eliminated,20,15,8,1,0,28.0%,100,0.00,28.0%,-,-,-,-,-,-,-,-,-,-
2398,Eliminated,20,20,0,1,2,28.0%,100,0.00,28.0%,-,-,-,-,-,-,-,-,-,-
2399,Eliminated,0,0,2,2,0,27.0%,100,0.00,27.0%,-,-,-,-,-,-,-,-,-,-
2400,Eliminated,0,0,10,2,0,27.0%,100,0.00,27.0%,-,-,-,-,-,-,-,-,-,-
2401,Eliminated,0,5,6,3,0,27.0%,100,0.00,27.0%,-,-,-,-,-,-,-,-,-,-
2402,Eliminated,0,10,8,2,0,27.0%,100,0.00,27.0%,-,-,-,-,-,-,-,-,-,-
2403,Eliminated,5,0,2,3,0,27.0%,100,0.00,27.0%,-,-,-,-,-,-,-,-,-,-
2404,Eliminated,5,0,4,2,0,27.0%,100,0.00,27.0%,-,-,-,-,-,-,-,-,-,-
2405,Eliminated,5,0,4,3,0,27.0%,100,0.00,27.0%,-,-,-,-,-,-,-,-,-,-
2406,Eliminated,5,5,0,3,0,27.0%,100,0.00,27.0%,-,-,-,-,-,-,-,-,-,-
2407,Eliminated,5,5,2,3,0,27.0%,100,0.00,27.0%,-,-,-,-,-,-,-,-,-,-
2408,Eliminated,5,5,4,1,0,27.0%,100,0.00,27.0%,-,-,-,-,-,-,-,-,-,-
2409,Eliminated,5,5,6,3,0,27.0%,100,0.00,27.0%,-,-,-,-,-,-,-,-,-,-
2410,Eliminated,5,10,8,2,0,27.0%,100,0.00,27.0%,-,-,-,-,-,-,-,-,-,-
2411,Eliminated,5,15,10,2,0,27.0%,100,0.00,27.0%,-,-,-,-,-,-,-,-,-,-
2412,Eliminated,5,15,10,3,0,27.0%,100,0.00,27.0%,-,-,-,-,-,-,-,-,-,-
2413,Eliminated,5,20,0,1,2,27.0%,100,0.00,27.0%,-,-,-,-,-,-,-,-,-,-
2414,Eliminated,5,20,4,2,0,27.0%,100,0.00,27.0%,-,-,-,-,-,-,-,-,-,-
2415,Eliminated,10,0,2,1,0,27.0%,100,0.00,27.0%,-,-,-,-,-,-,-,-,-,-
2416,Eliminated,10,5,2,1,0,27.0%,100,0.00,27.0%,-,-,-,-,-,-,-,-,-,-
2417,Eliminated,10,5,8,2,0,27.0%,100,0.00,27.0%,-,-,-,-,-,-,-,-,-,-
2418,Eliminated,10,10,0,3,2,27.0%,100,0.00,27.0%,-,-,-,-,-,-,-,-,-,-
2419,Eliminated,10,10,2,1,0,27.0%,100,0.00,27.0%,-,-,-,-,-,-,-,-,-,-
2420,Eliminated,10,15,0,3,0,27.0%,100,0.00,27.0%,-,-,-,-,-,-,-,-,-,-
2421,Eliminated,10,15,2,1,0,27.0%,100,0.00,27.0%,-,-,-,-,-,-,-,-,-,-
2422,Eliminated,10,15,4,1,0,27.0%,100,0.00,27.0%,-,-,-,-,-,-,-,-,-,-
2423,Eliminated,10,20,0,1,2,27.0%,100,0.00,27.0%,-,-,-,-,-,-,-,-,-,-
2424,Eliminated,10,20,2,3,0,27.0%,100,0.00,27.0%,-,-,-,-,-,-,-,-,-,-
2425,Eliminated,10,20,4,1,0,27.0%,100,0.00,27.0%,-,-,-,-,-,-,-,-,-,-
2426,Eliminated,10,20,8,1,0,27.0%,100,0.00,27.0%,-,-,-,-,-,-,-,-,-,-
2427,Eliminated,20,5,2,2,0,27.0%,100,0.00,27.0%,-,-,-,-,-,-,-,-,-,-
2428,Eliminated,20,10,2,2,0,27.0%,100,0.00,27.0%,-,-,-,-,-,-,-,-,-,-
2429,Eliminated,20,10,6,1,0,27.0%,100,0.00,27.0%,-,-,-,-,-,-,-,-,-,-
2430,Eliminated,20,10,6,3,0,27.0%,100,0.00,27.0%,-,-,-,-,-,-,-,-,-,-
2431,Eliminated,20,15,10,2,0,27.0%,100,0.00,27.0%,-,-,-,-,-,-,-,-,-,-
2432,Eliminated,20,20,6,2,0,27.0%,100,0.00,27.0%,-,-,-,-,-,-,-,-,-,-
2433,Eliminated,0,0,8,2,0,26.0%,100,0.00,26.0%,-,-,-,-,-,-,-,-,-,-
2434,Eliminated,0,15,2,2,0,26.0%,100,0.00,26.0%,-,-,-,-,-,-,-,-,-,-
2435,Eliminated,5,0,2,2,0,26.0%,100,0.00,26.0%,-,-,-,-,-,-,-,-,-,-
2436,Eliminated,5,0,4,1,0,26.0%,100,0.00,26.0%,-,-,-,-,-,-,-,-,-,-
2437,Eliminated,5,0,6,3,0,26.0%,100,0.00,26.0%,-,-,-,-,-,-,-,-,-,-
2438,Eliminated,5,5,0,1,2,26.0%,100,0.00,26.0%,-,-,-,-,-,-,-,-,-,-
2439,Eliminated,5,10,0,2,2,26.0%,100,0.00,26.0%,-,-,-,-,-,-,-,-,-,-
2440,Eliminated,5,10,2,3,0,26.0%,100,0.00,26.0%,-,-,-,-,-,-,-,-,-,-
2441,Eliminated,5,10,4,2,0,26.0%,100,0.00,26.0%,-,-,-,-,-,-,-,-,-,-
2442,Eliminated,5,15,4,2,0,26.0%,100,0.00,26.0%,-,-,-,-,-,-,-,-,-,-
2443,Eliminated,5,20,0,2,2,26.0%,100,0.00,26.0%,-,-,-,-,-,-,-,-,-,-
2444,Eliminated,10,5,0,2,2,26.0%,100,0.00,26.0%,-,-,-,-,-,-,-,-,-,-
2445,Eliminated,10,15,2,2,0,26.0%,100,0.00,26.0%,-,-,-,-,-,-,-,-,-,-
2446,Eliminated,15,0,4,3,0,26.0%,100,0.00,26.0%,-,-,-,-,-,-,-,-,-,-
2447,Eliminated,15,0,8,2,0,26.0%,100,0.00,26.0%,-,-,-,-,-,-,-,-,-,-
2448,Eliminated,15,5,4,1,0,26.0%,100,0.00,26.0%,-,-,-,-,-,-,-,-,-,-
2449,Eliminated,15,5,4,2,0,26.0%,100,0.00,26.0%,-,-,-,-,-,-,-,-,-,-
2450,Eliminated,15,5,6,1,0,26.0%,100,0.00,26.0%,-,-,-,-,-,-,-,-,-,-
2451,Eliminated,15,5,8,3,0,26.0%,100,0.00,26.0%,-,-,-,-,-,-,-,-,-,-
2452,Eliminated,15,10,4,2,0,26.0%,100,0.00,26.0%,-,-,-,-,-,-,-,-,-,-
2453,Eliminated,15,10,6,1,0,26.0%,100,0.00,26.0%,-,-,-,-,-,-,-,-,-,-
2454,Eliminated,15,20,0,3,0,26.0%,100,0.00,26.0%,-,-,-,-,-,-,-,-,-,-
2455,Eliminated,15,20,6,1,0,26.0%,100,0.00,26.0%,-,-,-,-,-,-,-,-,-,-
2456,Eliminated,15,20,8,2,0,26.0%,100,0.00,26.0%,-,-,-,-,-,-,-,-,-,-
2457,Eliminated,20,5,4,3,0,26.0%,100,0.00,26.0%,-,-,-,-,-,-,-,-,-,-
2458,Eliminated,20,5,8,3,0,26.0%,100,0.00,26.0%,-,-,-,-,-,-,-,-,-,-
2459,Eliminated,20,5,10,2,0,26.0%,100,0.00,26.0%,-,-,-,-,-,-,-,-,-,-
2460,Eliminated,20,15,0,2,2,26.0%,100,0.00,26.0%,-,-,-,-,-,-,-,-,-,-
2461,Eliminated,20,15,6,1,0,26.0%,100,0.00,26.0%,-,-,-,-,-,-,-,-,-,-
2462,Eliminated,20,20,2,2,0,26.0%,100,0.00,26.0%,-,-,-,-,-,-,-,-,-,-
2463,Eliminated,0,0,4,1,0,25.0%,100,0.00,25.0%,-,-,-,-,-,-,-,-,-,-
2464,Eliminated,0,0,4,3,0,25.0%,100,0.00,25.0%,-,-,-,-,-,-,-,-,-,-
2465,Eliminated,0,0,6,2,0,25.0%,100,0.00,25.0%,-,-,-,-,-,-,-,-,-,-
2466,Eliminated,0,5,8,3,0,25.0%,100,0.00,25.0%,-,-,-,-,-,-,-,-,-,-
2467,Eliminated,0,10,4,3,0,25.0%,100,0.00,25.0%,-,-,-,-,-,-,-,-,-,-
2468,Eliminated,0,15,6,3,0,25.0%,100,0.00,25.0%,-,-,-,-,-,-,-,-,-,-
2469,Eliminated,5,0,0,3,0,25.0%,100,0.00,25.0%,-,-,-,-,-,-,-,-,-,-
2470,Eliminated,5,0,6,1,0,25.0%,100,0.00,25.0%,-,-,-,-,-,-,-,-,-,-
2471,Eliminated,5,5,2,2,0,25.0%,100,0.00,25.0%,-,-,-,-,-,-,-,-,-,-
2472,Eliminated,5,15,0,3,2,25.0%,100,0.00,25.0%,-,-,-,-,-,-,-,-,-,-
2473,Eliminated,5,20,2,2,0,25.0%,100,0.00,25.0%,-,-,-,-,-,-,-,-,-,-
2474,Eliminated,5,20,10,2,0,25.0%,100,0.00,25.0%,-,-,-,-,-,-,-,-,-,-
2475,Eliminated,10,5,4,2,0,25.0%,100,0.00,25.0%,-,-,-,-,-,-,-,-,-,-
2476,Eliminated,10,10,0,2,0,25.0%,100,0.00,25.0%,-,-,-,-,-,-,-,-,-,-
2477,Eliminated,10,15,6,2,0,25.0%,100,0.00,25.0%,-,-,-,-,-,-,-,-,-,-
2478,Eliminated,10,15,8,3,0,25.0%,100,0.00,25.0%,-,-,-,-,-,-,-,-,-,-
2479,Eliminated,10,20,10,2,0,25.0%,100,0.00,25.0%,-,-,-,-,-,-,-,-,-,-
2480,Eliminated,15,0,10,1,0,25.0%,100,0.00,25.0%,-,-,-,-,-,-,-,-,-,-
2481,Eliminated,15,10,0,1,2,25.0%,100,0.00,25.0%,-,-,-,-,-,-,-,-,-,-
2482,Eliminated,20,0,10,3,0,25.0%,100,0.00,25.0%,-,-,-,-,-,-,-,-,-,-
2483,Eliminated,20,5,0,1,0,25.0%,100,0.00,25.0%,-,-,-,-,-,-,-,-,-,-
2484,Eliminated,20,5,8,1,0,25.0%,100,0.00,25.0%,-,-,-,-,-,-,-,-,-,-
2485,Eliminated,20,10,0,2,2,25.0%,100,0.00,25.0%,-,-,-,-,-,-,-,-,-,-
2486,Eliminated,20,10,4,2,0,25.0%,100,0.00,25.0%,-,-,-,-,-,-,-,-,-,-
2487,Eliminated,20,10,10,2,0,25.0%,100,0.00,25.0%,-,-,-,-,-,-,-,-,-,-
2488,Eliminated,20,15,0,2,0,25.0%,100,0.00,25.0%,-,-,-,-,-,-,-,-,-,-
2489,Eliminated,20,15,0,3,0,25.0%,100,0.00,25.0%,-,-,-,-,-,-,-,-,-,-
2490,Eliminated,20,15,8,3,0,25.0%,100,0.00,25.0%,-,-,-,-,-,-,-,-,-,-
2491,Eliminated,0,0,0,1,0,24.0%,100,0.00,24.0%,-,-,-,-,-,-,-,-,-,-
2492,Eliminated,0,10,0,2,2,24.0%,100,0.00,24.0%,-,-,-,-,-,-,-,-,-,-
2493,Eliminated,0,10,0,3,0,24.0%,100,0.00,24.0%,-,-,-,-,-,-,-,-,-,-
2494,Eliminated,0,15,4,2,0,24.0%,100,0.00,24.0%,-,-,-,-,-,-,-,-,-,-
2495,Eliminated,0,15,10,3,0,24.0%,100,0.00,24.0%,-,-,-,-,-,-,-,-,-,-
2496,Eliminated,5,0,10,2,0,24.0%,100,0.00,24.0%,-,-,-,-,-,-,-,-,-,-
2497,Eliminated,5,10,0,3,0,24.0%,100,0.00,24.0%,-,-,-,-,-,-,-,-,-,-
2498,Eliminated,5,10,6,2,0,24.0%,100,0.00,24.0%,-,-,-,-,-,-,-,-,-,-
2499,Eliminated,5,10,6,3,0,24.0%,100,0.00,24.0%,-,-,-,-,-,-,-,-,-,-
2500,Eliminated,10,5,0,1,0,24.0%,100,0.00,24.0%,-,-,-,-,-,-,-,-,-,-
2501,Eliminated,10,5,0,3,0,24.0%,100,0.00,24.0%,-,-,-,-,-,-,-,-,-,-
2502,Eliminated,10,5,10,3,0,24.0%,100,0.00,24.0%,-,-,-,-,-,-,-,-,-,-
2503,Eliminated,10,10,0,1,0,24.0%,100,0.00,24.0%,-,-,-,-,-,-,-,-,-,-
2504,Eliminated,10,10,6,2,0,24.0%,100,0.00,24.0%,-,-,-,-,-,-,-,-,-,-
2505,Eliminated,10,10,8,3,0,24.0%,100,0.00,24.0%,-,-,-,-,-,-,-,-,-,-
2506,Eliminated,10,15,4,3,0,24.0%,100,0.00,24.0%,-,-,-,-,-,-,-,-,-,-
2507,Eliminated,10,20,2,1,0,24.0%,100,0.00,24.0%,-,-,-,-,-,-,-,-,-,-
2508,Eliminated,15,0,10,2,0,24.0%,100,0.00,24.0%,-,-,-,-,-,-,-,-,-,-
2509,Eliminated,15,5,2,2,0,24.0%,100,0.00,24.0%,-,-,-,-,-,-,-,-,-,-
2510,Eliminated,15,5,6,3,0,24.0%,100,0.00,24.0%,-,-,-,-,-,-,-,-,-,-
2511,Eliminated,15,5,8,1,0,24.0%,100,0.00,24.0%,-,-,-,-,-,-,-,-,-,-
2512,Eliminated,15,10,0,1,0,24.0%,100,0.00,24.0%,-,-,-,-,-,-,-,-,-,-
2513,Eliminated,15,10,2,2,0,24.0%,100,0.00,24.0%,-,-,-,-,-,-,-,-,-,-
2514,Eliminated,20,0,10,2,0,24.0%,100,0.00,24.0%,-,-,-,-,-,-,-,-,-,-
2515,Eliminated,20,20,0,2,0,24.0%,100,0.00,24.0%,-,-,-,-,-,-,-,-,-,-
2516,Eliminated,20,20,4,2,0,24.0%,100,0.00,24.0%,-,-,-,-,-,-,-,-,-,-
2517,Eliminated,0,0,6,1,0,23.0%,100,0.00,23.0%,-,-,-,-,-,-,-,-,-,-
2518,Eliminated,0,0,8,3,0,23.0%,100,0.00,23.0%,-,-,-,-,-,-,-,-,-,-
2519,Eliminated,0,5,0,2,2,23.0%,100,0.00,23.0%,-,-,-,-,-,-,-,-,-,-
2520,Eliminated,0,10,2,2,0,23.0%,100,0.00,23.0%,-,-,-,-,-,-,-,-,-,-
2521,Eliminated,0,10,10,3,0,23.0%,100,0.00,23.0%,-,-,-,-,-,-,-,-,-,-
2522,Eliminated,0,20,2,3,0,23.0%,100,0.00,23.0%,-,-,-,-,-,-,-,-,-,-
2523,Eliminated,0,20,4,3,0,23.0%,100,0.00,23.0%,-,-,-,-,-,-,-,-,-,-
2524,Eliminated,5,5,8,1,0,23.0%,100,0.00,23.0%,-,-,-,-,-,-,-,-,-,-
2525,Eliminated,5,10,0,3,2,23.0%,100,0.00,23.0%,-,-,-,-,-,-,-,-,-,-
2526,Eliminated,5,10,2,2,0,23.0%,100,0.00,23.0%,-,-,-,-,-,-,-,-,-,-
2527,Eliminated,5,15,2,3,0,23.0%,100,0.00,23.0%,-,-,-,-,-,-,-,-,-,-
2528,Eliminated,5,20,2,3,0,23.0%,100,0.00,23.0%,-,-,-,-,-,-,-,-,-,-
2529,Eliminated,10,0,10,3,0,23.0%,100,0.00,23.0%,-,-,-,-,-,-,-,-,-,-
2530,Eliminated,10,10,0,3,0,23.0%,100,0.00,23.0%,-,-,-,-,-,-,-,-,-,-
2531,Eliminated,10,10,4,3,0,23.0%,100,0.00,23.0%,-,-,-,-,-,-,-,-,-,-
2532,Eliminated,10,15,0,2,0,23.0%,100,0.00,23.0%,-,-,-,-,-,-,-,-,-,-
2533,Eliminated,10,20,6,1,0,23.0%,100,0.00,23.0%,-,-,-,-,-,-,-,-,-,-
2534,Eliminated,15,0,10,3,0,23.0%,100,0.00,23.0%,-,-,-,-,-,-,-,-,-,-
2535,Eliminated,15,5,4,3,0,23.0%,100,0.00,23.0%,-,-,-,-,-,-,-,-,-,-
2536,Eliminated,15,10,2,3,0,23.0%,100,0.00,23.0%,-,-,-,-,-,-,-,-,-,-
2537,Eliminated,15,15,0,1,0,23.0%,100,0.00,23.0%,-,-,-,-,-,-,-,-,-,-
2538,Eliminated,15,15,2,1,0,23.0%,100,0.00,23.0%,-,-,-,-,-,-,-,-,-,-
2539,Eliminated,15,15,8,1,0,23.0%,100,0.00,23.0%,-,-,-,-,-,-,-,-,-,-
2540,Eliminated,15,20,10,3,0,23.0%,100,0.00,23.0%,-,-,-,-,-,-,-,-,-,-
2541,Eliminated,20,5,2,1,0,23.0%,100,0.00,23.0%,-,-,-,-,-,-,-,-,-,-
2542,Eliminated,20,10,2,1,0,23.0%,100,0.00,23.0%,-,-,-,-,-,-,-,-,-,-
2543,Eliminated,20,10,2,3,0,23.0%,100,0.00,23.0%,-,-,-,-,-,-,-,-,-,-
2544,Eliminated,20,10,10,3,0,23.0%,100,0.00,23.0%,-,-,-,-,-,-,-,-,-,-
2545,Eliminated,20,15,2,1,0,23.0%,100,0.00,23.0%,-,-,-,-,-,-,-,-,-,-
2546,Eliminated,20,15,6,3,0,23.0%,100,0.00,23.0%,-,-,-,-,-,-,-,-,-,-
2547,Eliminated,20,20,2,3,0,23.0%,100,0.00,23.0%,-,-,-,-,-,-,-,-,-,-
2548,Eliminated,0,0,0,2,0,22.0%,100,0.00,22.0%,-,-,-,-,-,-,-,-,-,-
2549,Eliminated,0,0,0,3,0,22.0%,100,0.00,22.0%,-,-,-,-,-,-,-,-,-,-
2550,Eliminated,0,5,0,2,0,22.0%,100,0.00,22.0%,-,-,-,-,-,-,-,-,-,-
2551,Eliminated,0,10,2,3,0,22.0%,100,0.00,22.0%,-,-,-,-,-,-,-,-,-,-
2552,Eliminated,0,15,0,2,2,22.0%,100,0.00,22.0%,-,-,-,-,-,-,-,-,-,-
2553,Eliminated,0,15,0,3,0,22.0%,100,0.00,22.0%,-,-,-,-,-,-,-,-,-,-
2554,Eliminated,0,15,4,3,0,22.0%,100,0.00,22.0%,-,-,-,-,-,-,-,-,-,-
2555,Eliminated,0,15,8,2,0,22.0%,100,0.00,22.0%,-,-,-,-,-,-,-,-,-,-
2556,Eliminated,0,20,6,2,0,22.0%,100,0.00,22.0%,-,-,-,-,-,-,-,-,-,-
2557,Eliminated,0,20,8,3,0,22.0%,100,0.00,22.0%,-,-,-,-,-,-,-,-,-,-
2558,Eliminated,5,5,0,3,2,22.0%,100,0.00,22.0%,-,-,-,-,-,-,-,-,-,-
2559,Eliminated,5,5,8,3,0,22.0%,100,0.00,22.0%,-,-,-,-,-,-,-,-,-,-
2560,Eliminated,5,10,10,3,0,22.0%,100,0.00,22.0%,-,-,-,-,-,-,-,-,-,-
2561,Eliminated,5,15,4,3,0,22.0%,100,0.00,22.0%,-,-,-,-,-,-,-,-,-,-
2562,Eliminated,5,15,8,2,0,22.0%,100,0.00,22.0%,-,-,-,-,-,-,-,-,-,-
2563,Eliminated,10,5,2,3,0,22.0%,100,0.00,22.0%,-,-,-,-,-,-,-,-,-,-
2564,Eliminated,10,10,4,1,0,22.0%,100,0.00,22.0%,-,-,-,-,-,-,-,-,-,-
2565,Eliminated,10,10,6,3,0,22.0%,100,0.00,22.0%,-,-,-,-,-,-,-,-,-,-
2566,Eliminated,10,15,2,3,0,22.0%,100,0.00,22.0%,-,-,-,-,-,-,-,-,-,-
2567,Eliminated,10,15,4,2,0,22.0%,100,0.00,22.0%,-,-,-,-,-,-,-,-,-,-
2568,Eliminated,10,20,2,2,0,22.0%,100,0.00,22.0%,-,-,-,-,-,-,-,-,-,-
2569,Eliminated,10,20,10,3,0,22.0%,100,0.00,22.0%,-,-,-,-,-,-,-,-,-,-
2570,Eliminated,15,5,6,2,0,22.0%,100,0.00,22.0%,-,-,-,-,-,-,-,-,-,-
2571,Eliminated,15,10,0,2,0,22.0%,100,0.00,22.0%,-,-,-,-,-,-,-,-,-,-
2572,Eliminated,15,10,6,2,0,22.0%,100,0.00,22.0%,-,-,-,-,-,-,-,-,-,-
2573,Eliminated,15,15,0,3,0,22.0%,100,0.00,22.0%,-,-,-,-,-,-,-,-,-,-
2574,Eliminated,15,15,4,2,0,22.0%,100,0.00,22.0%,-,-,-,-,-,-,-,-,-,-
2575,Eliminated,15,15,6,3,0,22.0%,100,0.00,22.0%,-,-,-,-,-,-,-,-,-,-
2576,Eliminated,15,20,2,1,0,22.0%,100,0.00,22.0%,-,-,-,-,-,-,-,-,-,-
2577,Eliminated,15,20,6,2,0,22.0%,100,0.00,22.0%,-,-,-,-,-,-,-,-,-,-
2578,Eliminated,20,10,6,2,0,22.0%,100,0.00,22.0%,-,-,-,-,-,-,-,-,-,-
2579,Eliminated,20,15,8,2,0,22.0%,100,0.00,22.0%,-,-,-,-,-,-,-,-,-,-
2580,Eliminated,0,0,2,1,0,21.0%,100,0.00,21.0%,-,-,-,-,-,-,-,-,-,-
2581,Eliminated,0,0,10,3,0,21.0%,100,0.00,21.0%,-,-,-,-,-,-,-,-,-,-
2582,Eliminated,0,10,4,2,0,21.0%,100,0.00,21.0%,-,-,-,-,-,-,-,-,-,-
2583,Eliminated,0,10,6,3,0,21.0%,100,0.00,21.0%,-,-,-,-,-,-,-,-,-,-
2584,Eliminated,0,20,6,3,0,21.0%,100,0.00,21.0%,-,-,-,-,-,-,-,-,-,-
2585,Eliminated,5,0,10,1,0,21.0%,100,0.00,21.0%,-,-,-,-,-,-,-,-,-,-
2586,Eliminated,5,5,6,2,0,21.0%,100,0.00,21.0%,-,-,-,-,-,-,-,-,-,-
2587,Eliminated,5,5,8,2,0,21.0%,100,0.00,21.0%,-,-,-,-,-,-,-,-,-,-
2588,Eliminated,5,5,10,2,0,21.0%,100,0.00,21.0%,-,-,-,-,-,-,-,-,-,-
2589,Eliminated,5,15,8,3,0,21.0%,100,0.00,21.0%,-,-,-,-,-,-,-,-,-,-
2590,Eliminated,5,20,8,2,0,21.0%,100,0.00,21.0%,-,-,-,-,-,-,-,-,-,-
2591,Eliminated,10,10,2,3,0,21.0%,100,0.00,21.0%,-,-,-,-,-,-,-,-,-,-
2592,Eliminated,10,10,4,2,0,21.0%,100,0.00,21.0%,-,-,-,-,-,-,-,-,-,-
2593,Eliminated,10,15,6,3,0,21.0%,100,0.00,21.0%,-,-,-,-,-,-,-,-,-,-
2594,Eliminated,15,10,2,1,0,21.0%,100,0.00,21.0%,-,-,-,-,-,-,-,-,-,-
2595,Eliminated,15,10,8,2,0,21.0%,100,0.00,21.0%,-,-,-,-,-,-,-,-,-,-
2596,Eliminated,15,10,10,3,0,21.0%,100,0.00,21.0%,-,-,-,-,-,-,-,-,-,-
2597,Eliminated,15,15,6,1,0,21.0%,100,0.00,21.0%,-,-,-,-,-,-,-,-,-,-
2598,Eliminated,15,15,8,3,0,21.0%,100,0.00,21.0%,-,-,-,-,-,-,-,-,-,-
2599,Eliminated,15,15,10,3,0,21.0%,100,0.00,21.0%,-,-,-,-,-,-,-,-,-,-
2600,Eliminated,15,20,2,3,0,21.0%,100,0.00,21.0%,-,-,-,-,-,-,-,-,-,-
2601,Eliminated,20,5,6,2,0,21.0%,100,0.00,21.0%,-,-,-,-,-,-,-,-,-,-
2602,Eliminated,20,15,0,1,0,21.0%,100,0.00,21.0%,-,-,-,-,-,-,-,-,-,-
2603,Eliminated,20,15,10,3,0,21.0%,100,0.00,21.0%,-,-,-,-,-,-,-,-,-,-
2604,Eliminated,20,20,0,3,0,21.0%,100,0.00,21.0%,-,-,-,-,-,-,-,-,-,-
2605,Eliminated,20,20,4,3,0,21.0%,100,0.00,21.0%,-,-,-,-,-,-,-,-,-,-
2606,Eliminated,20,20,8,1,0,21.0%,100,0.00,21.0%,-,-,-,-,-,-,-,-,-,-
2607,Eliminated,20,20,10,2,0,21.0%,100,0.00,21.0%,-,-,-,-,-,-,-,-,-,-
2608,Eliminated,0,5,2,3,0,20.0%,100,0.00,20.0%,-,-,-,-,-,-,-,-,-,-
2609,Eliminated,0,20,0,2,2,20.0%,100,0.00,20.0%,-,-,-,-,-,-,-,-,-,-
2610,Eliminated,0,20,0,3,0,20.0%,100,0.00,20.0%,-,-,-,-,-,-,-,-,-,-
2611,Eliminated,5,5,6,1,0,20.0%,100,0.00,20.0%,-,-,-,-,-,-,-,-,-,-
2612,Eliminated,5,15,0,1,2,20.0%,100,0.00,20.0%,-,-,-,-,-,-,-,-,-,-
2613,Eliminated,5,15,6,2,0,20.0%,100,0.00,20.0%,-,-,-,-,-,-,-,-,-,-
2614,Eliminated,5,20,0,1,0,20.0%,100,0.00,20.0%,-,-,-,-,-,-,-,-,-,-
2615,Eliminated,5,20,10,3,0,20.0%,100,0.00,20.0%,-,-,-,-,-,-,-,-,-,-
2616,Eliminated,10,5,0,2,0,20.0%,100,0.00,20.0%,-,-,-,-,-,-,-,-,-,-
2617,Eliminated,10,20,0,2,0,20.0%,100,0.00,20.0%,-,-,-,-,-,-,-,-,-,-
2618,Eliminated,10,20,4,3,0,20.0%,100,0.00,20.0%,-,-,-,-,-,-,-,-,-,-
2619,Eliminated,15,15,0,2,0,20.0%,100,0.00,20.0%,-,-,-,-,-,-,-,-,-,-
2620,Eliminated,15,20,0,2,0,20.0%,100,0.00,20.0%,-,-,-,-,-,-,-,-,-,-
2621,Eliminated,15,20,2,2,0,20.0%,100,0.00,20.0%,-,-,-,-,-,-,-,-,-,-
2622,Eliminated,20,5,10,3,0,20.0%,100,0.00,20.0%,-,-,-,-,-,-,-,-,-,-
2623,Eliminated,20,10,0,2,0,20.0%,100,0.00,20.0%,-,-,-,-,-,-,-,-,-,-
2624,Eliminated,0,5,10,3,0,19.0%,100,0.00,19.0%,-,-,-,-,-,-,-,-,-,-
2625,Eliminated,0,15,0,2,0,19.0%,100,0.00,19.0%,-,-,-,-,-,-,-,-,-,-
2626,Eliminated,0,15,2,3,0,19.0%,100,0.00,19.0%,-,-,-,-,-,-,-,-,-,-
2627,Eliminated,0,15,6,2,0,19.0%,100,0.00,19.0%,-,-,-,-,-,-,-,-,-,-
2628,Eliminated,0,20,0,2,0,19.0%,100,0.00,19.0%,-,-,-,-,-,-,-,-,-,-
2629,Eliminated,0,20,2,2,0,19.0%,100,0.00,19.0%,-,-,-,-,-,-,-,-,-,-
2630,Eliminated,0,20,4,2,0,19.0%,100,0.00,19.0%,-,-,-,-,-,-,-,-,-,-
2631,Eliminated,5,0,10,3,0,19.0%,100,0.00,19.0%,-,-,-,-,-,-,-,-,-,-
2632,Eliminated,5,5,2,1,0,19.0%,100,0.00,19.0%,-,-,-,-,-,-,-,-,-,-
2633,Eliminated,5,10,8,3,0,19.0%,100,0.00,19.0%,-,-,-,-,-,-,-,-,-,-
2634,Eliminated,5,15,0,3,0,19.0%,100,0.00,19.0%,-,-,-,-,-,-,-,-,-,-
2635,Eliminated,5,15,8,1,0,19.0%,100,0.00,19.0%,-,-,-,-,-,-,-,-,-,-
2636,Eliminated,5,20,0,2,0,19.0%,100,0.00,19.0%,-,-,-,-,-,-,-,-,-,-
2637,Eliminated,10,5,6,2,0,19.0%,100,0.00,19.0%,-,-,-,-,-,-,-,-,-,-
2638,Eliminated,10,5,10,2,0,19.0%,100,0.00,19.0%,-,-,-,-,-,-,-,-,-,-
2639,Eliminated,10,10,10,2,0,19.0%,100,0.00,19.0%,-,-,-,-,-,-,-,-,-,-
2640,Eliminated,10,10,10,3,0,19.0%,100,0.00,19.0%,-,-,-,-,-,-,-,-,-,-
2641,Eliminated,10,15,10,2,0,19.0%,100,0.00,19.0%,-,-,-,-,-,-,-,-,-,-
2642,Eliminated,10,20,4,2,0,19.0%,100,0.00,19.0%,-,-,-,-,-,-,-,-,-,-
2643,Eliminated,15,5,2,1,0,19.0%,100,0.00,19.0%,-,-,-,-,-,-,-,-,-,-
2644,Eliminated,15,10,0,3,0,19.0%,100,0.00,19.0%,-,-,-,-,-,-,-,-,-,-
2645,Eliminated,15,10,10,2,0,19.0%,100,0.00,19.0%,-,-,-,-,-,-,-,-,-,-
2646,Eliminated,15,15,2,3,0,19.0%,100,0.00,19.0%,-,-,-,-,-,-,-,-,-,-
2647,Eliminated,15,20,6,3,0,19.0%,100,0.00,19.0%,-,-,-,-,-,-,-,-,-,-
2648,Eliminated,20,5,0,2,0,19.0%,100,0.00,19.0%,-,-,-,-,-,-,-,-,-,-
2649,Eliminated,20,10,4,3,0,19.0%,100,0.00,19.0%,-,-,-,-,-,-,-,-,-,-
2650,Eliminated,20,15,6,2,0,19.0%,100,0.00,19.0%,-,-,-,-,-,-,-,-,-,-
2651,Eliminated,20,20,0,1,0,19.0%,100,0.00,19.0%,-,-,-,-,-,-,-,-,-,-
2652,Eliminated,20,20,8,2,0,19.0%,100,0.00,19.0%,-,-,-,-,-,-,-,-,-,-
2653,Eliminated,20,20,10,3,0,19.0%,100,0.00,19.0%,-,-,-,-,-,-,-,-,-,-
2654,Eliminated,0,5,0,3,0,18.0%,100,0.00,18.0%,-,-,-,-,-,-,-,-,-,-
2655,Eliminated,0,10,0,2,0,18.0%,100,0.00,18.0%,-,-,-,-,-,-,-,-,-,-
2656,Eliminated,0,15,8,3,0,18.0%,100,0.00,18.0%,-,-,-,-,-,-,-,-,-,-
2657,Eliminated,5,10,0,2,0,18.0%,100,0.00,18.0%,-,-,-,-,-,-,-,-,-,-
2658,Eliminated,5,10,2,1,0,18.0%,100,0.00,18.0%,-,-,-,-,-,-,-,-,-,-
2659,Eliminated,5,15,2,2,0,18.0%,100,0.00,18.0%,-,-,-,-,-,-,-,-,-,-
2660,Eliminated,5,20,0,3,0,18.0%,100,0.00,18.0%,-,-,-,-,-,-,-,-,-,-
2661,Eliminated,5,20,4,3,0,18.0%,100,0.00,18.0%,-,-,-,-,-,-,-,-,-,-
2662,Eliminated,10,15,6,1,0,18.0%,100,0.00,18.0%,-,-,-,-,-,-,-,-,-,-
2663,Eliminated,10,20,0,1,0,18.0%,100,0.00,18.0%,-,-,-,-,-,-,-,-,-,-
2664,Eliminated,10,20,0,3,0,18.0%,100,0.00,18.0%,-,-,-,-,-,-,-,-,-,-
2665,Eliminated,15,15,6,2,0,18.0%,100,0.00,18.0%,-,-,-,-,-,-,-,-,-,-
2666,Eliminated,15,20,8,3,0,18.0%,100,0.00,18.0%,-,-,-,-,-,-,-,-,-,-
2667,Eliminated,20,10,4,1,0,18.0%,100,0.00,18.0%,-,-,-,-,-,-,-,-,-,-
2668,Eliminated,20,20,6,3,0,18.0%,100,0.00,18.0%,-,-,-,-,-,-,-,-,-,-
2669,Eliminated,5,5,10,3,0,17.0%,100,0.00,17.0%,-,-,-,-,-,-,-,-,-,-
2670,Eliminated,5,15,2,1,0,17.0%,100,0.00,17.0%,-,-,-,-,-,-,-,-,-,-
2671,Eliminated,5,15,4,1,0,17.0%,100,0.00,17.0%,-,-,-,-,-,-,-,-,-,-
2672,Eliminated,5,20,6,3,0,17.0%,100,0.00,17.0%,-,-,-,-,-,-,-,-,-,-
2673,Eliminated,20,10,0,3,0,17.0%,100,0.00,17.0%,-,-,-,-,-,-,-,-,-,-
2674,Eliminated,0,5,4,3,0,16.0%,100,0.00,16.0%,-,-,-,-,-,-,-,-,-,-
2675,Eliminated,5,5,0,1,0,16.0%,100,0.00,16.0%,-,-,-,-,-,-,-,-,-,-
2676,Eliminated,5,10,0,1,0,16.0%,100,0.00,16.0%,-,-,-,-,-,-,-,-,-,-
2677,Eliminated,5,15,0,2,0,16.0%,100,0.00,16.0%,-,-,-,-,-,-,-,-,-,-
2678,Eliminated,5,15,6,3,0,16.0%,100,0.00,16.0%,-,-,-,-,-,-,-,-,-,-
2679,Eliminated,10,15,8,1,0,16.0%,100,0.00,16.0%,-,-,-,-,-,-,-,-,-,-
2680,Eliminated,15,10,4,3,0,16.0%,100,0.00,16.0%,-,-,-,-,-,-,-,-,-,-
2681,Eliminated,15,15,4,1,0,16.0%,100,0.00,16.0%,-,-,-,-,-,-,-,-,-,-
2682,Eliminated,20,10,8,3,0,16.0%,100,0.00,16.0%,-,-,-,-,-,-,-,-,-,-
2683,Eliminated,5,10,4,1,0,15.0%,100,0.00,15.0%,-,-,-,-,-,-,-,-,-,-
2684,Eliminated,5,15,0,1,0,15.0%,100,0.00,15.0%,-,-,-,-,-,-,-,-,-,-
2685,Eliminated,5,20,6,1,0,15.0%,100,0.00,15.0%,-,-,-,-,-,-,-,-,-,-
2686,Eliminated,5,20,8,3,0,15.0%,100,0.00,15.0%,-,-,-,-,-,-,-,-,-,-
2687,Eliminated,10,15,0,1,0,15.0%,100,0.00,15.0%,-,-,-,-,-,-,-,-,-,-
2688,Eliminated,15,20,4,3,0,15.0%,100,0.00,15.0%,-,-,-,-,-,-,-,-,-,-
2689,Eliminated,20,15,4,3,0,15.0%,100,0.00,15.0%,-,-,-,-,-,-,-,-,-,-
2690,Eliminated,0,20,10,3,0,14.0%,100,0.00,14.0%,-,-,-,-,-,-,-,-,-,-
2691,Eliminated,5,15,6,1,0,14.0%,100,0.00,14.0%,-,-,-,-,-,-,-,-,-,-
2692,Eliminated,10,10,2,2,0,14.0%,100,0.00,14.0%,-,-,-,-,-,-,-,-,-,-
2693,Eliminated,20,15,2,3,0,14.0%,100,0.00,14.0%,-,-,-,-,-,-,-,-,-,-
2694,Eliminated,5,10,6,1,0,13.0%,100,0.00,13.0%,-,-,-,-,-,-,-,-,-,-
2695,Eliminated,10,20,8,2,0,13.0%,100,0.00,13.0%,-,-,-,-,-,-,-,-,-,-
2696,Eliminated,5,20,2,1,0,12.0%,100,0.00,12.0%,-,-,-,-,-,-,-,-,-,-
2697,Eliminated,5,20,8,1,0,12.0%,100,0.00,12.0%,-,-,-,-,-,-,-,-,-,-
2698,Eliminated,15,15,4,3,0,12.0%,100,0.00,12.0%,-,-,-,-,-,-,-,-,-,-
2699,Eliminated,5,20,4,1,0,11.0%,100,0.00,11.0%,-,-,-,-,-,-,-,-,-,-
2700,Eliminated,15,20,10,2,0,9.0%,100,0.00,9.0%,-,-,-,-,-,-,-,-,-,-
