Rank,Status,VP,EN,HL,AT,YD,WinRate,GamesPlayed,AvgCardsBought,P1%,P2%,P3%,P4%,P5%,P6%,P7%,P8%,P9%,P10%,P11%
1,Active,15,0,6,3,6,0.0%,0,0.00,96.0%,66.0%,62.0%,64.0%,58.0%,54.0%,58.0%,60.0%,52.0%,58.0%,52.0%
2,Eliminated,15,0,8,2,8,48.0%,50,14.32,96.0%,72.0%,66.0%,76.0%,52.0%,58.0%,58.0%,62.0%,56.0%,54.0%,48.0%
3,Eliminated,10,0,8,2,6,51.0%,49,13.51,96.0%,54.0%,58.0%,60.0%,62.0%,56.0%,60.0%,58.0%,54.0%,51.0%,-
4,Eliminated,15,0,10,2,8,47.1%,51,12.29,100.0%,70.0%,56.0%,58.0%,58.0%,60.0%,66.0%,56.0%,54.0%,47.1%,-
5,Eliminated,20,0,6,1,6,40.0%,50,14.76,90.0%,52.0%,54.0%,60.0%,64.0%,52.0%,64.0%,54.0%,55.1%,40.0%,-
6,Eliminated,15,0,10,3,8,52.0%,50,10.68,100.0%,80.0%,62.0%,60.0%,54.0%,70.0%,54.0%,52.0%,52.0%,-,-
7,Eliminated,10,0,10,2,6,50.0%,50,10.58,90.0%,68.0%,54.0%,52.0%,66.0%,52.0%,50.0%,58.0%,50.0%,-,-
8,Eliminated,15,0,6,2,8,45.1%,51,11.51,96.0%,56.0%,68.0%,66.0%,52.0%,64.0%,54.0%,52.0%,45.1%,-,-
9,Eliminated,20,0,8,3,6,44.0%,50,12.72,98.0%,64.0%,62.0%,54.0%,56.0%,58.8%,54.0%,62.0%,44.0%,-,-
10,Eliminated,10,0,8,2,8,38.0%,50,10.94,96.0%,54.0%,50.0%,56.0%,52.0%,68.0%,62.0%,60.0%,38.0%,-,-
11,Eliminated,10,0,8,3,6,48.0%,50,9.32,96.0%,76.0%,58.0%,62.0%,52.0%,64.0%,54.0%,48.0%,-,-,-
12,Eliminated,20,0,8,2,6,48.0%,50,10.80,94.0%,66.0%,52.0%,60.0%,62.0%,62.0%,64.0%,48.0%,-,-,-
13,Eliminated,0,0,8,3,6,46.0%,50,6.44,98.0%,76.0%,56.0%,64.0%,54.0%,60.0%,62.0%,46.0%,-,-,-
14,Eliminated,10,0,10,3,6,44.0%,50,9.42,98.0%,74.0%,68.0%,64.0%,52.0%,62.0%,54.0%,44.0%,-,-,-
15,Eliminated,20,0,6,2,10,44.0%,50,10.54,100.0%,66.0%,54.0%,52.0%,56.0%,60.0%,56.0%,44.0%,-,-,-
16,Eliminated,20,0,10,3,8,44.0%,50,9.72,98.0%,74.0%,76.0%,54.0%,52.0%,66.0%,58.0%,44.0%,-,-,-
17,Eliminated,15,0,4,3,6,43.1%,51,9.98,94.0%,52.0%,54.0%,52.0%,54.0%,54.0%,50.0%,43.1%,-,-,-
18,Eliminated,5,0,6,2,6,42.9%,49,9.22,96.0%,62.0%,52.0%,52.0%,62.0%,62.0%,56.0%,42.9%,-,-,-
19,Eliminated,0,0,8,3,4,40.0%,50,6.28,80.0%,52.0%,54.0%,54.0%,62.0%,66.0%,54.0%,40.0%,-,-,-
20,Eliminated,0,0,8,2,6,38.0%,50,7.32,84.0%,60.0%,62.0%,64.0%,52.0%,56.0%,54.0%,38.0%,-,-,-
21,Eliminated,5,0,6,3,10,38.0%,50,9.92,98.0%,78.0%,56.0%,64.0%,58.0%,72.0%,60.0%,38.0%,-,-,-
22,Eliminated,15,0,8,2,6,50.0%,50,9.70,98.0%,54.0%,56.0%,54.0%,58.0%,66.0%,50.0%,-,-,-,-
23,Eliminated,5,0,4,2,8,48.0%,50,7.90,96.0%,58.0%,62.0%,56.0%,56.0%,58.0%,48.0%,-,-,-,-
24,Eliminated,10,0,4,1,8,48.0%,50,9.06,94.0%,54.0%,52.0%,64.0%,52.0%,54.0%,48.0%,-,-,-,-
25,Eliminated,20,0,6,3,6,48.0%,50,10.00,96.0%,58.0%,60.0%,60.0%,62.0%,66.0%,48.0%,-,-,-,-
26,Eliminated,20,0,8,2,8,47.1%,51,10.22,100.0%,66.0%,52.0%,52.0%,66.0%,52.0%,47.1%,-,-,-,-
27,Eliminated,10,0,10,2,8,46.0%,50,8.18,100.0%,66.0%,58.0%,60.0%,54.0%,52.0%,46.0%,-,-,-,-
28,Eliminated,15,0,4,1,6,46.0%,50,9.02,94.0%,54.0%,54.0%,54.0%,60.0%,54.0%,46.0%,-,-,-,-
29,Eliminated,0,0,10,3,6,44.0%,50,5.16,86.0%,68.0%,64.0%,62.0%,62.0%,56.0%,44.0%,-,-,-,-
30,Eliminated,0,5,10,3,4,44.0%,50,11.06,82.0%,68.0%,50.0%,62.0%,62.0%,52.0%,44.0%,-,-,-,-
31,Eliminated,10,0,8,2,10,44.0%,50,8.68,94.0%,68.0%,68.0%,54.0%,56.0%,62.0%,44.0%,-,-,-,-
32,Eliminated,10,0,10,3,10,44.0%,50,8.22,94.0%,78.0%,68.0%,58.0%,58.0%,54.0%,44.0%,-,-,-,-
33,Eliminated,20,0,4,1,4,44.0%,50,9.02,94.0%,56.0%,62.0%,52.0%,56.0%,56.0%,44.0%,-,-,-,-
34,Eliminated,20,0,4,1,10,44.0%,50,9.08,94.0%,56.0%,54.0%,64.0%,56.0%,56.0%,44.0%,-,-,-,-
35,Eliminated,5,0,10,3,6,42.0%,50,6.72,94.0%,70.0%,60.0%,60.0%,54.0%,60.0%,42.0%,-,-,-,-
36,Eliminated,20,5,8,3,6,42.0%,50,18.24,96.0%,66.0%,58.0%,52.0%,64.0%,52.0%,42.0%,-,-,-,-
37,Eliminated,20,0,10,2,10,40.8%,49,9.00,94.0%,66.0%,52.0%,62.0%,52.0%,52.0%,40.8%,-,-,-,-
38,Eliminated,20,5,4,3,4,40.0%,50,16.78,88.0%,70.0%,52.0%,54.0%,52.0%,56.0%,40.0%,-,-,-,-
39,Eliminated,15,0,4,1,10,38.0%,50,8.88,98.0%,60.0%,58.0%,70.0%,64.0%,54.0%,38.0%,-,-,-,-
40,Eliminated,0,0,6,3,4,36.0%,50,6.08,86.0%,56.0%,58.0%,54.0%,54.0%,50.0%,36.0%,-,-,-,-
41,Eliminated,5,0,8,3,6,36.0%,50,8.10,100.0%,50.0%,54.0%,54.0%,62.0%,54.0%,36.0%,-,-,-,-
42,Eliminated,5,0,4,2,4,26.0%,50,7.38,88.0%,60.0%,60.0%,62.0%,56.0%,56.0%,26.0%,-,-,-,-
43,Eliminated,5,0,4,3,6,50.0%,50,6.38,90.0%,64.0%,56.0%,56.0%,58.0%,50.0%,-,-,-,-,-
44,Eliminated,5,0,6,2,10,50.0%,50,6.56,98.0%,58.0%,60.0%,60.0%,60.0%,50.0%,-,-,-,-,-
45,Eliminated,20,0,6,2,6,50.0%,50,8.42,98.0%,66.0%,56.0%,62.0%,64.0%,50.0%,-,-,-,-,-
46,Eliminated,20,5,8,2,8,50.0%,50,17.08,80.0%,66.0%,62.0%,58.0%,56.0%,50.0%,-,-,-,-,-
47,Eliminated,5,0,2,2,8,48.0%,50,6.46,88.0%,54.0%,66.0%,52.0%,60.0%,48.0%,-,-,-,-,-
48,Eliminated,5,0,10,3,8,48.0%,50,6.26,90.0%,72.0%,62.0%,52.0%,64.0%,48.0%,-,-,-,-,-
49,Eliminated,10,0,4,2,8,48.0%,50,7.54,96.0%,56.0%,66.0%,62.0%,56.0%,48.0%,-,-,-,-,-
50,Eliminated,10,0,10,3,8,48.0%,50,7.20,96.0%,68.0%,68.0%,58.0%,72.0%,48.0%,-,-,-,-,-
51,Eliminated,10,5,10,3,6,48.0%,50,14.42,92.0%,60.0%,64.0%,52.0%,54.0%,48.0%,-,-,-,-,-
52,Eliminated,20,15,10,3,6,48.0%,50,22.82,88.0%,58.0%,62.0%,60.0%,61.2%,48.0%,-,-,-,-,-
53,Eliminated,10,0,6,3,8,46.0%,50,7.64,94.0%,70.0%,50.0%,56.0%,58.0%,46.0%,-,-,-,-,-
54,Eliminated,15,0,4,2,6,46.0%,50,7.90,96.0%,58.0%,62.0%,52.0%,52.0%,46.0%,-,-,-,-,-
55,Eliminated,15,0,8,3,10,46.0%,50,7.50,98.0%,66.0%,52.0%,60.0%,58.0%,46.0%,-,-,-,-,-
56,Eliminated,10,5,8,2,8,44.0%,50,17.34,96.0%,56.0%,62.0%,54.0%,54.0%,44.0%,-,-,-,-,-
57,Eliminated,15,5,8,3,6,44.0%,50,15.40,88.0%,52.0%,52.0%,62.0%,66.0%,44.0%,-,-,-,-,-
58,Eliminated,20,0,10,3,6,44.0%,50,7.76,94.0%,62.0%,60.0%,66.0%,52.0%,44.0%,-,-,-,-,-
59,Eliminated,20,5,10,2,6,44.0%,50,15.52,80.0%,62.0%,56.0%,60.0%,56.0%,44.0%,-,-,-,-,-
60,Eliminated,0,0,4,2,4,42.0%,50,4.62,84.0%,60.0%,62.0%,54.0%,64.0%,42.0%,-,-,-,-,-
61,Eliminated,0,0,8,2,8,42.0%,50,5.36,90.0%,52.0%,56.0%,56.0%,52.0%,42.0%,-,-,-,-,-
62,Eliminated,5,0,0,1,10,42.0%,50,6.60,88.0%,54.0%,62.0%,56.0%,62.0%,42.0%,-,-,-,-,-
63,Eliminated,5,10,8,3,6,42.0%,50,18.32,80.0%,66.0%,52.0%,54.0%,68.0%,42.0%,-,-,-,-,-
64,Eliminated,10,0,10,3,4,42.0%,50,6.58,88.0%,54.0%,58.0%,52.0%,52.0%,42.0%,-,-,-,-,-
65,Eliminated,10,5,10,3,10,42.0%,50,16.98,88.0%,60.0%,58.0%,54.0%,52.0%,42.0%,-,-,-,-,-
66,Eliminated,10,10,6,3,6,42.0%,50,19.64,88.0%,52.0%,64.0%,58.0%,60.0%,42.0%,-,-,-,-,-
67,Eliminated,15,5,10,3,6,42.0%,50,14.52,88.0%,66.0%,70.0%,60.0%,52.0%,42.0%,-,-,-,-,-
68,Eliminated,0,5,6,3,6,40.0%,50,10.38,86.0%,66.0%,64.0%,54.0%,54.0%,40.0%,-,-,-,-,-
69,Eliminated,5,0,10,3,4,40.0%,50,5.72,86.0%,64.0%,50.0%,56.0%,54.0%,40.0%,-,-,-,-,-
70,Eliminated,5,20,6,3,6,40.0%,50,20.08,82.0%,54.0%,56.0%,54.0%,58.0%,40.0%,-,-,-,-,-
71,Eliminated,10,15,6,3,8,40.0%,50,21.18,84.0%,62.0%,56.0%,52.0%,56.0%,40.0%,-,-,-,-,-
72,Eliminated,10,15,8,3,6,40.0%,50,21.86,86.0%,64.0%,52.0%,52.0%,60.0%,40.0%,-,-,-,-,-
73,Eliminated,20,10,10,2,6,40.0%,50,20.40,92.0%,52.0%,64.0%,52.0%,60.0%,40.0%,-,-,-,-,-
74,Eliminated,5,5,10,3,6,38.0%,50,13.54,82.0%,52.0%,62.0%,56.0%,56.0%,38.0%,-,-,-,-,-
75,Eliminated,10,10,10,3,6,36.0%,50,18.98,86.0%,56.0%,56.0%,62.0%,52.0%,36.0%,-,-,-,-,-
76,Eliminated,15,10,8,3,4,36.0%,50,19.20,80.0%,52.0%,56.0%,62.0%,54.0%,36.0%,-,-,-,-,-
77,Eliminated,20,0,4,1,6,36.0%,50,8.02,100.0%,60.0%,64.0%,58.0%,60.0%,36.0%,-,-,-,-,-
78,Eliminated,0,5,4,2,4,34.0%,50,10.24,90.0%,64.0%,58.0%,58.0%,52.0%,34.0%,-,-,-,-,-
79,Eliminated,20,0,4,1,8,34.0%,50,7.94,98.0%,64.0%,58.0%,56.0%,56.0%,34.0%,-,-,-,-,-
80,Eliminated,20,10,10,3,6,32.7%,49,21.08,76.0%,72.0%,62.0%,56.0%,56.0%,32.7%,-,-,-,-,-
81,Eliminated,0,5,6,3,2,32.0%,50,9.42,72.0%,64.0%,62.0%,64.0%,60.0%,32.0%,-,-,-,-,-
82,Eliminated,0,15,8,3,6,32.0%,50,16.44,80.0%,54.0%,58.0%,52.0%,50.0%,32.0%,-,-,-,-,-
83,Eliminated,15,5,6,3,8,32.0%,50,16.54,86.0%,56.0%,54.0%,56.0%,52.0%,32.0%,-,-,-,-,-
84,Eliminated,5,10,6,3,6,30.0%,50,18.82,88.0%,68.0%,54.0%,62.0%,60.0%,30.0%,-,-,-,-,-
85,Eliminated,10,0,8,3,10,50.0%,50,6.72,100.0%,62.0%,56.0%,54.0%,50.0%,-,-,-,-,-,-
86,Eliminated,10,5,8,2,6,50.0%,50,12.70,90.0%,62.0%,54.0%,54.0%,50.0%,-,-,-,-,-,-
87,Eliminated,15,0,4,1,4,50.0%,50,6.20,94.0%,60.0%,64.0%,64.0%,50.0%,-,-,-,-,-,-
88,Eliminated,15,0,4,1,8,50.0%,50,6.40,96.0%,64.0%,54.0%,58.0%,50.0%,-,-,-,-,-,-
89,Eliminated,15,5,8,2,8,50.0%,50,14.10,94.0%,56.0%,56.0%,62.0%,50.0%,-,-,-,-,-,-
90,Eliminated,15,10,10,3,8,50.0%,50,16.64,86.0%,72.0%,64.0%,52.0%,50.0%,-,-,-,-,-,-
91,Eliminated,15,15,8,2,6,50.0%,50,18.78,82.0%,64.0%,66.0%,60.0%,50.0%,-,-,-,-,-,-
92,Eliminated,20,0,4,2,6,50.0%,50,5.80,96.0%,52.0%,56.0%,54.0%,50.0%,-,-,-,-,-,-
93,Eliminated,20,5,8,3,4,50.0%,50,11.64,88.0%,64.0%,52.0%,68.0%,50.0%,-,-,-,-,-,-
94,Eliminated,0,0,4,3,4,48.0%,50,3.78,80.0%,74.0%,68.0%,52.0%,48.0%,-,-,-,-,-,-
95,Eliminated,0,10,8,3,4,48.0%,50,12.58,74.0%,72.0%,56.0%,52.0%,48.0%,-,-,-,-,-,-
96,Eliminated,5,0,6,3,6,48.0%,50,5.84,96.0%,58.0%,60.0%,52.0%,48.0%,-,-,-,-,-,-
97,Eliminated,5,5,4,3,6,48.0%,50,12.18,84.0%,54.0%,62.0%,68.0%,48.0%,-,-,-,-,-,-
98,Eliminated,5,10,8,3,4,48.0%,50,13.70,72.0%,70.0%,54.0%,58.0%,48.0%,-,-,-,-,-,-
99,Eliminated,5,15,8,3,6,48.0%,50,17.10,80.0%,68.0%,56.0%,56.0%,48.0%,-,-,-,-,-,-
100,Eliminated,10,0,10,2,10,48.0%,50,5.58,98.0%,58.0%,52.0%,56.0%,48.0%,-,-,-,-,-,-
101,Eliminated,10,5,6,2,6,48.0%,50,11.88,94.0%,60.0%,62.0%,56.0%,48.0%,-,-,-,-,-,-
102,Eliminated,10,10,10,2,8,48.0%,50,16.92,80.0%,64.0%,60.0%,54.0%,48.0%,-,-,-,-,-,-
103,Eliminated,15,5,10,3,8,48.0%,50,12.82,92.0%,70.0%,64.0%,54.0%,48.0%,-,-,-,-,-,-
104,Eliminated,15,20,8,2,10,48.0%,50,18.14,92.0%,54.0%,54.0%,58.0%,48.0%,-,-,-,-,-,-
105,Eliminated,20,0,2,1,10,48.0%,50,6.02,94.0%,60.0%,56.0%,52.0%,48.0%,-,-,-,-,-,-
106,Eliminated,0,0,4,3,2,46.0%,50,3.98,82.0%,52.0%,50.0%,52.0%,46.0%,-,-,-,-,-,-
107,Eliminated,0,0,6,2,6,46.0%,50,4.54,90.0%,76.0%,54.0%,58.0%,46.0%,-,-,-,-,-,-
108,Eliminated,0,5,4,3,4,46.0%,50,8.48,78.0%,64.0%,54.0%,58.0%,46.0%,-,-,-,-,-,-
109,Eliminated,0,10,8,3,6,46.0%,50,12.98,72.0%,66.0%,58.0%,50.0%,46.0%,-,-,-,-,-,-
110,Eliminated,5,0,0,1,8,46.0%,50,5.40,80.0%,64.0%,56.0%,52.0%,46.0%,-,-,-,-,-,-
111,Eliminated,5,0,4,2,6,46.0%,50,5.28,92.0%,50.0%,60.0%,54.0%,46.0%,-,-,-,-,-,-
112,Eliminated,5,0,10,2,6,46.0%,50,5.06,90.0%,66.0%,62.0%,58.0%,46.0%,-,-,-,-,-,-
113,Eliminated,5,5,10,2,6,46.0%,50,12.48,76.0%,64.0%,64.0%,56.0%,46.0%,-,-,-,-,-,-
114,Eliminated,10,0,6,3,6,46.0%,50,6.22,96.0%,56.0%,54.0%,66.0%,46.0%,-,-,-,-,-,-
115,Eliminated,10,5,8,3,4,46.0%,50,11.52,82.0%,58.0%,62.0%,58.0%,46.0%,-,-,-,-,-,-
116,Eliminated,10,5,8,3,10,46.0%,50,14.92,90.0%,58.0%,56.0%,52.0%,46.0%,-,-,-,-,-,-
117,Eliminated,10,10,10,3,8,46.0%,50,16.24,84.0%,58.0%,58.0%,52.0%,46.0%,-,-,-,-,-,-
118,Eliminated,15,10,8,2,4,46.0%,50,15.66,74.0%,74.0%,56.0%,66.0%,46.0%,-,-,-,-,-,-
119,Eliminated,20,0,6,2,4,46.0%,50,6.42,96.0%,56.0%,52.0%,52.0%,46.0%,-,-,-,-,-,-
120,Eliminated,20,0,8,1,6,46.0%,50,7.40,94.0%,52.0%,58.0%,62.0%,46.0%,-,-,-,-,-,-
121,Eliminated,20,0,10,2,4,46.0%,50,6.52,90.0%,62.0%,52.0%,54.0%,46.0%,-,-,-,-,-,-
122,Eliminated,20,20,8,3,10,46.0%,50,20.00,82.0%,60.0%,54.0%,52.0%,46.0%,-,-,-,-,-,-
123,Eliminated,0,0,6,2,10,44.0%,50,4.76,94.0%,54.0%,58.0%,50.0%,44.0%,-,-,-,-,-,-
124,Eliminated,5,5,6,2,8,44.0%,50,13.60,90.0%,62.0%,56.0%,62.0%,44.0%,-,-,-,-,-,-
125,Eliminated,5,5,8,3,6,44.0%,50,12.38,88.0%,54.0%,66.0%,54.0%,44.0%,-,-,-,-,-,-
126,Eliminated,5,20,6,3,10,44.0%,50,17.04,88.0%,54.0%,50.0%,54.0%,44.0%,-,-,-,-,-,-
127,Eliminated,10,0,4,3,6,44.0%,50,6.28,92.0%,52.0%,52.0%,60.0%,44.0%,-,-,-,-,-,-
128,Eliminated,10,20,6,3,6,44.0%,50,19.28,86.0%,60.0%,72.0%,58.0%,44.0%,-,-,-,-,-,-
129,Eliminated,15,5,8,2,6,44.0%,50,12.74,90.0%,52.0%,58.0%,56.0%,44.0%,-,-,-,-,-,-
130,Eliminated,15,10,8,2,8,44.0%,50,18.88,92.0%,54.0%,52.0%,56.0%,44.0%,-,-,-,-,-,-
131,Eliminated,20,5,6,2,6,44.0%,50,13.10,88.0%,70.0%,60.0%,54.0%,44.0%,-,-,-,-,-,-
132,Eliminated,20,20,6,3,6,44.0%,50,19.36,74.0%,60.0%,66.0%,64.0%,44.0%,-,-,-,-,-,-
133,Eliminated,0,0,8,3,10,42.0%,50,4.32,90.0%,62.0%,56.0%,56.0%,42.0%,-,-,-,-,-,-
134,Eliminated,0,5,2,2,2,42.0%,50,7.18,70.0%,66.0%,54.0%,52.0%,42.0%,-,-,-,-,-,-
135,Eliminated,10,10,8,2,6,42.0%,50,16.14,80.0%,52.0%,52.0%,58.0%,42.0%,-,-,-,-,-,-
136,Eliminated,15,10,4,3,6,42.0%,50,15.78,82.0%,56.0%,56.0%,54.0%,42.0%,-,-,-,-,-,-
137,Eliminated,15,15,8,3,10,42.0%,50,19.02,90.0%,56.0%,54.0%,52.0%,42.0%,-,-,-,-,-,-
138,Eliminated,15,15,10,3,6,42.0%,50,18.20,82.0%,54.0%,70.0%,54.0%,42.0%,-,-,-,-,-,-
139,Eliminated,15,20,6,3,6,42.0%,50,18.80,78.0%,72.0%,54.0%,58.0%,42.0%,-,-,-,-,-,-
140,Eliminated,20,15,8,2,6,42.0%,50,18.70,82.0%,54.0%,58.0%,52.0%,42.0%,-,-,-,-,-,-
141,Eliminated,0,10,8,3,2,40.0%,50,11.02,74.0%,58.0%,66.0%,56.0%,40.0%,-,-,-,-,-,-
142,Eliminated,0,10,10,3,4,40.0%,50,11.08,76.0%,58.0%,56.0%,54.0%,40.0%,-,-,-,-,-,-
143,Eliminated,0,15,8,3,4,40.0%,50,12.48,76.0%,66.0%,50.0%,54.0%,40.0%,-,-,-,-,-,-
144,Eliminated,5,10,6,3,10,40.0%,50,16.08,84.0%,56.0%,58.0%,52.0%,40.0%,-,-,-,-,-,-
145,Eliminated,5,10,8,3,8,40.0%,50,17.18,88.0%,62.0%,60.0%,62.0%,40.0%,-,-,-,-,-,-
146,Eliminated,10,5,6,2,10,40.0%,50,14.12,88.0%,62.0%,56.0%,54.0%,40.0%,-,-,-,-,-,-
147,Eliminated,15,15,10,3,8,40.0%,50,18.78,88.0%,64.0%,52.0%,62.0%,40.0%,-,-,-,-,-,-
148,Eliminated,20,10,8,3,8,40.0%,50,17.16,94.0%,54.0%,58.0%,52.0%,40.0%,-,-,-,-,-,-
149,Eliminated,20,20,4,2,8,40.0%,50,17.94,80.0%,56.0%,60.0%,58.0%,40.0%,-,-,-,-,-,-
150,Eliminated,0,0,4,2,8,38.0%,50,4.22,82.0%,58.0%,52.0%,50.0%,38.0%,-,-,-,-,-,-
151,Eliminated,5,5,4,3,4,38.0%,50,10.72,82.0%,52.0%,56.0%,52.0%,38.0%,-,-,-,-,-,-
152,Eliminated,15,5,6,2,4,38.0%,50,11.72,94.0%,76.0%,62.0%,58.0%,38.0%,-,-,-,-,-,-
153,Eliminated,5,0,2,2,10,36.0%,50,5.68,98.0%,54.0%,68.0%,54.0%,36.0%,-,-,-,-,-,-
154,Eliminated,10,10,4,3,10,36.0%,50,16.44,76.0%,62.0%,62.0%,62.0%,36.0%,-,-,-,-,-,-
155,Eliminated,10,15,8,3,8,36.0%,50,19.66,88.0%,56.0%,54.0%,56.0%,36.0%,-,-,-,-,-,-
156,Eliminated,20,5,6,3,4,36.0%,50,11.92,94.0%,56.0%,60.0%,54.0%,36.0%,-,-,-,-,-,-
157,Eliminated,15,15,10,3,4,35.3%,51,15.33,74.0%,62.0%,56.0%,60.0%,35.3%,-,-,-,-,-,-
158,Eliminated,10,0,0,1,4,34.0%,50,5.24,82.0%,58.0%,56.0%,54.0%,34.0%,-,-,-,-,-,-
159,Eliminated,10,5,6,2,4,34.0%,50,11.60,88.0%,60.0%,60.0%,52.0%,34.0%,-,-,-,-,-,-
160,Eliminated,10,15,10,3,10,34.0%,50,18.14,82.0%,62.0%,54.0%,56.0%,34.0%,-,-,-,-,-,-
161,Eliminated,20,10,10,2,4,34.0%,50,16.08,80.0%,54.0%,54.0%,58.0%,34.0%,-,-,-,-,-,-
162,Eliminated,5,20,8,3,8,32.0%,50,16.40,86.0%,68.0%,58.0%,56.0%,32.0%,-,-,-,-,-,-
163,Eliminated,5,20,8,3,10,32.0%,50,15.68,84.0%,58.0%,54.0%,58.0%,32.0%,-,-,-,-,-,-
164,Eliminated,10,15,4,2,8,32.0%,50,17.12,80.0%,54.0%,56.0%,56.0%,32.0%,-,-,-,-,-,-
165,Eliminated,20,15,8,3,8,32.0%,50,18.06,82.0%,58.0%,62.0%,54.0%,32.0%,-,-,-,-,-,-
166,Eliminated,10,20,6,3,8,30.0%,50,18.44,82.0%,60.0%,54.0%,66.0%,30.0%,-,-,-,-,-,-
167,Eliminated,0,10,2,2,2,26.0%,50,11.28,80.0%,58.0%,54.0%,52.0%,26.0%,-,-,-,-,-,-
168,Eliminated,0,20,6,3,6,24.0%,50,14.40,76.0%,56.0%,56.0%,54.0%,24.0%,-,-,-,-,-,-
169,Eliminated,0,10,10,3,6,50.0%,50,10.00,82.0%,56.0%,54.0%,50.0%,-,-,-,-,-,-,-
170,Eliminated,0,15,6,3,4,50.0%,50,11.44,82.0%,56.0%,66.0%,50.0%,-,-,-,-,-,-,-
171,Eliminated,0,15,8,3,2,50.0%,50,11.22,72.0%,50.0%,54.0%,50.0%,-,-,-,-,-,-,-
172,Eliminated,5,0,4,2,10,50.0%,50,4.20,94.0%,56.0%,54.0%,50.0%,-,-,-,-,-,-,-
173,Eliminated,5,0,6,2,8,50.0%,50,4.50,94.0%,72.0%,62.0%,50.0%,-,-,-,-,-,-,-
174,Eliminated,5,0,6,3,8,50.0%,50,4.76,90.0%,80.0%,68.0%,50.0%,-,-,-,-,-,-,-
175,Eliminated,10,0,6,3,10,50.0%,50,4.94,96.0%,68.0%,62.0%,50.0%,-,-,-,-,-,-,-
176,Eliminated,10,5,8,2,2,50.0%,50,9.02,78.0%,54.0%,54.0%,50.0%,-,-,-,-,-,-,-
177,Eliminated,10,5,8,2,4,50.0%,50,9.32,82.0%,54.0%,56.0%,50.0%,-,-,-,-,-,-,-
178,Eliminated,10,5,8,3,6,50.0%,50,9.98,92.0%,54.0%,62.0%,50.0%,-,-,-,-,-,-,-
179,Eliminated,10,20,10,3,8,50.0%,50,12.64,84.0%,54.0%,56.0%,50.0%,-,-,-,-,-,-,-
180,Eliminated,15,0,6,2,6,50.0%,50,5.10,100.0%,54.0%,62.0%,50.0%,-,-,-,-,-,-,-
181,Eliminated,15,0,10,2,10,50.0%,50,4.46,100.0%,72.0%,64.0%,50.0%,-,-,-,-,-,-,-
182,Eliminated,15,0,10,3,6,50.0%,50,4.90,98.0%,66.0%,72.0%,50.0%,-,-,-,-,-,-,-
183,Eliminated,15,15,4,2,4,50.0%,50,14.58,90.0%,62.0%,56.0%,50.0%,-,-,-,-,-,-,-
184,Eliminated,15,15,8,2,10,50.0%,50,15.24,90.0%,52.0%,72.0%,50.0%,-,-,-,-,-,-,-
185,Eliminated,20,0,6,3,10,50.0%,50,5.52,92.0%,52.0%,52.0%,50.0%,-,-,-,-,-,-,-
186,Eliminated,20,0,10,3,10,50.0%,50,5.00,98.0%,72.0%,64.0%,50.0%,-,-,-,-,-,-,-
187,Eliminated,20,5,10,3,6,50.0%,50,9.44,92.0%,76.0%,62.0%,50.0%,-,-,-,-,-,-,-
188,Eliminated,20,5,10,3,8,50.0%,50,10.30,98.0%,58.0%,58.0%,50.0%,-,-,-,-,-,-,-
189,Eliminated,20,15,6,2,10,50.0%,50,14.52,78.0%,60.0%,52.9%,50.0%,-,-,-,-,-,-,-
190,Eliminated,20,20,10,2,8,49.0%,49,15.69,86.0%,54.0%,52.0%,49.0%,-,-,-,-,-,-,-
191,Eliminated,0,0,2,3,8,48.0%,50,3.06,70.0%,62.0%,52.0%,48.0%,-,-,-,-,-,-,-
192,Eliminated,0,0,6,2,4,48.0%,50,3.60,94.0%,60.0%,58.0%,48.0%,-,-,-,-,-,-,-
193,Eliminated,0,5,6,3,4,48.0%,50,6.44,80.0%,60.0%,74.0%,48.0%,-,-,-,-,-,-,-
194,Eliminated,0,5,10,3,6,48.0%,50,6.50,90.0%,58.0%,68.0%,48.0%,-,-,-,-,-,-,-
195,Eliminated,5,0,0,2,8,48.0%,50,4.40,84.0%,54.0%,50.0%,48.0%,-,-,-,-,-,-,-
196,Eliminated,5,5,6,2,4,48.0%,50,8.50,86.0%,58.0%,54.0%,48.0%,-,-,-,-,-,-,-
197,Eliminated,5,5,6,2,6,48.0%,50,9.66,80.0%,62.0%,58.0%,48.0%,-,-,-,-,-,-,-
198,Eliminated,5,5,8,3,10,48.0%,50,10.74,90.0%,50.0%,54.0%,48.0%,-,-,-,-,-,-,-
199,Eliminated,5,10,4,3,6,48.0%,50,10.94,80.0%,66.0%,52.0%,48.0%,-,-,-,-,-,-,-
200,Eliminated,5,10,4,3,10,48.0%,50,12.06,84.0%,56.0%,50.0%,48.0%,-,-,-,-,-,-,-
201,Eliminated,5,10,6,3,8,48.0%,50,12.86,82.0%,58.0%,56.0%,48.0%,-,-,-,-,-,-,-
202,Eliminated,10,0,0,1,8,48.0%,50,4.24,88.0%,54.0%,54.0%,48.0%,-,-,-,-,-,-,-
203,Eliminated,10,0,4,2,4,48.0%,50,4.74,96.0%,56.0%,52.0%,48.0%,-,-,-,-,-,-,-
204,Eliminated,10,15,4,2,10,48.0%,50,13.52,80.0%,60.0%,52.0%,48.0%,-,-,-,-,-,-,-
205,Eliminated,10,15,6,3,10,48.0%,50,14.60,86.0%,52.0%,56.0%,48.0%,-,-,-,-,-,-,-
206,Eliminated,10,20,8,3,6,48.0%,50,14.66,82.0%,64.0%,64.0%,48.0%,-,-,-,-,-,-,-
207,Eliminated,15,5,10,2,6,48.0%,50,9.62,92.0%,58.0%,62.0%,48.0%,-,-,-,-,-,-,-
208,Eliminated,15,5,10,3,2,48.0%,50,7.92,78.0%,60.0%,52.0%,48.0%,-,-,-,-,-,-,-
209,Eliminated,15,10,4,2,4,48.0%,50,11.96,78.0%,58.0%,54.0%,48.0%,-,-,-,-,-,-,-
210,Eliminated,15,20,4,2,10,48.0%,50,13.46,80.0%,52.0%,56.0%,48.0%,-,-,-,-,-,-,-
211,Eliminated,15,20,6,3,8,48.0%,50,14.48,84.0%,54.0%,66.0%,48.0%,-,-,-,-,-,-,-
212,Eliminated,15,20,6,3,10,48.0%,50,14.96,84.0%,58.0%,54.0%,48.0%,-,-,-,-,-,-,-
213,Eliminated,20,0,6,1,10,48.0%,50,5.90,98.0%,62.0%,58.0%,48.0%,-,-,-,-,-,-,-
214,Eliminated,20,15,4,3,4,48.0%,50,13.82,80.0%,68.0%,52.0%,48.0%,-,-,-,-,-,-,-
215,Eliminated,20,15,8,2,8,48.0%,50,14.24,88.0%,56.0%,60.0%,48.0%,-,-,-,-,-,-,-
216,Eliminated,20,15,10,2,6,48.0%,50,12.96,86.0%,58.0%,56.0%,48.0%,-,-,-,-,-,-,-
217,Eliminated,20,20,6,2,8,47.1%,51,15.12,84.0%,56.0%,56.0%,47.1%,-,-,-,-,-,-,-
218,Eliminated,0,5,10,3,8,46.0%,50,7.02,86.0%,56.0%,52.0%,46.0%,-,-,-,-,-,-,-
219,Eliminated,0,15,6,3,8,46.0%,50,12.10,82.0%,54.0%,52.0%,46.0%,-,-,-,-,-,-,-
220,Eliminated,5,0,0,2,6,46.0%,50,4.20,82.0%,56.0%,54.0%,46.0%,-,-,-,-,-,-,-
221,Eliminated,5,0,10,2,10,46.0%,50,3.82,94.0%,54.0%,62.0%,46.0%,-,-,-,-,-,-,-
222,Eliminated,5,0,10,3,10,46.0%,50,4.04,90.0%,64.0%,66.0%,46.0%,-,-,-,-,-,-,-
223,Eliminated,5,5,6,3,10,46.0%,50,10.76,92.0%,52.0%,50.0%,46.0%,-,-,-,-,-,-,-
224,Eliminated,5,5,8,2,6,46.0%,50,9.94,94.0%,54.0%,64.0%,46.0%,-,-,-,-,-,-,-
225,Eliminated,5,15,6,3,10,46.0%,50,13.22,80.0%,54.0%,56.0%,46.0%,-,-,-,-,-,-,-
226,Eliminated,10,0,4,2,10,46.0%,50,5.08,86.0%,68.0%,52.0%,46.0%,-,-,-,-,-,-,-
227,Eliminated,10,5,4,3,4,46.0%,50,8.92,90.0%,70.0%,64.0%,46.0%,-,-,-,-,-,-,-
228,Eliminated,10,10,8,2,4,46.0%,50,11.64,84.0%,58.0%,52.0%,46.0%,-,-,-,-,-,-,-
229,Eliminated,15,0,4,2,10,46.0%,50,4.92,90.0%,56.0%,54.0%,46.0%,-,-,-,-,-,-,-
230,Eliminated,15,5,4,3,6,46.0%,50,10.74,86.0%,54.0%,54.0%,46.0%,-,-,-,-,-,-,-
231,Eliminated,15,5,6,2,6,46.0%,50,10.96,94.0%,66.0%,56.0%,46.0%,-,-,-,-,-,-,-
232,Eliminated,15,10,4,2,8,46.0%,50,12.84,90.0%,52.0%,54.0%,46.0%,-,-,-,-,-,-,-
233,Eliminated,15,10,4,3,4,46.0%,50,11.82,78.0%,60.0%,62.0%,46.0%,-,-,-,-,-,-,-
234,Eliminated,15,10,6,2,6,46.0%,50,13.56,84.0%,68.0%,58.0%,46.0%,-,-,-,-,-,-,-
235,Eliminated,15,20,8,2,4,46.0%,50,13.60,82.0%,58.0%,52.0%,46.0%,-,-,-,-,-,-,-
236,Eliminated,20,0,4,3,4,46.0%,50,5.68,92.0%,54.0%,54.0%,46.0%,-,-,-,-,-,-,-
237,Eliminated,20,5,10,3,4,46.0%,50,9.34,90.0%,58.0%,72.0%,46.0%,-,-,-,-,-,-,-
238,Eliminated,20,10,6,3,4,46.0%,50,12.00,74.0%,60.0%,54.0%,46.0%,-,-,-,-,-,-,-
239,Eliminated,20,10,6,3,8,46.0%,50,13.28,88.0%,52.0%,54.0%,46.0%,-,-,-,-,-,-,-
240,Eliminated,20,15,4,2,10,46.0%,50,14.00,80.0%,62.0%,56.0%,46.0%,-,-,-,-,-,-,-
241,Eliminated,20,15,4,3,6,46.0%,50,13.78,80.0%,62.0%,58.0%,46.0%,-,-,-,-,-,-,-
242,Eliminated,20,15,6,3,6,46.0%,50,14.16,82.0%,56.0%,56.0%,46.0%,-,-,-,-,-,-,-
243,Eliminated,0,0,10,3,4,44.0%,50,2.86,82.0%,68.0%,54.0%,44.0%,-,-,-,-,-,-,-
244,Eliminated,0,5,8,3,10,44.0%,50,8.24,84.0%,50.0%,52.0%,44.0%,-,-,-,-,-,-,-
245,Eliminated,5,0,2,3,8,44.0%,50,4.10,88.0%,52.0%,54.0%,44.0%,-,-,-,-,-,-,-
246,Eliminated,5,5,4,3,2,44.0%,50,7.00,72.0%,52.0%,64.0%,44.0%,-,-,-,-,-,-,-
247,Eliminated,5,15,10,3,6,44.0%,50,11.62,78.0%,66.0%,64.0%,44.0%,-,-,-,-,-,-,-
248,Eliminated,5,20,4,3,10,44.0%,50,12.86,78.0%,58.0%,50.0%,44.0%,-,-,-,-,-,-,-
249,Eliminated,5,20,6,3,8,44.0%,50,13.80,86.0%,54.0%,52.0%,44.0%,-,-,-,-,-,-,-
250,Eliminated,10,0,0,2,8,44.0%,50,4.70,82.0%,52.0%,58.0%,44.0%,-,-,-,-,-,-,-
251,Eliminated,10,0,0,3,10,44.0%,50,4.16,80.0%,56.0%,60.0%,44.0%,-,-,-,-,-,-,-
252,Eliminated,10,0,4,1,6,44.0%,50,4.90,90.0%,56.0%,62.0%,44.0%,-,-,-,-,-,-,-
253,Eliminated,10,0,6,2,10,44.0%,50,4.64,98.0%,64.0%,70.0%,44.0%,-,-,-,-,-,-,-
254,Eliminated,10,5,6,3,10,44.0%,50,11.38,88.0%,52.0%,50.0%,44.0%,-,-,-,-,-,-,-
255,Eliminated,10,10,10,3,10,44.0%,50,13.16,86.0%,64.0%,62.0%,44.0%,-,-,-,-,-,-,-
256,Eliminated,10,15,10,2,6,44.0%,50,14.68,72.0%,58.0%,58.0%,44.0%,-,-,-,-,-,-,-
257,Eliminated,10,15,10,3,6,44.0%,50,13.12,80.0%,60.0%,60.0%,44.0%,-,-,-,-,-,-,-
258,Eliminated,15,0,6,3,10,44.0%,50,5.18,92.0%,60.0%,56.0%,44.0%,-,-,-,-,-,-,-
259,Eliminated,15,0,8,3,6,44.0%,50,4.96,96.0%,52.0%,58.0%,44.0%,-,-,-,-,-,-,-
260,Eliminated,15,10,4,2,6,44.0%,50,12.06,74.0%,68.0%,56.0%,44.0%,-,-,-,-,-,-,-
261,Eliminated,15,10,6,3,10,44.0%,50,13.78,88.0%,52.0%,60.0%,44.0%,-,-,-,-,-,-,-
262,Eliminated,15,10,10,2,6,44.0%,50,13.36,96.0%,52.0%,60.0%,44.0%,-,-,-,-,-,-,-
263,Eliminated,15,20,8,3,6,44.0%,50,15.94,88.0%,62.0%,54.0%,44.0%,-,-,-,-,-,-,-
264,Eliminated,15,20,10,3,6,44.0%,50,14.22,92.0%,58.0%,52.0%,44.0%,-,-,-,-,-,-,-
265,Eliminated,20,5,6,3,8,44.0%,50,10.78,86.0%,56.0%,62.0%,44.0%,-,-,-,-,-,-,-
266,Eliminated,20,10,4,3,4,44.0%,50,11.96,86.0%,64.0%,66.0%,44.0%,-,-,-,-,-,-,-
267,Eliminated,20,10,8,3,10,44.0%,50,14.64,84.0%,54.0%,64.0%,44.0%,-,-,-,-,-,-,-
268,Eliminated,20,20,8,2,6,44.0%,50,14.66,80.0%,68.0%,52.0%,44.0%,-,-,-,-,-,-,-
269,Eliminated,0,0,2,2,4,42.0%,50,3.06,80.0%,50.0%,50.0%,42.0%,-,-,-,-,-,-,-
270,Eliminated,0,0,2,2,8,42.0%,50,3.38,78.0%,52.0%,56.0%,42.0%,-,-,-,-,-,-,-
271,Eliminated,0,0,8,3,8,42.0%,50,3.60,86.0%,52.0%,58.0%,42.0%,-,-,-,-,-,-,-
272,Eliminated,5,0,8,2,8,42.0%,50,5.12,94.0%,70.0%,56.0%,42.0%,-,-,-,-,-,-,-
273,Eliminated,5,0,8,3,8,42.0%,50,4.68,98.0%,52.0%,64.0%,42.0%,-,-,-,-,-,-,-
274,Eliminated,10,0,0,1,10,42.0%,50,4.28,86.0%,56.0%,58.0%,42.0%,-,-,-,-,-,-,-
275,Eliminated,10,0,0,2,10,42.0%,50,4.14,86.0%,54.0%,50.0%,42.0%,-,-,-,-,-,-,-
276,Eliminated,10,5,4,3,6,42.0%,50,9.50,74.0%,62.0%,52.0%,42.0%,-,-,-,-,-,-,-
277,Eliminated,10,5,6,2,8,42.0%,50,11.36,90.0%,62.0%,60.0%,42.0%,-,-,-,-,-,-,-
278,Eliminated,15,5,4,2,4,42.0%,50,9.48,96.0%,56.0%,70.0%,42.0%,-,-,-,-,-,-,-
279,Eliminated,15,15,4,2,8,42.0%,50,13.10,72.0%,64.0%,62.0%,42.0%,-,-,-,-,-,-,-
280,Eliminated,15,20,4,2,8,42.0%,50,13.92,80.0%,60.0%,56.0%,42.0%,-,-,-,-,-,-,-
281,Eliminated,20,10,8,2,6,42.0%,50,13.80,82.0%,58.0%,56.0%,42.0%,-,-,-,-,-,-,-
282,Eliminated,20,15,4,3,8,42.0%,50,13.34,82.0%,58.0%,53.1%,42.0%,-,-,-,-,-,-,-
283,Eliminated,0,0,2,3,4,40.0%,50,2.98,80.0%,54.0%,58.0%,40.0%,-,-,-,-,-,-,-
284,Eliminated,0,10,8,3,8,40.0%,50,10.36,82.0%,50.0%,52.0%,40.0%,-,-,-,-,-,-,-
285,Eliminated,5,0,4,3,8,40.0%,50,4.48,96.0%,54.0%,60.0%,40.0%,-,-,-,-,-,-,-
286,Eliminated,5,5,6,2,10,40.0%,50,11.14,86.0%,58.0%,56.0%,40.0%,-,-,-,-,-,-,-
287,Eliminated,10,5,4,2,4,40.0%,50,9.04,92.0%,60.0%,60.0%,40.0%,-,-,-,-,-,-,-
288,Eliminated,10,5,6,3,6,40.0%,50,10.34,88.0%,64.0%,50.0%,40.0%,-,-,-,-,-,-,-
289,Eliminated,10,5,10,3,8,40.0%,50,11.10,84.0%,54.0%,56.0%,40.0%,-,-,-,-,-,-,-
290,Eliminated,10,15,8,2,6,40.0%,50,15.56,84.0%,58.0%,54.0%,40.0%,-,-,-,-,-,-,-
291,Eliminated,10,20,6,3,10,40.0%,50,15.22,86.0%,56.0%,52.0%,40.0%,-,-,-,-,-,-,-
292,Eliminated,15,0,0,3,8,40.0%,50,4.26,82.0%,52.0%,52.0%,40.0%,-,-,-,-,-,-,-
293,Eliminated,15,0,2,2,8,40.0%,50,4.46,86.0%,66.0%,52.0%,40.0%,-,-,-,-,-,-,-
294,Eliminated,15,0,10,3,10,40.0%,50,4.38,98.0%,82.0%,66.0%,40.0%,-,-,-,-,-,-,-
295,Eliminated,15,10,6,3,4,40.0%,50,11.92,82.0%,64.0%,70.0%,40.0%,-,-,-,-,-,-,-
296,Eliminated,15,20,6,2,8,40.0%,50,13.90,86.0%,56.0%,62.0%,40.0%,-,-,-,-,-,-,-
297,Eliminated,20,0,6,1,8,40.0%,50,6.50,90.0%,56.0%,62.0%,40.0%,-,-,-,-,-,-,-
298,Eliminated,20,5,4,1,2,40.0%,50,8.98,76.0%,58.0%,54.0%,40.0%,-,-,-,-,-,-,-
299,Eliminated,20,10,4,3,6,40.0%,50,12.40,78.0%,62.0%,62.0%,40.0%,-,-,-,-,-,-,-
300,Eliminated,0,0,2,2,2,38.0%,50,2.86,80.0%,54.0%,64.0%,38.0%,-,-,-,-,-,-,-
301,Eliminated,0,0,6,3,2,38.0%,50,3.50,82.0%,58.0%,52.0%,38.0%,-,-,-,-,-,-,-
302,Eliminated,0,5,8,2,2,38.0%,50,7.58,72.0%,58.0%,50.0%,38.0%,-,-,-,-,-,-,-
303,Eliminated,5,0,2,1,8,38.0%,50,4.52,78.0%,52.0%,60.0%,38.0%,-,-,-,-,-,-,-
304,Eliminated,10,0,2,1,6,38.0%,50,4.50,90.0%,58.0%,54.0%,38.0%,-,-,-,-,-,-,-
305,Eliminated,10,5,4,2,6,38.0%,50,10.02,90.0%,64.0%,64.0%,38.0%,-,-,-,-,-,-,-
306,Eliminated,10,10,10,2,10,38.0%,50,13.76,80.0%,60.0%,54.0%,38.0%,-,-,-,-,-,-,-
307,Eliminated,10,20,8,2,6,38.0%,50,14.56,84.0%,54.0%,52.0%,38.0%,-,-,-,-,-,-,-
308,Eliminated,15,0,10,2,6,38.0%,50,4.64,96.0%,60.0%,60.0%,38.0%,-,-,-,-,-,-,-
309,Eliminated,15,5,6,3,6,38.0%,50,10.38,96.0%,62.0%,58.0%,38.0%,-,-,-,-,-,-,-
310,Eliminated,15,15,4,3,4,38.0%,50,13.10,76.0%,60.0%,56.0%,38.0%,-,-,-,-,-,-,-
311,Eliminated,15,20,10,3,10,38.0%,50,14.50,88.0%,60.0%,58.0%,38.0%,-,-,-,-,-,-,-
312,Eliminated,20,0,0,3,8,38.0%,50,4.44,86.0%,56.0%,54.0%,38.0%,-,-,-,-,-,-,-
313,Eliminated,20,0,2,1,6,38.0%,50,4.52,90.0%,60.0%,54.0%,38.0%,-,-,-,-,-,-,-
314,Eliminated,20,15,4,2,8,38.0%,50,12.98,74.0%,52.0%,58.0%,38.0%,-,-,-,-,-,-,-
315,Eliminated,20,15,8,3,4,38.0%,50,13.64,72.0%,52.9%,52.0%,38.0%,-,-,-,-,-,-,-
316,Eliminated,0,0,2,2,10,36.0%,50,3.48,82.0%,54.0%,56.0%,36.0%,-,-,-,-,-,-,-
317,Eliminated,0,0,10,3,8,36.0%,50,2.78,92.0%,50.0%,66.0%,36.0%,-,-,-,-,-,-,-
318,Eliminated,0,5,4,3,6,36.0%,50,7.26,88.0%,58.0%,54.0%,36.0%,-,-,-,-,-,-,-
319,Eliminated,5,5,4,2,4,36.0%,50,8.54,84.0%,52.0%,56.0%,36.0%,-,-,-,-,-,-,-
320,Eliminated,5,15,6,3,6,36.0%,50,13.18,88.0%,56.0%,56.0%,36.0%,-,-,-,-,-,-,-
321,Eliminated,10,10,4,2,8,34.0%,50,12.08,84.0%,54.0%,60.0%,34.0%,-,-,-,-,-,-,-
322,Eliminated,15,0,0,2,4,34.0%,50,5.02,86.0%,54.0%,52.0%,34.0%,-,-,-,-,-,-,-
323,Eliminated,20,5,2,2,2,34.0%,50,8.64,76.0%,56.0%,62.0%,34.0%,-,-,-,-,-,-,-
324,Eliminated,0,5,2,3,8,32.0%,50,8.22,72.0%,58.0%,52.0%,32.0%,-,-,-,-,-,-,-
325,Eliminated,5,10,6,3,4,32.0%,50,10.92,80.0%,60.0%,56.0%,32.0%,-,-,-,-,-,-,-
326,Eliminated,5,15,10,3,4,32.0%,50,12.12,86.0%,60.0%,50.0%,32.0%,-,-,-,-,-,-,-
327,Eliminated,10,0,6,1,6,32.0%,50,5.32,94.0%,60.0%,54.0%,32.0%,-,-,-,-,-,-,-
328,Eliminated,10,15,6,2,10,32.0%,50,14.10,84.0%,54.0%,60.0%,32.0%,-,-,-,-,-,-,-
329,Eliminated,15,10,2,3,8,32.0%,50,11.40,72.0%,52.0%,54.0%,32.0%,-,-,-,-,-,-,-
330,Eliminated,15,15,4,2,10,32.0%,50,13.92,80.0%,54.0%,54.0%,32.0%,-,-,-,-,-,-,-
331,Eliminated,10,5,2,2,6,30.0%,50,9.74,84.0%,52.0%,58.0%,30.0%,-,-,-,-,-,-,-
332,Eliminated,10,10,4,3,8,30.0%,50,12.32,80.0%,58.0%,58.0%,30.0%,-,-,-,-,-,-,-
333,Eliminated,20,5,4,2,2,30.0%,50,8.52,84.0%,58.0%,54.0%,30.0%,-,-,-,-,-,-,-
334,Eliminated,20,15,10,3,8,30.0%,50,15.10,88.0%,58.0%,56.0%,30.0%,-,-,-,-,-,-,-
335,Eliminated,0,15,10,3,4,28.0%,50,11.06,80.0%,58.0%,54.0%,28.0%,-,-,-,-,-,-,-
336,Eliminated,5,5,4,2,10,26.0%,50,10.48,90.0%,52.0%,60.0%,26.0%,-,-,-,-,-,-,-
337,Eliminated,15,5,2,2,4,24.0%,50,8.90,78.0%,68.0%,54.0%,24.0%,-,-,-,-,-,-,-
338,Eliminated,10,15,2,3,10,50.0%,50,8.64,80.0%,62.0%,50.0%,-,-,-,-,-,-,-,-
339,Eliminated,10,15,10,3,8,50.0%,50,10.58,84.0%,64.0%,50.0%,-,-,-,-,-,-,-,-
340,Eliminated,10,20,6,2,10,50.0%,50,10.80,90.0%,52.0%,50.0%,-,-,-,-,-,-,-,-
341,Eliminated,10,20,6,3,4,50.0%,50,10.06,84.0%,66.0%,50.0%,-,-,-,-,-,-,-,-
342,Eliminated,15,0,0,3,4,50.0%,50,3.48,86.0%,56.0%,50.0%,-,-,-,-,-,-,-,-
343,Eliminated,15,0,2,2,6,50.0%,50,3.44,86.0%,60.0%,50.0%,-,-,-,-,-,-,-,-
344,Eliminated,15,0,4,2,4,50.0%,50,3.58,94.0%,56.0%,50.0%,-,-,-,-,-,-,-,-
345,Eliminated,15,0,8,2,10,50.0%,50,3.92,96.0%,60.0%,50.0%,-,-,-,-,-,-,-,-
346,Eliminated,15,0,8,3,8,50.0%,50,4.20,98.0%,76.0%,50.0%,-,-,-,-,-,-,-,-
347,Eliminated,15,5,4,3,4,50.0%,50,6.96,84.0%,66.0%,50.0%,-,-,-,-,-,-,-,-
348,Eliminated,15,5,6,3,10,50.0%,50,8.34,84.0%,52.0%,50.0%,-,-,-,-,-,-,-,-
349,Eliminated,15,5,8,2,4,50.0%,50,7.12,90.0%,52.0%,50.0%,-,-,-,-,-,-,-,-
350,Eliminated,15,10,6,2,10,50.0%,50,10.24,88.0%,64.0%,50.0%,-,-,-,-,-,-,-,-
351,Eliminated,15,10,8,3,6,50.0%,50,10.36,80.0%,56.0%,50.0%,-,-,-,-,-,-,-,-
352,Eliminated,15,10,10,2,8,50.0%,50,10.86,86.0%,58.0%,50.0%,-,-,-,-,-,-,-,-
353,Eliminated,15,15,2,2,8,50.0%,50,8.78,72.0%,64.0%,50.0%,-,-,-,-,-,-,-,-
354,Eliminated,15,15,6,3,6,50.0%,50,11.26,84.0%,60.0%,50.0%,-,-,-,-,-,-,-,-
355,Eliminated,15,15,8,3,4,50.0%,50,10.82,84.0%,56.0%,50.0%,-,-,-,-,-,-,-,-
356,Eliminated,15,20,4,2,4,50.0%,50,10.10,74.0%,66.0%,50.0%,-,-,-,-,-,-,-,-
357,Eliminated,15,20,4,2,6,50.0%,50,9.62,84.0%,52.0%,50.0%,-,-,-,-,-,-,-,-
358,Eliminated,20,0,0,3,4,50.0%,50,3.28,78.0%,54.0%,50.0%,-,-,-,-,-,-,-,-
359,Eliminated,20,0,2,2,8,50.0%,50,3.48,82.0%,58.0%,50.0%,-,-,-,-,-,-,-,-
360,Eliminated,20,0,4,2,8,50.0%,50,3.80,100.0%,54.0%,50.0%,-,-,-,-,-,-,-,-
361,Eliminated,20,0,6,3,8,50.0%,50,4.16,94.0%,62.0%,50.0%,-,-,-,-,-,-,-,-
362,Eliminated,20,0,8,1,8,50.0%,50,5.12,90.0%,60.0%,50.0%,-,-,-,-,-,-,-,-
363,Eliminated,20,0,8,2,10,50.0%,50,3.90,96.0%,60.0%,50.0%,-,-,-,-,-,-,-,-
364,Eliminated,20,5,4,2,4,50.0%,50,6.44,78.0%,64.0%,50.0%,-,-,-,-,-,-,-,-
365,Eliminated,20,5,6,1,2,50.0%,50,7.30,78.0%,52.0%,50.0%,-,-,-,-,-,-,-,-
366,Eliminated,20,5,6,3,6,50.0%,50,7.78,88.0%,62.0%,50.0%,-,-,-,-,-,-,-,-
367,Eliminated,20,5,8,2,4,50.0%,50,7.32,84.0%,62.0%,50.0%,-,-,-,-,-,-,-,-
368,Eliminated,20,5,10,3,10,50.0%,50,8.28,88.0%,56.0%,50.0%,-,-,-,-,-,-,-,-
369,Eliminated,20,10,6,2,4,50.0%,50,9.42,80.0%,52.0%,50.0%,-,-,-,-,-,-,-,-
370,Eliminated,20,20,4,2,6,50.0%,50,9.68,82.0%,58.0%,50.0%,-,-,-,-,-,-,-,-
371,Eliminated,20,20,8,3,6,50.0%,50,11.92,82.0%,54.0%,50.0%,-,-,-,-,-,-,-,-
372,Eliminated,0,0,4,2,2,48.0%,50,2.16,82.0%,62.0%,48.0%,-,-,-,-,-,-,-,-
373,Eliminated,0,0,4,2,10,48.0%,50,2.46,92.0%,56.0%,48.0%,-,-,-,-,-,-,-,-
374,Eliminated,0,0,4,3,6,48.0%,50,2.54,92.0%,60.0%,48.0%,-,-,-,-,-,-,-,-
375,Eliminated,0,0,6,3,6,48.0%,50,2.78,90.0%,50.0%,48.0%,-,-,-,-,-,-,-,-
376,Eliminated,0,5,2,3,2,48.0%,50,4.48,72.0%,62.0%,48.0%,-,-,-,-,-,-,-,-
377,Eliminated,0,5,4,3,0,48.0%,50,4.44,74.0%,54.0%,48.0%,-,-,-,-,-,-,-,-
378,Eliminated,0,5,6,2,4,48.0%,50,5.48,78.0%,58.0%,48.0%,-,-,-,-,-,-,-,-
379,Eliminated,0,5,8,2,4,48.0%,50,5.22,76.0%,50.0%,48.0%,-,-,-,-,-,-,-,-
380,Eliminated,0,10,4,3,2,48.0%,50,6.36,72.0%,68.0%,48.0%,-,-,-,-,-,-,-,-
381,Eliminated,0,10,6,3,6,48.0%,50,7.50,80.0%,50.0%,48.0%,-,-,-,-,-,-,-,-
382,Eliminated,0,20,8,3,2,48.0%,50,8.34,72.0%,54.0%,48.0%,-,-,-,-,-,-,-,-
383,Eliminated,0,20,8,3,6,48.0%,50,9.22,84.0%,66.0%,48.0%,-,-,-,-,-,-,-,-
384,Eliminated,5,0,2,1,6,48.0%,50,3.12,80.0%,54.0%,48.0%,-,-,-,-,-,-,-,-
385,Eliminated,5,5,8,3,4,48.0%,50,6.50,82.0%,60.0%,48.0%,-,-,-,-,-,-,-,-
386,Eliminated,5,10,8,3,10,48.0%,50,10.48,84.0%,54.0%,48.0%,-,-,-,-,-,-,-,-
387,Eliminated,5,15,4,3,6,48.0%,50,9.84,82.0%,52.0%,48.0%,-,-,-,-,-,-,-,-
388,Eliminated,10,0,2,2,6,48.0%,50,3.42,88.0%,56.0%,48.0%,-,-,-,-,-,-,-,-
389,Eliminated,10,0,2,3,10,48.0%,50,4.10,88.0%,54.0%,48.0%,-,-,-,-,-,-,-,-
390,Eliminated,10,5,2,3,2,48.0%,50,6.34,78.0%,58.0%,48.0%,-,-,-,-,-,-,-,-
391,Eliminated,10,5,2,3,8,48.0%,50,7.52,76.0%,56.0%,48.0%,-,-,-,-,-,-,-,-
392,Eliminated,10,5,10,2,4,48.0%,50,6.50,86.0%,56.0%,48.0%,-,-,-,-,-,-,-,-
393,Eliminated,10,5,10,3,4,48.0%,50,6.22,82.0%,58.0%,48.0%,-,-,-,-,-,-,-,-
394,Eliminated,10,10,6,3,4,48.0%,50,8.76,74.0%,60.0%,48.0%,-,-,-,-,-,-,-,-
395,Eliminated,10,10,6,3,10,48.0%,50,10.18,90.0%,54.0%,48.0%,-,-,-,-,-,-,-,-
396,Eliminated,10,10,8,2,8,48.0%,50,10.10,90.0%,64.0%,48.0%,-,-,-,-,-,-,-,-
397,Eliminated,10,10,10,2,6,48.0%,50,9.66,90.0%,60.0%,48.0%,-,-,-,-,-,-,-,-
398,Eliminated,10,15,4,3,8,48.0%,50,9.88,74.0%,62.0%,48.0%,-,-,-,-,-,-,-,-
399,Eliminated,10,15,8,3,10,48.0%,50,10.90,90.0%,62.0%,48.0%,-,-,-,-,-,-,-,-
400,Eliminated,10,20,10,3,4,48.0%,50,9.32,76.0%,54.0%,48.0%,-,-,-,-,-,-,-,-
401,Eliminated,10,20,10,3,10,48.0%,50,9.32,84.0%,54.0%,48.0%,-,-,-,-,-,-,-,-
402,Eliminated,15,0,0,3,0,48.0%,50,3.16,72.0%,52.0%,48.0%,-,-,-,-,-,-,-,-
403,Eliminated,15,0,2,2,10,48.0%,50,3.32,86.0%,56.0%,48.0%,-,-,-,-,-,-,-,-
404,Eliminated,15,0,6,2,10,48.0%,50,4.20,98.0%,66.0%,48.0%,-,-,-,-,-,-,-,-
405,Eliminated,15,0,10,2,4,48.0%,50,3.54,98.0%,58.0%,48.0%,-,-,-,-,-,-,-,-
406,Eliminated,15,5,4,2,6,48.0%,50,7.38,80.0%,64.0%,48.0%,-,-,-,-,-,-,-,-
407,Eliminated,15,15,6,2,6,48.0%,50,10.84,90.0%,54.0%,48.0%,-,-,-,-,-,-,-,-
408,Eliminated,15,15,6,3,10,48.0%,50,10.66,94.0%,58.0%,48.0%,-,-,-,-,-,-,-,-
409,Eliminated,15,15,8,3,8,48.0%,50,11.40,88.0%,56.0%,48.0%,-,-,-,-,-,-,-,-
410,Eliminated,15,15,10,2,8,48.0%,50,10.66,84.0%,62.0%,48.0%,-,-,-,-,-,-,-,-
411,Eliminated,20,0,0,1,10,48.0%,50,3.64,86.0%,62.0%,48.0%,-,-,-,-,-,-,-,-
412,Eliminated,20,0,2,2,6,48.0%,50,3.48,90.0%,52.0%,48.0%,-,-,-,-,-,-,-,-
413,Eliminated,20,0,4,3,8,48.0%,50,3.38,92.0%,56.0%,48.0%,-,-,-,-,-,-,-,-
414,Eliminated,20,0,4,3,10,48.0%,50,3.56,96.0%,60.0%,48.0%,-,-,-,-,-,-,-,-
415,Eliminated,20,0,8,3,8,48.0%,50,3.88,100.0%,66.0%,48.0%,-,-,-,-,-,-,-,-
416,Eliminated,20,5,4,3,2,48.0%,50,6.50,72.0%,54.0%,48.0%,-,-,-,-,-,-,-,-
417,Eliminated,20,5,4,3,8,48.0%,50,8.10,86.0%,52.0%,48.0%,-,-,-,-,-,-,-,-
418,Eliminated,20,5,8,3,8,48.0%,50,9.16,98.0%,58.0%,48.0%,-,-,-,-,-,-,-,-
419,Eliminated,20,5,10,2,8,48.0%,50,8.18,88.0%,60.0%,48.0%,-,-,-,-,-,-,-,-
420,Eliminated,20,10,6,2,6,48.0%,50,10.58,80.0%,56.0%,48.0%,-,-,-,-,-,-,-,-
421,Eliminated,20,10,8,2,10,48.0%,50,11.08,86.0%,54.0%,48.0%,-,-,-,-,-,-,-,-
422,Eliminated,20,10,10,3,8,48.0%,50,9.82,92.0%,56.0%,48.0%,-,-,-,-,-,-,-,-
423,Eliminated,20,15,2,2,10,48.0%,50,8.94,78.0%,62.0%,48.0%,-,-,-,-,-,-,-,-
424,Eliminated,20,15,6,2,4,48.0%,50,10.16,90.0%,66.0%,48.0%,-,-,-,-,-,-,-,-
425,Eliminated,20,15,8,2,10,48.0%,50,10.90,84.0%,58.0%,48.0%,-,-,-,-,-,-,-,-
426,Eliminated,20,15,10,3,4,48.0%,50,9.96,74.0%,52.0%,48.0%,-,-,-,-,-,-,-,-
427,Eliminated,20,20,6,2,6,48.0%,50,10.48,84.0%,60.0%,48.0%,-,-,-,-,-,-,-,-
428,Eliminated,20,20,10,3,10,48.0%,50,11.00,80.0%,56.0%,48.0%,-,-,-,-,-,-,-,-
429,Eliminated,0,0,2,3,6,46.0%,50,2.60,74.0%,58.0%,46.0%,-,-,-,-,-,-,-,-
430,Eliminated,0,0,4,3,8,46.0%,50,2.40,82.0%,62.0%,46.0%,-,-,-,-,-,-,-,-
431,Eliminated,0,0,6,2,2,46.0%,50,2.66,72.0%,62.0%,46.0%,-,-,-,-,-,-,-,-
432,Eliminated,0,0,6,2,8,46.0%,50,2.34,90.0%,56.0%,46.0%,-,-,-,-,-,-,-,-
433,Eliminated,0,0,8,2,4,46.0%,50,2.32,84.0%,60.0%,46.0%,-,-,-,-,-,-,-,-
434,Eliminated,0,0,10,3,10,46.0%,50,2.06,88.0%,60.0%,46.0%,-,-,-,-,-,-,-,-
435,Eliminated,0,5,2,2,4,46.0%,50,5.46,74.0%,54.0%,46.0%,-,-,-,-,-,-,-,-
436,Eliminated,0,5,6,3,8,46.0%,50,5.96,88.0%,50.0%,46.0%,-,-,-,-,-,-,-,-
437,Eliminated,0,5,8,3,4,46.0%,50,5.12,84.0%,64.0%,46.0%,-,-,-,-,-,-,-,-
438,Eliminated,0,20,6,3,4,46.0%,50,8.72,84.0%,56.0%,46.0%,-,-,-,-,-,-,-,-
439,Eliminated,0,20,10,3,8,46.0%,50,8.28,84.0%,50.0%,46.0%,-,-,-,-,-,-,-,-
440,Eliminated,5,0,2,3,6,46.0%,50,3.06,80.0%,52.0%,46.0%,-,-,-,-,-,-,-,-
441,Eliminated,5,0,2,3,10,46.0%,50,3.18,96.0%,62.0%,46.0%,-,-,-,-,-,-,-,-
442,Eliminated,5,0,8,2,6,46.0%,50,3.40,94.0%,74.0%,46.0%,-,-,-,-,-,-,-,-
443,Eliminated,5,0,10,2,8,46.0%,50,3.06,92.0%,50.0%,46.0%,-,-,-,-,-,-,-,-
444,Eliminated,5,0,10,3,2,46.0%,50,2.98,72.0%,50.0%,46.0%,-,-,-,-,-,-,-,-
445,Eliminated,5,5,10,3,8,46.0%,50,8.34,86.0%,64.0%,46.0%,-,-,-,-,-,-,-,-
446,Eliminated,5,5,10,3,10,46.0%,50,7.88,88.0%,72.0%,46.0%,-,-,-,-,-,-,-,-
447,Eliminated,5,10,4,3,8,46.0%,50,9.70,76.0%,54.0%,46.0%,-,-,-,-,-,-,-,-
448,Eliminated,5,15,6,3,8,46.0%,50,10.36,84.0%,56.0%,46.0%,-,-,-,-,-,-,-,-
449,Eliminated,10,0,0,1,6,46.0%,50,3.22,80.0%,66.0%,46.0%,-,-,-,-,-,-,-,-
450,Eliminated,10,0,6,2,6,46.0%,50,3.94,96.0%,64.0%,46.0%,-,-,-,-,-,-,-,-
451,Eliminated,10,0,8,3,8,46.0%,50,3.94,98.0%,58.0%,46.0%,-,-,-,-,-,-,-,-
452,Eliminated,10,5,2,2,2,46.0%,50,6.22,76.0%,66.0%,46.0%,-,-,-,-,-,-,-,-
453,Eliminated,10,5,6,3,2,46.0%,50,6.42,72.0%,54.0%,46.0%,-,-,-,-,-,-,-,-
454,Eliminated,10,10,8,3,10,46.0%,50,10.66,84.0%,62.0%,46.0%,-,-,-,-,-,-,-,-
455,Eliminated,10,20,4,3,4,46.0%,50,9.82,74.0%,52.0%,46.0%,-,-,-,-,-,-,-,-
456,Eliminated,15,0,0,2,8,46.0%,50,3.12,92.0%,52.0%,46.0%,-,-,-,-,-,-,-,-
457,Eliminated,15,0,4,3,10,46.0%,50,3.86,94.0%,58.0%,46.0%,-,-,-,-,-,-,-,-
458,Eliminated,15,0,6,3,8,46.0%,50,4.16,98.0%,52.0%,46.0%,-,-,-,-,-,-,-,-
459,Eliminated,15,0,8,1,10,46.0%,50,4.66,100.0%,54.0%,46.0%,-,-,-,-,-,-,-,-
460,Eliminated,15,5,4,3,10,46.0%,50,8.62,88.0%,58.0%,46.0%,-,-,-,-,-,-,-,-
461,Eliminated,15,5,8,3,4,46.0%,50,6.96,86.0%,60.0%,46.0%,-,-,-,-,-,-,-,-
462,Eliminated,15,5,10,3,10,46.0%,50,8.70,84.0%,54.0%,46.0%,-,-,-,-,-,-,-,-
463,Eliminated,15,10,6,3,6,46.0%,50,10.22,88.0%,56.0%,46.0%,-,-,-,-,-,-,-,-
464,Eliminated,15,20,4,3,4,46.0%,50,9.82,72.0%,56.0%,46.0%,-,-,-,-,-,-,-,-
465,Eliminated,15,20,8,3,8,46.0%,50,12.46,90.0%,66.0%,46.0%,-,-,-,-,-,-,-,-
466,Eliminated,15,20,8,3,10,46.0%,50,11.60,84.0%,62.0%,46.0%,-,-,-,-,-,-,-,-
467,Eliminated,15,20,10,2,8,46.0%,50,10.54,84.0%,54.0%,46.0%,-,-,-,-,-,-,-,-
468,Eliminated,20,0,0,1,8,46.0%,50,3.58,84.0%,52.0%,46.0%,-,-,-,-,-,-,-,-
469,Eliminated,20,0,4,2,4,46.0%,50,3.78,92.0%,58.0%,46.0%,-,-,-,-,-,-,-,-
470,Eliminated,20,5,8,2,10,46.0%,50,8.92,88.0%,54.0%,46.0%,-,-,-,-,-,-,-,-
471,Eliminated,20,5,10,2,4,46.0%,50,6.44,90.0%,56.0%,46.0%,-,-,-,-,-,-,-,-
472,Eliminated,20,10,10,3,10,46.0%,50,9.68,84.0%,64.0%,46.0%,-,-,-,-,-,-,-,-
473,Eliminated,20,15,2,3,10,46.0%,50,9.30,84.0%,66.0%,46.0%,-,-,-,-,-,-,-,-
474,Eliminated,20,20,6,3,8,46.0%,50,11.40,86.0%,60.0%,46.0%,-,-,-,-,-,-,-,-
475,Eliminated,0,0,0,3,10,44.0%,50,2.14,76.0%,50.0%,44.0%,-,-,-,-,-,-,-,-
476,Eliminated,0,0,4,3,10,44.0%,50,2.66,82.0%,56.0%,44.0%,-,-,-,-,-,-,-,-
477,Eliminated,0,5,8,3,6,44.0%,50,5.42,90.0%,60.0%,44.0%,-,-,-,-,-,-,-,-
478,Eliminated,0,10,6,3,4,44.0%,50,7.32,80.0%,58.0%,44.0%,-,-,-,-,-,-,-,-
479,Eliminated,0,15,4,3,4,44.0%,50,8.24,78.0%,54.0%,44.0%,-,-,-,-,-,-,-,-
480,Eliminated,0,15,10,3,6,44.0%,50,8.88,84.0%,60.0%,44.0%,-,-,-,-,-,-,-,-
481,Eliminated,0,20,8,3,10,44.0%,50,9.22,82.0%,54.0%,44.0%,-,-,-,-,-,-,-,-
482,Eliminated,5,0,2,1,10,44.0%,50,3.32,84.0%,56.0%,44.0%,-,-,-,-,-,-,-,-
483,Eliminated,5,0,8,2,10,44.0%,50,3.74,96.0%,68.0%,44.0%,-,-,-,-,-,-,-,-
484,Eliminated,5,5,8,3,2,44.0%,50,5.74,78.0%,52.0%,44.0%,-,-,-,-,-,-,-,-
485,Eliminated,5,5,8,3,8,44.0%,50,7.66,88.0%,56.0%,44.0%,-,-,-,-,-,-,-,-
486,Eliminated,5,10,2,3,10,44.0%,50,8.60,74.0%,52.0%,44.0%,-,-,-,-,-,-,-,-
487,Eliminated,5,10,6,2,6,44.0%,50,10.00,78.0%,54.0%,44.0%,-,-,-,-,-,-,-,-
488,Eliminated,5,10,10,3,6,44.0%,50,9.12,88.0%,58.0%,44.0%,-,-,-,-,-,-,-,-
489,Eliminated,10,0,2,1,4,44.0%,50,3.28,90.0%,62.0%,44.0%,-,-,-,-,-,-,-,-
490,Eliminated,10,0,2,2,2,44.0%,50,3.62,76.0%,54.0%,44.0%,-,-,-,-,-,-,-,-
491,Eliminated,10,0,4,3,10,44.0%,50,3.72,94.0%,54.0%,44.0%,-,-,-,-,-,-,-,-
492,Eliminated,10,0,6,1,10,44.0%,50,4.36,98.0%,56.0%,44.0%,-,-,-,-,-,-,-,-
493,Eliminated,10,0,6,2,4,44.0%,50,3.92,94.0%,58.0%,44.0%,-,-,-,-,-,-,-,-
494,Eliminated,10,0,8,3,4,44.0%,50,3.96,84.0%,54.0%,44.0%,-,-,-,-,-,-,-,-
495,Eliminated,10,10,4,2,4,44.0%,50,8.74,76.0%,70.0%,44.0%,-,-,-,-,-,-,-,-
496,Eliminated,10,15,4,3,6,44.0%,50,9.16,80.0%,62.0%,44.0%,-,-,-,-,-,-,-,-
497,Eliminated,10,15,6,2,8,44.0%,50,11.40,80.0%,54.0%,44.0%,-,-,-,-,-,-,-,-
498,Eliminated,10,20,4,2,8,44.0%,50,11.12,76.0%,58.0%,44.0%,-,-,-,-,-,-,-,-
499,Eliminated,10,20,4,2,10,44.0%,50,9.68,80.0%,60.0%,44.0%,-,-,-,-,-,-,-,-
500,Eliminated,10,20,4,3,10,44.0%,50,9.58,80.0%,68.0%,44.0%,-,-,-,-,-,-,-,-
501,Eliminated,10,20,8,3,8,44.0%,50,11.16,88.0%,62.0%,44.0%,-,-,-,-,-,-,-,-
502,Eliminated,10,20,8,3,10,44.0%,50,9.92,90.0%,54.0%,44.0%,-,-,-,-,-,-,-,-
503,Eliminated,15,0,0,1,8,44.0%,50,3.46,90.0%,52.0%,44.0%,-,-,-,-,-,-,-,-
504,Eliminated,15,0,0,3,2,44.0%,50,3.56,78.0%,58.0%,44.0%,-,-,-,-,-,-,-,-
505,Eliminated,15,0,6,2,4,44.0%,50,3.62,98.0%,54.0%,44.0%,-,-,-,-,-,-,-,-
506,Eliminated,15,0,10,3,4,44.0%,50,3.64,84.0%,60.0%,44.0%,-,-,-,-,-,-,-,-
507,Eliminated,15,5,8,3,10,44.0%,50,8.68,92.0%,54.0%,44.0%,-,-,-,-,-,-,-,-
508,Eliminated,15,10,2,2,4,44.0%,50,8.32,78.0%,54.0%,44.0%,-,-,-,-,-,-,-,-
509,Eliminated,15,10,4,3,8,44.0%,50,9.88,88.0%,54.0%,44.0%,-,-,-,-,-,-,-,-
510,Eliminated,15,10,8,3,10,44.0%,50,11.08,88.0%,62.0%,44.0%,-,-,-,-,-,-,-,-
511,Eliminated,15,15,10,2,6,44.0%,50,11.10,80.0%,60.0%,44.0%,-,-,-,-,-,-,-,-
512,Eliminated,15,15,10,3,10,44.0%,50,11.38,82.0%,72.0%,44.0%,-,-,-,-,-,-,-,-
513,Eliminated,15,20,2,3,10,44.0%,50,8.46,78.0%,56.0%,44.0%,-,-,-,-,-,-,-,-
514,Eliminated,15,20,10,3,8,44.0%,50,10.46,80.0%,58.0%,44.0%,-,-,-,-,-,-,-,-
515,Eliminated,20,0,6,2,8,44.0%,50,4.14,98.0%,54.0%,44.0%,-,-,-,-,-,-,-,-
516,Eliminated,20,0,10,2,6,44.0%,50,3.96,96.0%,72.0%,44.0%,-,-,-,-,-,-,-,-
517,Eliminated,20,0,10,3,4,44.0%,50,3.56,92.0%,54.0%,44.0%,-,-,-,-,-,-,-,-
518,Eliminated,20,10,4,1,4,44.0%,50,10.16,82.0%,52.0%,44.0%,-,-,-,-,-,-,-,-
519,Eliminated,20,10,6,3,6,44.0%,50,9.78,82.0%,60.0%,44.0%,-,-,-,-,-,-,-,-
520,Eliminated,20,10,8,3,6,44.0%,50,9.82,82.0%,62.0%,44.0%,-,-,-,-,-,-,-,-
521,Eliminated,20,15,6,2,6,44.0%,50,10.52,86.0%,60.0%,44.0%,-,-,-,-,-,-,-,-
522,Eliminated,20,15,6,3,4,44.0%,50,10.18,74.0%,58.0%,44.0%,-,-,-,-,-,-,-,-
523,Eliminated,0,0,8,2,10,42.0%,50,2.66,90.0%,54.0%,42.0%,-,-,-,-,-,-,-,-
524,Eliminated,0,5,8,3,8,42.0%,50,6.48,86.0%,54.0%,42.0%,-,-,-,-,-,-,-,-
525,Eliminated,5,0,4,3,10,42.0%,50,3.68,94.0%,66.0%,42.0%,-,-,-,-,-,-,-,-
526,Eliminated,5,5,4,2,8,42.0%,50,8.54,82.0%,60.0%,42.0%,-,-,-,-,-,-,-,-
527,Eliminated,5,15,4,3,8,42.0%,50,9.96,78.0%,68.0%,42.0%,-,-,-,-,-,-,-,-
528,Eliminated,5,20,4,3,8,42.0%,50,9.54,88.0%,60.0%,42.0%,-,-,-,-,-,-,-,-
529,Eliminated,10,0,0,2,4,42.0%,50,3.22,76.0%,52.0%,42.0%,-,-,-,-,-,-,-,-
530,Eliminated,10,5,6,2,0,42.0%,50,5.82,74.0%,60.0%,42.0%,-,-,-,-,-,-,-,-
531,Eliminated,10,5,10,2,8,42.0%,50,7.70,90.0%,60.0%,42.0%,-,-,-,-,-,-,-,-
532,Eliminated,15,0,4,2,8,42.0%,50,3.86,90.0%,52.0%,42.0%,-,-,-,-,-,-,-,-
533,Eliminated,15,5,2,2,2,42.0%,50,6.12,80.0%,56.0%,42.0%,-,-,-,-,-,-,-,-
534,Eliminated,15,5,2,3,4,42.0%,50,6.56,78.0%,74.0%,42.0%,-,-,-,-,-,-,-,-
535,Eliminated,15,5,4,3,2,42.0%,50,6.36,80.0%,56.0%,42.0%,-,-,-,-,-,-,-,-
536,Eliminated,15,5,4,3,8,42.0%,50,7.82,84.0%,56.0%,42.0%,-,-,-,-,-,-,-,-
537,Eliminated,15,10,2,2,6,42.0%,50,8.66,78.0%,62.0%,42.0%,-,-,-,-,-,-,-,-
538,Eliminated,15,10,2,3,6,42.0%,50,8.34,80.0%,62.0%,42.0%,-,-,-,-,-,-,-,-
539,Eliminated,15,10,4,3,10,42.0%,50,9.60,82.0%,54.0%,42.0%,-,-,-,-,-,-,-,-
540,Eliminated,15,15,6,2,10,42.0%,50,10.04,86.0%,64.0%,42.0%,-,-,-,-,-,-,-,-
541,Eliminated,15,20,2,2,10,42.0%,50,9.82,80.0%,54.0%,42.0%,-,-,-,-,-,-,-,-
542,Eliminated,20,0,0,2,10,42.0%,50,3.16,90.0%,52.0%,42.0%,-,-,-,-,-,-,-,-
543,Eliminated,20,5,4,2,10,42.0%,50,7.78,86.0%,60.0%,42.0%,-,-,-,-,-,-,-,-
544,Eliminated,20,10,2,2,6,42.0%,50,8.96,72.0%,52.0%,42.0%,-,-,-,-,-,-,-,-
545,Eliminated,20,10,8,2,4,42.0%,50,8.98,80.0%,52.0%,42.0%,-,-,-,-,-,-,-,-
546,Eliminated,20,15,10,2,8,42.0%,50,10.70,82.0%,66.0%,42.0%,-,-,-,-,-,-,-,-
547,Eliminated,0,0,0,2,2,40.0%,50,2.62,72.0%,52.0%,40.0%,-,-,-,-,-,-,-,-
548,Eliminated,0,5,2,2,6,40.0%,50,5.20,70.0%,58.0%,40.0%,-,-,-,-,-,-,-,-
549,Eliminated,0,10,6,2,4,40.0%,50,7.90,76.0%,52.0%,40.0%,-,-,-,-,-,-,-,-
550,Eliminated,0,15,4,3,8,40.0%,50,8.88,82.0%,60.0%,40.0%,-,-,-,-,-,-,-,-
551,Eliminated,5,0,0,3,10,40.0%,50,3.44,84.0%,58.0%,40.0%,-,-,-,-,-,-,-,-
552,Eliminated,5,0,2,2,4,40.0%,50,3.00,82.0%,54.0%,40.0%,-,-,-,-,-,-,-,-
553,Eliminated,5,0,4,1,10,40.0%,50,3.68,90.0%,60.0%,40.0%,-,-,-,-,-,-,-,-
554,Eliminated,5,5,2,3,8,40.0%,50,7.80,86.0%,54.0%,40.0%,-,-,-,-,-,-,-,-
555,Eliminated,5,5,4,3,8,40.0%,50,7.56,84.0%,50.0%,40.0%,-,-,-,-,-,-,-,-
556,Eliminated,5,10,10,3,10,40.0%,50,9.56,80.0%,52.0%,40.0%,-,-,-,-,-,-,-,-
557,Eliminated,5,15,8,3,10,40.0%,50,9.98,82.0%,64.0%,40.0%,-,-,-,-,-,-,-,-
558,Eliminated,5,20,4,2,10,40.0%,50,10.28,76.0%,52.0%,40.0%,-,-,-,-,-,-,-,-
559,Eliminated,10,0,2,2,8,40.0%,50,3.46,86.0%,64.0%,40.0%,-,-,-,-,-,-,-,-
560,Eliminated,10,0,2,3,2,40.0%,50,3.38,78.0%,58.0%,40.0%,-,-,-,-,-,-,-,-
561,Eliminated,10,0,6,3,4,40.0%,50,4.14,96.0%,54.0%,40.0%,-,-,-,-,-,-,-,-
562,Eliminated,10,0,8,1,10,40.0%,50,4.12,96.0%,68.0%,40.0%,-,-,-,-,-,-,-,-
563,Eliminated,10,5,4,2,2,40.0%,50,6.44,78.0%,62.0%,40.0%,-,-,-,-,-,-,-,-
564,Eliminated,10,10,2,3,8,40.0%,50,8.32,76.0%,58.0%,40.0%,-,-,-,-,-,-,-,-
565,Eliminated,10,10,10,2,4,40.0%,50,9.58,72.0%,54.0%,40.0%,-,-,-,-,-,-,-,-
566,Eliminated,10,15,2,2,8,40.0%,50,9.76,76.0%,58.0%,40.0%,-,-,-,-,-,-,-,-
567,Eliminated,10,15,2,3,6,40.0%,50,8.98,80.0%,52.0%,40.0%,-,-,-,-,-,-,-,-
568,Eliminated,10,15,4,3,10,40.0%,50,9.82,80.0%,58.0%,40.0%,-,-,-,-,-,-,-,-
569,Eliminated,15,0,8,1,6,40.0%,50,4.58,96.0%,56.0%,40.0%,-,-,-,-,-,-,-,-
570,Eliminated,15,5,0,3,0,40.0%,50,5.68,72.0%,62.0%,40.0%,-,-,-,-,-,-,-,-
571,Eliminated,15,5,0,3,2,40.0%,50,5.76,76.0%,62.0%,40.0%,-,-,-,-,-,-,-,-
572,Eliminated,15,5,2,2,8,40.0%,50,7.66,82.0%,58.0%,40.0%,-,-,-,-,-,-,-,-
573,Eliminated,15,5,6,3,2,40.0%,50,6.50,84.0%,54.0%,40.0%,-,-,-,-,-,-,-,-
574,Eliminated,15,5,10,2,10,40.0%,50,8.84,92.0%,58.0%,40.0%,-,-,-,-,-,-,-,-
575,Eliminated,15,10,2,2,10,40.0%,50,8.42,72.0%,58.0%,40.0%,-,-,-,-,-,-,-,-
576,Eliminated,15,10,6,2,8,40.0%,50,10.84,82.0%,58.0%,40.0%,-,-,-,-,-,-,-,-
577,Eliminated,15,20,4,3,6,40.0%,50,10.54,76.0%,70.0%,40.0%,-,-,-,-,-,-,-,-
578,Eliminated,15,20,4,3,10,40.0%,50,10.00,78.0%,52.0%,40.0%,-,-,-,-,-,-,-,-
579,Eliminated,15,20,10,3,4,40.0%,50,9.04,72.0%,52.0%,40.0%,-,-,-,-,-,-,-,-
580,Eliminated,20,0,4,2,10,40.0%,50,3.88,94.0%,70.0%,40.0%,-,-,-,-,-,-,-,-
581,Eliminated,20,5,0,3,2,40.0%,50,6.20,72.0%,56.0%,40.0%,-,-,-,-,-,-,-,-
582,Eliminated,20,5,2,3,10,40.0%,50,7.40,84.0%,60.0%,40.0%,-,-,-,-,-,-,-,-
583,Eliminated,20,5,6,3,10,40.0%,50,8.54,88.0%,56.0%,40.0%,-,-,-,-,-,-,-,-
584,Eliminated,0,0,0,1,10,38.0%,50,3.38,70.0%,50.0%,38.0%,-,-,-,-,-,-,-,-
585,Eliminated,0,0,0,2,6,38.0%,50,2.36,70.0%,68.0%,38.0%,-,-,-,-,-,-,-,-
586,Eliminated,0,0,4,2,6,38.0%,50,2.44,86.0%,64.0%,38.0%,-,-,-,-,-,-,-,-
587,Eliminated,0,0,10,3,2,38.0%,50,2.22,74.0%,54.0%,38.0%,-,-,-,-,-,-,-,-
588,Eliminated,0,5,0,2,2,38.0%,50,4.98,70.0%,50.0%,38.0%,-,-,-,-,-,-,-,-
589,Eliminated,0,5,2,2,8,38.0%,50,5.90,80.0%,54.0%,38.0%,-,-,-,-,-,-,-,-
590,Eliminated,0,5,4,3,2,38.0%,50,4.14,80.0%,64.0%,38.0%,-,-,-,-,-,-,-,-
591,Eliminated,0,20,4,3,10,38.0%,50,9.00,74.0%,54.0%,38.0%,-,-,-,-,-,-,-,-
592,Eliminated,5,0,6,3,4,38.0%,50,3.56,90.0%,52.0%,38.0%,-,-,-,-,-,-,-,-
593,Eliminated,5,5,4,2,6,38.0%,50,7.06,82.0%,64.0%,38.0%,-,-,-,-,-,-,-,-
594,Eliminated,5,5,6,3,2,38.0%,50,5.90,78.0%,62.0%,38.0%,-,-,-,-,-,-,-,-
595,Eliminated,5,5,6,3,4,38.0%,50,6.74,80.0%,58.0%,38.0%,-,-,-,-,-,-,-,-
596,Eliminated,10,0,0,3,0,38.0%,50,3.46,74.0%,54.0%,38.0%,-,-,-,-,-,-,-,-
597,Eliminated,10,5,4,2,10,38.0%,50,7.94,84.0%,56.0%,38.0%,-,-,-,-,-,-,-,-
598,Eliminated,10,10,0,3,4,38.0%,50,7.98,72.0%,52.0%,38.0%,-,-,-,-,-,-,-,-
599,Eliminated,10,10,0,3,10,38.0%,50,7.90,78.0%,52.0%,38.0%,-,-,-,-,-,-,-,-
600,Eliminated,10,10,2,2,10,38.0%,50,8.18,72.0%,54.0%,38.0%,-,-,-,-,-,-,-,-
601,Eliminated,10,10,2,3,6,38.0%,50,8.44,72.0%,52.0%,38.0%,-,-,-,-,-,-,-,-
602,Eliminated,10,20,8,3,4,38.0%,50,11.28,78.0%,54.0%,38.0%,-,-,-,-,-,-,-,-
603,Eliminated,15,0,2,3,4,38.0%,50,3.22,88.0%,58.0%,38.0%,-,-,-,-,-,-,-,-
604,Eliminated,15,0,6,1,6,38.0%,50,4.14,94.0%,58.0%,38.0%,-,-,-,-,-,-,-,-
605,Eliminated,15,5,0,3,8,38.0%,50,6.84,72.0%,58.0%,38.0%,-,-,-,-,-,-,-,-
606,Eliminated,15,10,4,2,2,38.0%,50,8.50,74.0%,56.0%,38.0%,-,-,-,-,-,-,-,-
607,Eliminated,15,10,4,3,2,38.0%,50,8.12,72.0%,62.0%,38.0%,-,-,-,-,-,-,-,-
608,Eliminated,15,10,8,2,10,38.0%,50,10.38,96.0%,58.0%,38.0%,-,-,-,-,-,-,-,-
609,Eliminated,15,15,2,2,10,38.0%,50,8.76,80.0%,60.0%,38.0%,-,-,-,-,-,-,-,-
610,Eliminated,15,15,4,3,6,38.0%,50,9.42,88.0%,54.0%,38.0%,-,-,-,-,-,-,-,-
611,Eliminated,20,0,2,3,10,38.0%,50,3.46,94.0%,54.0%,38.0%,-,-,-,-,-,-,-,-
612,Eliminated,20,5,4,1,0,38.0%,50,6.04,74.0%,52.0%,38.0%,-,-,-,-,-,-,-,-
613,Eliminated,20,10,2,3,4,38.0%,50,8.48,82.0%,54.0%,38.0%,-,-,-,-,-,-,-,-
614,Eliminated,0,0,6,3,10,36.0%,50,2.58,88.0%,52.0%,36.0%,-,-,-,-,-,-,-,-
615,Eliminated,0,5,4,2,6,36.0%,50,5.54,78.0%,58.0%,36.0%,-,-,-,-,-,-,-,-
616,Eliminated,0,5,4,3,10,36.0%,50,6.48,84.0%,50.0%,36.0%,-,-,-,-,-,-,-,-
617,Eliminated,5,0,8,2,4,36.0%,50,3.58,84.0%,66.0%,36.0%,-,-,-,-,-,-,-,-
618,Eliminated,5,5,2,2,8,36.0%,50,7.24,78.0%,58.0%,36.0%,-,-,-,-,-,-,-,-
619,Eliminated,5,5,4,3,10,36.0%,50,8.00,90.0%,60.0%,36.0%,-,-,-,-,-,-,-,-
620,Eliminated,5,20,4,3,6,36.0%,50,9.66,80.0%,62.0%,36.0%,-,-,-,-,-,-,-,-
621,Eliminated,10,0,2,3,6,36.0%,50,3.46,76.0%,56.0%,36.0%,-,-,-,-,-,-,-,-
622,Eliminated,10,0,6,2,8,36.0%,50,3.74,98.0%,58.0%,36.0%,-,-,-,-,-,-,-,-
623,Eliminated,10,15,2,3,8,36.0%,50,9.00,72.0%,52.0%,36.0%,-,-,-,-,-,-,-,-
624,Eliminated,15,0,2,1,8,36.0%,50,3.56,92.0%,54.0%,36.0%,-,-,-,-,-,-,-,-
625,Eliminated,15,0,4,3,8,36.0%,50,4.40,92.0%,54.0%,36.0%,-,-,-,-,-,-,-,-
626,Eliminated,15,0,6,3,2,36.0%,50,3.98,82.0%,60.0%,36.0%,-,-,-,-,-,-,-,-
627,Eliminated,15,10,2,2,8,36.0%,50,8.52,84.0%,62.0%,36.0%,-,-,-,-,-,-,-,-
628,Eliminated,15,20,2,3,4,36.0%,50,8.36,72.0%,54.0%,36.0%,-,-,-,-,-,-,-,-
629,Eliminated,15,20,2,3,8,36.0%,50,9.56,80.0%,58.0%,36.0%,-,-,-,-,-,-,-,-
630,Eliminated,20,0,2,3,6,36.0%,50,3.20,90.0%,54.0%,36.0%,-,-,-,-,-,-,-,-
631,Eliminated,20,0,8,2,4,36.0%,50,3.94,94.0%,60.0%,36.0%,-,-,-,-,-,-,-,-
632,Eliminated,20,5,2,3,6,36.0%,50,7.08,82.0%,64.0%,36.0%,-,-,-,-,-,-,-,-
633,Eliminated,20,10,2,3,6,36.0%,50,8.96,72.0%,56.0%,36.0%,-,-,-,-,-,-,-,-
634,Eliminated,20,10,4,2,4,36.0%,50,8.64,84.0%,58.0%,36.0%,-,-,-,-,-,-,-,-
635,Eliminated,20,15,8,3,10,36.0%,50,12.10,82.0%,53.1%,36.0%,-,-,-,-,-,-,-,-
636,Eliminated,0,10,6,3,8,34.0%,50,7.90,80.0%,56.0%,34.0%,-,-,-,-,-,-,-,-
637,Eliminated,5,0,2,3,4,34.0%,50,2.88,72.0%,54.0%,34.0%,-,-,-,-,-,-,-,-
638,Eliminated,5,5,2,1,10,34.0%,50,8.84,72.0%,50.0%,34.0%,-,-,-,-,-,-,-,-
639,Eliminated,5,10,4,2,10,34.0%,50,9.52,74.0%,58.0%,34.0%,-,-,-,-,-,-,-,-
640,Eliminated,10,5,2,1,8,34.0%,50,7.84,80.0%,52.0%,34.0%,-,-,-,-,-,-,-,-
641,Eliminated,10,20,0,2,8,34.0%,50,9.02,72.0%,52.0%,34.0%,-,-,-,-,-,-,-,-
642,Eliminated,10,20,2,2,2,34.0%,50,9.78,74.0%,52.0%,34.0%,-,-,-,-,-,-,-,-
643,Eliminated,15,0,10,2,2,34.0%,50,3.22,78.0%,52.0%,34.0%,-,-,-,-,-,-,-,-
644,Eliminated,20,5,2,2,10,34.0%,50,7.96,80.0%,52.0%,34.0%,-,-,-,-,-,-,-,-
645,Eliminated,20,15,2,3,4,34.0%,50,8.86,76.0%,58.0%,34.0%,-,-,-,-,-,-,-,-
646,Eliminated,0,0,0,3,6,32.0%,50,2.72,70.0%,66.0%,32.0%,-,-,-,-,-,-,-,-
647,Eliminated,0,20,6,3,10,32.0%,50,9.28,80.0%,62.0%,32.0%,-,-,-,-,-,-,-,-
648,Eliminated,10,0,8,3,2,32.0%,50,2.96,84.0%,52.0%,32.0%,-,-,-,-,-,-,-,-
649,Eliminated,10,5,0,2,4,32.0%,50,6.22,78.0%,52.0%,32.0%,-,-,-,-,-,-,-,-
650,Eliminated,10,5,4,3,10,32.0%,50,8.40,82.0%,52.0%,32.0%,-,-,-,-,-,-,-,-
651,Eliminated,10,5,6,3,0,32.0%,50,6.28,74.0%,54.0%,32.0%,-,-,-,-,-,-,-,-
652,Eliminated,10,5,10,3,2,32.0%,50,6.04,80.0%,54.0%,32.0%,-,-,-,-,-,-,-,-
653,Eliminated,10,15,0,3,8,32.0%,50,8.86,72.0%,54.0%,32.0%,-,-,-,-,-,-,-,-
654,Eliminated,15,10,10,3,2,32.0%,50,8.32,72.0%,54.0%,32.0%,-,-,-,-,-,-,-,-
655,Eliminated,20,5,0,3,6,32.0%,50,6.82,82.0%,64.0%,32.0%,-,-,-,-,-,-,-,-
656,Eliminated,20,15,2,3,8,32.0%,50,9.32,78.0%,56.0%,32.0%,-,-,-,-,-,-,-,-
657,Eliminated,20,20,4,2,4,32.0%,50,9.84,86.0%,54.0%,32.0%,-,-,-,-,-,-,-,-
658,Eliminated,5,0,8,2,2,30.0%,50,3.32,80.0%,52.0%,30.0%,-,-,-,-,-,-,-,-
659,Eliminated,5,5,8,2,4,30.0%,50,6.42,82.0%,56.0%,30.0%,-,-,-,-,-,-,-,-
660,Eliminated,10,5,2,2,4,30.0%,50,6.74,84.0%,64.0%,30.0%,-,-,-,-,-,-,-,-
661,Eliminated,20,0,2,2,2,30.0%,50,3.50,90.0%,52.0%,30.0%,-,-,-,-,-,-,-,-
662,Eliminated,20,10,2,1,10,30.0%,50,9.24,76.0%,54.0%,30.0%,-,-,-,-,-,-,-,-
663,Eliminated,10,5,0,3,0,28.0%,50,5.52,76.0%,52.0%,28.0%,-,-,-,-,-,-,-,-
664,Eliminated,10,5,2,2,10,28.0%,50,8.06,78.0%,58.0%,28.0%,-,-,-,-,-,-,-,-
665,Eliminated,15,5,0,2,8,28.0%,50,7.20,72.0%,52.0%,28.0%,-,-,-,-,-,-,-,-
666,Eliminated,20,5,2,1,2,28.0%,50,6.88,76.0%,54.0%,28.0%,-,-,-,-,-,-,-,-
667,Eliminated,5,0,4,1,0,26.0%,50,3.00,72.0%,54.0%,26.0%,-,-,-,-,-,-,-,-
668,Eliminated,15,5,4,1,10,26.0%,50,9.44,80.0%,54.0%,26.0%,-,-,-,-,-,-,-,-
669,Eliminated,15,15,2,2,6,26.0%,50,10.28,86.0%,56.0%,26.0%,-,-,-,-,-,-,-,-
670,Eliminated,20,15,2,1,6,26.0%,50,10.14,76.0%,52.0%,26.0%,-,-,-,-,-,-,-,-
671,Eliminated,0,0,6,2,0,24.0%,50,2.30,76.0%,56.0%,24.0%,-,-,-,-,-,-,-,-
672,Eliminated,0,10,2,3,6,24.0%,50,7.92,74.0%,56.0%,24.0%,-,-,-,-,-,-,-,-
673,Eliminated,5,5,0,2,8,24.0%,50,7.08,80.0%,52.0%,24.0%,-,-,-,-,-,-,-,-
674,Eliminated,5,0,6,1,8,22.0%,50,4.06,88.0%,50.0%,22.0%,-,-,-,-,-,-,-,-
675,Eliminated,20,20,4,2,10,22.0%,50,10.04,90.0%,64.0%,22.0%,-,-,-,-,-,-,-,-
676,Eliminated,5,5,10,2,4,50.0%,50,4.80,84.0%,50.0%,-,-,-,-,-,-,-,-,-
677,Eliminated,5,10,4,3,4,50.0%,50,5.38,76.0%,50.0%,-,-,-,-,-,-,-,-,-
678,Eliminated,5,10,10,3,4,50.0%,50,4.94,82.0%,50.0%,-,-,-,-,-,-,-,-,-
679,Eliminated,5,10,10,3,8,50.0%,50,5.90,80.0%,50.0%,-,-,-,-,-,-,-,-,-
680,Eliminated,5,15,4,3,4,50.0%,50,6.30,84.0%,50.0%,-,-,-,-,-,-,-,-,-
681,Eliminated,5,15,10,3,8,50.0%,50,6.28,86.0%,50.0%,-,-,-,-,-,-,-,-,-
682,Eliminated,5,15,10,3,10,50.0%,50,6.82,74.0%,50.0%,-,-,-,-,-,-,-,-,-
683,Eliminated,5,20,6,3,4,50.0%,50,5.96,78.0%,50.0%,-,-,-,-,-,-,-,-,-
684,Eliminated,10,0,4,2,2,50.0%,50,2.44,80.0%,50.0%,-,-,-,-,-,-,-,-,-
685,Eliminated,10,0,4,2,6,50.0%,50,2.28,96.0%,50.0%,-,-,-,-,-,-,-,-,-
686,Eliminated,10,0,6,1,4,50.0%,50,2.58,86.0%,50.0%,-,-,-,-,-,-,-,-,-
687,Eliminated,10,0,6,2,2,50.0%,50,2.48,78.0%,50.0%,-,-,-,-,-,-,-,-,-
688,Eliminated,10,0,8,1,8,50.0%,50,2.60,96.0%,50.0%,-,-,-,-,-,-,-,-,-
689,Eliminated,10,5,2,1,10,50.0%,50,5.24,74.0%,50.0%,-,-,-,-,-,-,-,-,-
690,Eliminated,10,5,2,2,8,50.0%,50,5.30,82.0%,50.0%,-,-,-,-,-,-,-,-,-
691,Eliminated,10,5,4,2,8,50.0%,50,5.62,88.0%,50.0%,-,-,-,-,-,-,-,-,-
692,Eliminated,10,5,6,1,4,50.0%,50,5.72,82.0%,50.0%,-,-,-,-,-,-,-,-,-
693,Eliminated,10,5,6,3,8,50.0%,50,5.70,92.0%,50.0%,-,-,-,-,-,-,-,-,-
694,Eliminated,10,5,8,3,8,50.0%,50,5.60,92.0%,50.0%,-,-,-,-,-,-,-,-,-
695,Eliminated,10,10,0,2,8,50.0%,50,5.22,80.0%,50.0%,-,-,-,-,-,-,-,-,-
696,Eliminated,10,10,2,2,8,50.0%,50,6.08,74.0%,50.0%,-,-,-,-,-,-,-,-,-
697,Eliminated,10,10,4,2,6,50.0%,50,6.32,84.0%,50.0%,-,-,-,-,-,-,-,-,-
698,Eliminated,10,10,4,3,6,50.0%,50,5.94,84.0%,50.0%,-,-,-,-,-,-,-,-,-
699,Eliminated,10,10,6,3,2,50.0%,50,5.72,80.0%,50.0%,-,-,-,-,-,-,-,-,-
700,Eliminated,10,10,8,3,6,50.0%,50,6.74,86.0%,50.0%,-,-,-,-,-,-,-,-,-
701,Eliminated,10,15,0,2,8,50.0%,50,5.42,76.0%,50.0%,-,-,-,-,-,-,-,-,-
702,Eliminated,10,15,2,3,4,50.0%,50,5.78,80.0%,50.0%,-,-,-,-,-,-,-,-,-
703,Eliminated,10,15,4,2,6,50.0%,50,6.14,76.0%,50.0%,-,-,-,-,-,-,-,-,-
704,Eliminated,10,15,6,2,4,50.0%,50,6.54,80.0%,50.0%,-,-,-,-,-,-,-,-,-
705,Eliminated,10,20,2,1,6,50.0%,50,7.00,74.0%,50.0%,-,-,-,-,-,-,-,-,-
706,Eliminated,10,20,2,2,10,50.0%,50,5.72,82.0%,50.0%,-,-,-,-,-,-,-,-,-
707,Eliminated,10,20,4,3,2,50.0%,50,6.28,72.0%,50.0%,-,-,-,-,-,-,-,-,-
708,Eliminated,10,20,6,2,6,50.0%,50,7.70,72.0%,50.0%,-,-,-,-,-,-,-,-,-
709,Eliminated,10,20,10,3,6,50.0%,50,6.70,78.0%,50.0%,-,-,-,-,-,-,-,-,-
710,Eliminated,15,0,0,2,10,50.0%,50,2.54,94.0%,50.0%,-,-,-,-,-,-,-,-,-
711,Eliminated,15,0,0,3,6,50.0%,50,2.18,86.0%,50.0%,-,-,-,-,-,-,-,-,-
712,Eliminated,15,0,2,1,6,50.0%,50,2.46,88.0%,50.0%,-,-,-,-,-,-,-,-,-
713,Eliminated,15,0,6,1,10,50.0%,50,2.66,96.0%,50.0%,-,-,-,-,-,-,-,-,-
714,Eliminated,15,0,8,3,4,50.0%,50,2.34,90.0%,50.0%,-,-,-,-,-,-,-,-,-
715,Eliminated,15,5,0,3,6,50.0%,50,4.34,72.0%,50.0%,-,-,-,-,-,-,-,-,-
716,Eliminated,15,5,2,1,2,50.0%,50,4.30,76.0%,50.0%,-,-,-,-,-,-,-,-,-
717,Eliminated,15,5,2,1,6,50.0%,50,4.70,82.0%,50.0%,-,-,-,-,-,-,-,-,-
718,Eliminated,15,5,2,2,10,50.0%,50,5.16,78.0%,50.0%,-,-,-,-,-,-,-,-,-
719,Eliminated,15,5,2,3,10,50.0%,50,5.50,82.0%,50.0%,-,-,-,-,-,-,-,-,-
720,Eliminated,15,5,4,1,4,50.0%,50,5.18,88.0%,50.0%,-,-,-,-,-,-,-,-,-
721,Eliminated,15,5,6,2,8,50.0%,50,5.38,88.0%,50.0%,-,-,-,-,-,-,-,-,-
722,Eliminated,15,5,6,3,4,50.0%,50,4.60,84.0%,50.0%,-,-,-,-,-,-,-,-,-
723,Eliminated,15,5,10,2,8,50.0%,50,5.32,96.0%,50.0%,-,-,-,-,-,-,-,-,-
724,Eliminated,15,10,4,2,10,50.0%,50,6.74,82.0%,50.0%,-,-,-,-,-,-,-,-,-
725,Eliminated,15,10,8,3,8,50.0%,50,7.30,84.0%,50.0%,-,-,-,-,-,-,-,-,-
726,Eliminated,15,10,10,3,10,50.0%,50,6.40,82.0%,50.0%,-,-,-,-,-,-,-,-,-
727,Eliminated,15,15,2,3,2,50.0%,50,5.70,72.0%,50.0%,-,-,-,-,-,-,-,-,-
728,Eliminated,15,15,2,3,10,50.0%,50,6.16,74.0%,50.0%,-,-,-,-,-,-,-,-,-
729,Eliminated,15,15,4,1,6,50.0%,50,7.68,72.0%,50.0%,-,-,-,-,-,-,-,-,-
730,Eliminated,15,15,4,2,6,50.0%,50,6.62,86.0%,50.0%,-,-,-,-,-,-,-,-,-
731,Eliminated,15,15,4,3,8,50.0%,50,6.12,80.0%,50.0%,-,-,-,-,-,-,-,-,-
732,Eliminated,15,15,6,2,4,50.0%,50,6.72,84.0%,50.0%,-,-,-,-,-,-,-,-,-
733,Eliminated,15,15,10,2,10,50.0%,50,7.04,86.0%,50.0%,-,-,-,-,-,-,-,-,-
734,Eliminated,15,20,6,2,6,50.0%,50,7.50,80.0%,50.0%,-,-,-,-,-,-,-,-,-
735,Eliminated,15,20,6,3,4,50.0%,50,6.72,74.0%,50.0%,-,-,-,-,-,-,-,-,-
736,Eliminated,20,0,2,2,10,50.0%,50,2.08,94.0%,50.0%,-,-,-,-,-,-,-,-,-
737,Eliminated,20,0,2,3,8,50.0%,50,2.40,88.0%,50.0%,-,-,-,-,-,-,-,-,-
738,Eliminated,20,0,8,1,10,50.0%,50,3.34,98.0%,50.0%,-,-,-,-,-,-,-,-,-
739,Eliminated,20,5,0,2,4,50.0%,50,4.48,76.0%,50.0%,-,-,-,-,-,-,-,-,-
740,Eliminated,20,5,0,2,10,50.0%,50,4.52,72.0%,50.0%,-,-,-,-,-,-,-,-,-
741,Eliminated,20,5,2,1,4,50.0%,50,4.94,78.0%,50.0%,-,-,-,-,-,-,-,-,-
742,Eliminated,20,5,2,2,6,50.0%,50,4.88,88.0%,50.0%,-,-,-,-,-,-,-,-,-
743,Eliminated,20,5,2,2,8,50.0%,50,5.02,78.0%,50.0%,-,-,-,-,-,-,-,-,-
744,Eliminated,20,5,2,3,4,50.0%,50,4.32,78.0%,50.0%,-,-,-,-,-,-,-,-,-
745,Eliminated,20,5,4,2,8,50.0%,50,5.32,78.0%,50.0%,-,-,-,-,-,-,-,-,-
746,Eliminated,20,5,6,2,0,50.0%,50,4.22,78.0%,50.0%,-,-,-,-,-,-,-,-,-
747,Eliminated,20,5,6,2,4,50.0%,50,4.94,82.0%,50.0%,-,-,-,-,-,-,-,-,-
748,Eliminated,20,5,6,2,8,50.0%,50,5.24,88.0%,50.0%,-,-,-,-,-,-,-,-,-
749,Eliminated,20,5,6,3,0,50.0%,50,3.96,72.0%,50.0%,-,-,-,-,-,-,-,-,-
750,Eliminated,20,5,10,2,10,50.0%,50,5.78,88.0%,50.0%,-,-,-,-,-,-,-,-,-
751,Eliminated,20,10,4,2,10,50.0%,50,6.16,80.0%,50.0%,-,-,-,-,-,-,-,-,-
752,Eliminated,20,10,6,2,10,50.0%,50,6.78,90.0%,50.0%,-,-,-,-,-,-,-,-,-
753,Eliminated,20,10,10,3,2,50.0%,50,5.62,72.0%,50.0%,-,-,-,-,-,-,-,-,-
754,Eliminated,20,10,10,3,4,50.0%,50,5.92,72.0%,50.0%,-,-,-,-,-,-,-,-,-
755,Eliminated,20,15,0,2,10,50.0%,50,5.46,74.0%,50.0%,-,-,-,-,-,-,-,-,-
756,Eliminated,20,15,2,2,4,50.0%,50,5.90,80.0%,50.0%,-,-,-,-,-,-,-,-,-
757,Eliminated,20,15,2,2,6,50.0%,50,6.60,72.0%,50.0%,-,-,-,-,-,-,-,-,-
758,Eliminated,20,15,4,2,2,50.0%,50,5.78,74.0%,50.0%,-,-,-,-,-,-,-,-,-
759,Eliminated,20,15,4,2,6,50.0%,50,6.38,80.0%,50.0%,-,-,-,-,-,-,-,-,-
760,Eliminated,20,15,6,3,8,50.0%,50,7.46,80.0%,50.0%,-,-,-,-,-,-,-,-,-
761,Eliminated,20,15,10,2,4,50.0%,50,6.40,80.0%,50.0%,-,-,-,-,-,-,-,-,-
762,Eliminated,20,15,10,3,10,50.0%,50,7.30,80.0%,50.0%,-,-,-,-,-,-,-,-,-
763,Eliminated,20,20,2,2,8,50.0%,50,6.44,82.0%,50.0%,-,-,-,-,-,-,-,-,-
764,Eliminated,20,20,4,3,8,50.0%,50,6.22,88.0%,50.0%,-,-,-,-,-,-,-,-,-
765,Eliminated,20,20,6,3,10,50.0%,50,7.50,82.0%,50.0%,-,-,-,-,-,-,-,-,-
766,Eliminated,20,20,8,2,8,50.0%,50,7.96,84.0%,50.0%,-,-,-,-,-,-,-,-,-
767,Eliminated,20,20,8,3,8,50.0%,50,7.84,84.0%,50.0%,-,-,-,-,-,-,-,-,-
768,Eliminated,20,20,10,2,6,50.0%,50,7.22,92.0%,50.0%,-,-,-,-,-,-,-,-,-
769,Eliminated,20,20,10,3,6,50.0%,50,7.70,86.0%,50.0%,-,-,-,-,-,-,-,-,-
770,Eliminated,20,15,8,2,4,49.0%,51,6.90,80.0%,49.0%,-,-,-,-,-,-,-,-,-
771,Eliminated,0,0,0,2,10,48.0%,50,1.46,78.0%,48.0%,-,-,-,-,-,-,-,-,-
772,Eliminated,0,0,0,3,8,48.0%,50,1.68,70.0%,48.0%,-,-,-,-,-,-,-,-,-
773,Eliminated,0,0,2,2,0,48.0%,50,1.58,74.0%,48.0%,-,-,-,-,-,-,-,-,-
774,Eliminated,0,0,2,2,6,48.0%,50,1.62,76.0%,48.0%,-,-,-,-,-,-,-,-,-
775,Eliminated,0,5,2,3,10,48.0%,50,3.80,82.0%,48.0%,-,-,-,-,-,-,-,-,-
776,Eliminated,0,5,4,2,2,48.0%,50,3.10,76.0%,48.0%,-,-,-,-,-,-,-,-,-
777,Eliminated,0,10,2,3,10,48.0%,50,5.04,80.0%,48.0%,-,-,-,-,-,-,-,-,-
778,Eliminated,0,15,0,3,0,48.0%,50,4.78,74.0%,48.0%,-,-,-,-,-,-,-,-,-
779,Eliminated,0,20,6,3,8,48.0%,50,6.18,78.0%,48.0%,-,-,-,-,-,-,-,-,-
780,Eliminated,5,0,0,2,10,48.0%,50,2.18,80.0%,48.0%,-,-,-,-,-,-,-,-,-
781,Eliminated,5,0,0,3,6,48.0%,50,1.98,86.0%,48.0%,-,-,-,-,-,-,-,-,-
782,Eliminated,5,0,0,3,8,48.0%,50,2.22,84.0%,48.0%,-,-,-,-,-,-,-,-,-
783,Eliminated,5,0,2,2,6,48.0%,50,1.90,82.0%,48.0%,-,-,-,-,-,-,-,-,-
784,Eliminated,5,0,6,2,4,48.0%,50,2.06,90.0%,48.0%,-,-,-,-,-,-,-,-,-
785,Eliminated,5,0,8,3,10,48.0%,50,2.58,96.0%,48.0%,-,-,-,-,-,-,-,-,-
786,Eliminated,5,5,0,1,8,48.0%,50,5.08,82.0%,48.0%,-,-,-,-,-,-,-,-,-
787,Eliminated,5,5,4,1,2,48.0%,50,4.28,74.0%,48.0%,-,-,-,-,-,-,-,-,-
788,Eliminated,5,5,6,3,6,48.0%,50,4.70,88.0%,48.0%,-,-,-,-,-,-,-,-,-
789,Eliminated,5,5,8,2,8,48.0%,50,5.78,94.0%,48.0%,-,-,-,-,-,-,-,-,-
790,Eliminated,5,5,8,3,0,48.0%,50,3.48,72.0%,48.0%,-,-,-,-,-,-,-,-,-
791,Eliminated,5,10,0,3,8,48.0%,50,5.44,72.0%,48.0%,-,-,-,-,-,-,-,-,-
792,Eliminated,5,10,4,2,6,48.0%,50,5.60,74.0%,48.0%,-,-,-,-,-,-,-,-,-
793,Eliminated,5,15,6,3,2,48.0%,50,6.36,78.0%,48.0%,-,-,-,-,-,-,-,-,-
794,Eliminated,5,15,8,3,8,48.0%,50,6.68,80.0%,48.0%,-,-,-,-,-,-,-,-,-
795,Eliminated,5,20,2,3,10,48.0%,50,6.44,84.0%,48.0%,-,-,-,-,-,-,-,-,-
796,Eliminated,5,20,8,3,6,48.0%,50,7.10,82.0%,48.0%,-,-,-,-,-,-,-,-,-
797,Eliminated,5,20,10,3,6,48.0%,50,6.42,80.0%,48.0%,-,-,-,-,-,-,-,-,-
798,Eliminated,10,0,0,1,0,48.0%,50,2.34,72.0%,48.0%,-,-,-,-,-,-,-,-,-
799,Eliminated,10,0,0,1,2,48.0%,50,2.62,74.0%,48.0%,-,-,-,-,-,-,-,-,-
800,Eliminated,10,0,0,2,2,48.0%,50,2.56,72.0%,48.0%,-,-,-,-,-,-,-,-,-
801,Eliminated,10,0,0,3,8,48.0%,50,2.14,78.0%,48.0%,-,-,-,-,-,-,-,-,-
802,Eliminated,10,0,2,1,10,48.0%,50,2.40,94.0%,48.0%,-,-,-,-,-,-,-,-,-
803,Eliminated,10,0,2,2,4,48.0%,50,2.38,84.0%,48.0%,-,-,-,-,-,-,-,-,-
804,Eliminated,10,0,2,3,8,48.0%,50,2.26,90.0%,48.0%,-,-,-,-,-,-,-,-,-
805,Eliminated,10,0,4,1,4,48.0%,50,2.62,88.0%,48.0%,-,-,-,-,-,-,-,-,-
806,Eliminated,10,0,4,3,8,48.0%,50,2.34,94.0%,48.0%,-,-,-,-,-,-,-,-,-
807,Eliminated,10,0,8,2,4,48.0%,50,2.00,90.0%,48.0%,-,-,-,-,-,-,-,-,-
808,Eliminated,10,5,0,2,6,48.0%,50,4.48,76.0%,48.0%,-,-,-,-,-,-,-,-,-
809,Eliminated,10,5,4,3,8,48.0%,50,5.22,86.0%,48.0%,-,-,-,-,-,-,-,-,-
810,Eliminated,10,10,0,1,2,48.0%,50,5.38,72.0%,48.0%,-,-,-,-,-,-,-,-,-
811,Eliminated,10,15,4,3,4,48.0%,50,6.30,74.0%,48.0%,-,-,-,-,-,-,-,-,-
812,Eliminated,10,15,10,2,8,48.0%,50,6.80,84.0%,48.0%,-,-,-,-,-,-,-,-,-
813,Eliminated,10,15,10,2,10,48.0%,50,7.74,72.0%,48.0%,-,-,-,-,-,-,-,-,-
814,Eliminated,15,0,0,1,4,48.0%,50,2.32,90.0%,48.0%,-,-,-,-,-,-,-,-,-
815,Eliminated,15,0,0,2,6,48.0%,50,2.30,82.0%,48.0%,-,-,-,-,-,-,-,-,-
816,Eliminated,15,0,2,1,2,48.0%,50,2.56,80.0%,48.0%,-,-,-,-,-,-,-,-,-
817,Eliminated,15,0,2,1,4,48.0%,50,2.26,72.0%,48.0%,-,-,-,-,-,-,-,-,-
818,Eliminated,15,0,2,3,6,48.0%,50,2.64,98.0%,48.0%,-,-,-,-,-,-,-,-,-
819,Eliminated,15,0,6,3,4,48.0%,50,2.74,92.0%,48.0%,-,-,-,-,-,-,-,-,-
820,Eliminated,15,5,2,2,6,48.0%,50,4.72,72.0%,48.0%,-,-,-,-,-,-,-,-,-
821,Eliminated,15,5,2,3,8,48.0%,50,5.54,78.0%,48.0%,-,-,-,-,-,-,-,-,-
822,Eliminated,15,5,4,2,10,48.0%,50,5.58,86.0%,48.0%,-,-,-,-,-,-,-,-,-
823,Eliminated,15,5,6,2,2,48.0%,50,4.52,80.0%,48.0%,-,-,-,-,-,-,-,-,-
824,Eliminated,15,5,10,2,4,48.0%,50,4.74,88.0%,48.0%,-,-,-,-,-,-,-,-,-
825,Eliminated,15,5,10,3,4,48.0%,50,4.04,90.0%,48.0%,-,-,-,-,-,-,-,-,-
826,Eliminated,15,10,2,3,2,48.0%,50,5.24,80.0%,48.0%,-,-,-,-,-,-,-,-,-
827,Eliminated,15,10,10,3,6,48.0%,50,6.44,82.0%,48.0%,-,-,-,-,-,-,-,-,-
828,Eliminated,15,15,2,3,8,48.0%,50,6.08,84.0%,48.0%,-,-,-,-,-,-,-,-,-
829,Eliminated,15,15,6,3,2,48.0%,50,6.10,76.0%,48.0%,-,-,-,-,-,-,-,-,-
830,Eliminated,15,15,6,3,8,48.0%,50,7.16,76.0%,48.0%,-,-,-,-,-,-,-,-,-
831,Eliminated,15,15,8,2,8,48.0%,50,6.86,94.0%,48.0%,-,-,-,-,-,-,-,-,-
832,Eliminated,15,20,2,2,8,48.0%,50,6.08,78.0%,48.0%,-,-,-,-,-,-,-,-,-
833,Eliminated,15,20,2,3,6,48.0%,50,6.08,76.0%,48.0%,-,-,-,-,-,-,-,-,-
834,Eliminated,15,20,4,3,2,48.0%,50,6.28,72.0%,48.0%,-,-,-,-,-,-,-,-,-
835,Eliminated,15,20,8,2,6,48.0%,50,8.14,78.0%,48.0%,-,-,-,-,-,-,-,-,-
836,Eliminated,20,0,0,1,4,48.0%,50,2.24,76.0%,48.0%,-,-,-,-,-,-,-,-,-
837,Eliminated,20,0,0,2,8,48.0%,50,2.22,96.0%,48.0%,-,-,-,-,-,-,-,-,-
838,Eliminated,20,0,0,3,0,48.0%,50,1.92,74.0%,48.0%,-,-,-,-,-,-,-,-,-
839,Eliminated,20,0,0,3,10,48.0%,50,2.04,92.0%,48.0%,-,-,-,-,-,-,-,-,-
840,Eliminated,20,0,2,2,4,48.0%,50,2.18,86.0%,48.0%,-,-,-,-,-,-,-,-,-
841,Eliminated,20,0,4,3,6,48.0%,50,2.64,98.0%,48.0%,-,-,-,-,-,-,-,-,-
842,Eliminated,20,0,8,3,4,48.0%,50,2.58,96.0%,48.0%,-,-,-,-,-,-,-,-,-
843,Eliminated,20,0,8,3,10,48.0%,50,2.56,98.0%,48.0%,-,-,-,-,-,-,-,-,-
844,Eliminated,20,0,10,2,8,48.0%,50,2.48,100.0%,48.0%,-,-,-,-,-,-,-,-,-
845,Eliminated,20,0,10,3,2,48.0%,50,2.30,84.0%,48.0%,-,-,-,-,-,-,-,-,-
846,Eliminated,20,5,4,2,6,48.0%,50,5.34,84.0%,48.0%,-,-,-,-,-,-,-,-,-
847,Eliminated,20,5,8,2,6,48.0%,50,5.12,80.0%,48.0%,-,-,-,-,-,-,-,-,-
848,Eliminated,20,5,10,3,2,48.0%,50,4.10,80.0%,48.0%,-,-,-,-,-,-,-,-,-
849,Eliminated,20,10,2,2,10,48.0%,50,6.24,76.0%,48.0%,-,-,-,-,-,-,-,-,-
850,Eliminated,20,10,4,3,10,48.0%,50,6.96,74.0%,48.0%,-,-,-,-,-,-,-,-,-
851,Eliminated,20,10,10,2,8,48.0%,50,6.72,86.0%,48.0%,-,-,-,-,-,-,-,-,-
852,Eliminated,20,15,4,3,10,48.0%,50,6.94,74.0%,48.0%,-,-,-,-,-,-,-,-,-
853,Eliminated,20,15,6,2,8,48.0%,50,7.18,80.0%,48.0%,-,-,-,-,-,-,-,-,-
854,Eliminated,20,15,6,3,10,48.0%,50,7.34,82.0%,48.0%,-,-,-,-,-,-,-,-,-
855,Eliminated,20,15,10,2,10,48.0%,50,7.70,90.0%,48.0%,-,-,-,-,-,-,-,-,-
856,Eliminated,20,20,4,3,10,48.0%,50,6.62,78.0%,48.0%,-,-,-,-,-,-,-,-,-
857,Eliminated,20,20,8,2,10,48.0%,50,7.26,90.0%,48.0%,-,-,-,-,-,-,-,-,-
858,Eliminated,20,20,10,3,8,48.0%,50,7.72,86.0%,48.0%,-,-,-,-,-,-,-,-,-
859,Eliminated,20,15,8,3,6,46.9%,49,7.47,80.0%,46.9%,-,-,-,-,-,-,-,-,-
860,Eliminated,0,0,2,3,0,46.0%,50,1.72,72.0%,46.0%,-,-,-,-,-,-,-,-,-
861,Eliminated,0,0,2,3,2,46.0%,50,1.96,74.0%,46.0%,-,-,-,-,-,-,-,-,-
862,Eliminated,0,0,8,2,0,46.0%,50,1.76,74.0%,46.0%,-,-,-,-,-,-,-,-,-
863,Eliminated,0,0,10,2,4,46.0%,50,2.78,78.0%,46.0%,-,-,-,-,-,-,-,-,-
864,Eliminated,0,5,6,2,6,46.0%,50,3.88,78.0%,46.0%,-,-,-,-,-,-,-,-,-
865,Eliminated,0,10,2,2,6,46.0%,50,5.36,72.0%,46.0%,-,-,-,-,-,-,-,-,-
866,Eliminated,0,10,2,3,8,46.0%,50,4.76,74.0%,46.0%,-,-,-,-,-,-,-,-,-
867,Eliminated,0,10,10,3,8,46.0%,50,5.90,84.0%,46.0%,-,-,-,-,-,-,-,-,-
868,Eliminated,0,15,6,3,2,46.0%,50,5.46,76.0%,46.0%,-,-,-,-,-,-,-,-,-
869,Eliminated,0,15,6,3,6,46.0%,50,6.24,72.0%,46.0%,-,-,-,-,-,-,-,-,-
870,Eliminated,5,0,4,3,4,46.0%,50,1.92,82.0%,46.0%,-,-,-,-,-,-,-,-,-
871,Eliminated,5,0,8,3,2,46.0%,50,2.32,78.0%,46.0%,-,-,-,-,-,-,-,-,-
872,Eliminated,5,0,8,3,4,46.0%,50,2.42,82.0%,46.0%,-,-,-,-,-,-,-,-,-
873,Eliminated,5,5,2,2,6,46.0%,50,4.38,78.0%,46.0%,-,-,-,-,-,-,-,-,-
874,Eliminated,5,5,2,3,2,46.0%,50,3.90,74.0%,46.0%,-,-,-,-,-,-,-,-,-
875,Eliminated,5,5,6,3,8,46.0%,50,5.62,88.0%,46.0%,-,-,-,-,-,-,-,-,-
876,Eliminated,5,5,10,2,8,46.0%,50,5.12,80.0%,46.0%,-,-,-,-,-,-,-,-,-
877,Eliminated,5,5,10,3,4,46.0%,50,4.24,82.0%,46.0%,-,-,-,-,-,-,-,-,-
878,Eliminated,5,10,2,3,4,46.0%,50,5.48,72.0%,46.0%,-,-,-,-,-,-,-,-,-
879,Eliminated,5,10,2,3,8,46.0%,50,5.80,82.0%,46.0%,-,-,-,-,-,-,-,-,-
880,Eliminated,5,20,6,2,10,46.0%,50,6.94,72.0%,46.0%,-,-,-,-,-,-,-,-,-
881,Eliminated,5,20,10,3,4,46.0%,50,5.44,72.0%,46.0%,-,-,-,-,-,-,-,-,-
882,Eliminated,5,20,10,3,8,46.0%,50,7.28,90.0%,46.0%,-,-,-,-,-,-,-,-,-
883,Eliminated,10,0,2,1,0,46.0%,50,2.14,78.0%,46.0%,-,-,-,-,-,-,-,-,-
884,Eliminated,10,0,4,1,2,46.0%,50,2.44,82.0%,46.0%,-,-,-,-,-,-,-,-,-
885,Eliminated,10,0,4,3,2,46.0%,50,2.66,72.0%,46.0%,-,-,-,-,-,-,-,-,-
886,Eliminated,10,0,6,1,2,46.0%,50,2.80,82.0%,46.0%,-,-,-,-,-,-,-,-,-
887,Eliminated,10,0,10,2,4,46.0%,50,2.26,88.0%,46.0%,-,-,-,-,-,-,-,-,-
888,Eliminated,10,5,4,1,2,46.0%,50,4.58,78.0%,46.0%,-,-,-,-,-,-,-,-,-
889,Eliminated,10,5,6,3,4,46.0%,50,5.10,82.0%,46.0%,-,-,-,-,-,-,-,-,-
890,Eliminated,10,5,8,2,10,46.0%,50,5.72,86.0%,46.0%,-,-,-,-,-,-,-,-,-
891,Eliminated,10,5,8,3,2,46.0%,50,4.12,74.0%,46.0%,-,-,-,-,-,-,-,-,-
892,Eliminated,10,10,2,2,6,46.0%,50,5.62,74.0%,46.0%,-,-,-,-,-,-,-,-,-
893,Eliminated,10,10,4,2,10,46.0%,50,6.10,86.0%,46.0%,-,-,-,-,-,-,-,-,-
894,Eliminated,10,10,6,2,6,46.0%,50,6.96,82.0%,46.0%,-,-,-,-,-,-,-,-,-
895,Eliminated,10,10,8,2,10,46.0%,50,6.88,86.0%,46.0%,-,-,-,-,-,-,-,-,-
896,Eliminated,10,10,8,3,2,46.0%,50,5.70,82.0%,46.0%,-,-,-,-,-,-,-,-,-
897,Eliminated,10,10,10,2,2,46.0%,50,5.76,78.0%,46.0%,-,-,-,-,-,-,-,-,-
898,Eliminated,10,15,0,2,4,46.0%,50,5.38,76.0%,46.0%,-,-,-,-,-,-,-,-,-
899,Eliminated,10,15,2,2,6,46.0%,50,5.82,72.0%,46.0%,-,-,-,-,-,-,-,-,-
900,Eliminated,10,15,2,3,2,46.0%,50,5.94,74.0%,46.0%,-,-,-,-,-,-,-,-,-
901,Eliminated,10,20,0,1,10,46.0%,50,5.84,74.0%,46.0%,-,-,-,-,-,-,-,-,-
902,Eliminated,10,20,4,2,6,46.0%,50,6.54,84.0%,46.0%,-,-,-,-,-,-,-,-,-
903,Eliminated,15,0,0,1,0,46.0%,50,2.44,78.0%,46.0%,-,-,-,-,-,-,-,-,-
904,Eliminated,15,0,0,2,2,46.0%,50,2.08,84.0%,46.0%,-,-,-,-,-,-,-,-,-
905,Eliminated,15,0,2,1,10,46.0%,50,2.16,78.0%,46.0%,-,-,-,-,-,-,-,-,-
906,Eliminated,15,0,2,2,4,46.0%,50,2.34,84.0%,46.0%,-,-,-,-,-,-,-,-,-
907,Eliminated,15,0,2,3,10,46.0%,50,1.96,92.0%,46.0%,-,-,-,-,-,-,-,-,-
908,Eliminated,15,0,4,3,4,46.0%,50,2.40,92.0%,46.0%,-,-,-,-,-,-,-,-,-
909,Eliminated,15,0,6,1,8,46.0%,50,2.56,96.0%,46.0%,-,-,-,-,-,-,-,-,-
910,Eliminated,15,0,8,1,8,46.0%,50,3.42,98.0%,46.0%,-,-,-,-,-,-,-,-,-
911,Eliminated,15,0,8,2,4,46.0%,50,2.76,94.0%,46.0%,-,-,-,-,-,-,-,-,-
912,Eliminated,15,0,10,1,10,46.0%,50,4.90,82.0%,46.0%,-,-,-,-,-,-,-,-,-
913,Eliminated,15,5,0,3,4,46.0%,50,3.90,74.0%,46.0%,-,-,-,-,-,-,-,-,-
914,Eliminated,15,5,4,1,2,46.0%,50,4.82,78.0%,46.0%,-,-,-,-,-,-,-,-,-
915,Eliminated,15,5,8,2,10,46.0%,50,5.88,88.0%,46.0%,-,-,-,-,-,-,-,-,-
916,Eliminated,15,5,10,2,2,46.0%,50,4.04,80.0%,46.0%,-,-,-,-,-,-,-,-,-
917,Eliminated,15,10,2,1,2,46.0%,50,5.86,76.0%,46.0%,-,-,-,-,-,-,-,-,-
918,Eliminated,15,10,4,1,2,46.0%,50,5.26,76.0%,46.0%,-,-,-,-,-,-,-,-,-
919,Eliminated,15,10,6,3,8,46.0%,50,7.10,84.0%,46.0%,-,-,-,-,-,-,-,-,-
920,Eliminated,15,10,10,3,4,46.0%,50,5.38,88.0%,46.0%,-,-,-,-,-,-,-,-,-
921,Eliminated,15,15,0,3,8,46.0%,50,5.92,76.0%,46.0%,-,-,-,-,-,-,-,-,-
922,Eliminated,15,15,4,3,10,46.0%,50,6.56,92.0%,46.0%,-,-,-,-,-,-,-,-,-
923,Eliminated,15,20,8,2,8,46.0%,50,7.68,92.0%,46.0%,-,-,-,-,-,-,-,-,-
924,Eliminated,15,20,8,3,4,46.0%,50,7.28,86.0%,46.0%,-,-,-,-,-,-,-,-,-
925,Eliminated,15,20,10,2,6,46.0%,50,7.46,82.0%,46.0%,-,-,-,-,-,-,-,-,-
926,Eliminated,15,20,10,3,2,46.0%,50,6.76,74.0%,46.0%,-,-,-,-,-,-,-,-,-
927,Eliminated,20,0,2,1,4,46.0%,50,2.38,80.0%,46.0%,-,-,-,-,-,-,-,-,-
928,Eliminated,20,0,6,1,4,46.0%,50,2.78,92.0%,46.0%,-,-,-,-,-,-,-,-,-
929,Eliminated,20,0,8,1,4,46.0%,50,2.84,92.0%,46.0%,-,-,-,-,-,-,-,-,-
930,Eliminated,20,5,2,1,10,46.0%,50,5.54,76.0%,46.0%,-,-,-,-,-,-,-,-,-
931,Eliminated,20,5,6,1,4,46.0%,50,5.66,74.0%,46.0%,-,-,-,-,-,-,-,-,-
932,Eliminated,20,5,6,1,6,46.0%,50,7.00,76.0%,46.0%,-,-,-,-,-,-,-,-,-
933,Eliminated,20,5,6,2,10,46.0%,50,6.00,98.0%,46.0%,-,-,-,-,-,-,-,-,-
934,Eliminated,20,10,0,2,8,46.0%,50,5.82,78.0%,46.0%,-,-,-,-,-,-,-,-,-
935,Eliminated,20,10,6,2,8,46.0%,50,6.74,90.0%,46.0%,-,-,-,-,-,-,-,-,-
936,Eliminated,20,10,8,3,4,46.0%,50,6.40,74.0%,46.0%,-,-,-,-,-,-,-,-,-
937,Eliminated,20,15,2,1,8,46.0%,50,6.30,72.0%,46.0%,-,-,-,-,-,-,-,-,-
938,Eliminated,20,15,10,2,2,46.0%,50,6.62,74.0%,46.0%,-,-,-,-,-,-,-,-,-
939,Eliminated,20,20,0,2,10,46.0%,50,5.98,78.0%,46.0%,-,-,-,-,-,-,-,-,-
940,Eliminated,20,20,8,3,4,46.0%,50,6.72,78.0%,46.0%,-,-,-,-,-,-,-,-,-
941,Eliminated,0,0,6,3,8,44.0%,50,1.84,92.0%,44.0%,-,-,-,-,-,-,-,-,-
942,Eliminated,0,0,8,3,0,44.0%,50,1.32,70.0%,44.0%,-,-,-,-,-,-,-,-,-
943,Eliminated,0,0,10,2,2,44.0%,50,2.84,78.0%,44.0%,-,-,-,-,-,-,-,-,-
944,Eliminated,0,5,0,2,6,44.0%,50,3.32,70.0%,44.0%,-,-,-,-,-,-,-,-,-
945,Eliminated,0,5,4,2,8,44.0%,50,4.42,82.0%,44.0%,-,-,-,-,-,-,-,-,-
946,Eliminated,0,5,6,2,2,44.0%,50,2.98,72.0%,44.0%,-,-,-,-,-,-,-,-,-
947,Eliminated,0,10,4,2,2,44.0%,50,4.92,76.0%,44.0%,-,-,-,-,-,-,-,-,-
948,Eliminated,0,15,8,3,8,44.0%,50,6.34,82.0%,44.0%,-,-,-,-,-,-,-,-,-
949,Eliminated,0,15,10,3,10,44.0%,50,6.40,88.0%,44.0%,-,-,-,-,-,-,-,-,-
950,Eliminated,0,20,8,3,8,44.0%,50,6.18,76.0%,44.0%,-,-,-,-,-,-,-,-,-
951,Eliminated,0,20,10,3,10,44.0%,50,5.66,74.0%,44.0%,-,-,-,-,-,-,-,-,-
952,Eliminated,5,0,0,1,6,44.0%,50,2.12,84.0%,44.0%,-,-,-,-,-,-,-,-,-
953,Eliminated,5,5,2,3,10,44.0%,50,5.08,76.0%,44.0%,-,-,-,-,-,-,-,-,-
954,Eliminated,5,5,10,2,10,44.0%,50,5.58,84.0%,44.0%,-,-,-,-,-,-,-,-,-
955,Eliminated,5,10,8,2,2,44.0%,50,5.52,74.0%,44.0%,-,-,-,-,-,-,-,-,-
956,Eliminated,5,10,10,2,6,44.0%,50,6.60,76.0%,44.0%,-,-,-,-,-,-,-,-,-
957,Eliminated,5,15,4,2,10,44.0%,50,6.90,78.0%,44.0%,-,-,-,-,-,-,-,-,-
958,Eliminated,5,15,8,2,4,44.0%,50,7.08,74.0%,44.0%,-,-,-,-,-,-,-,-,-
959,Eliminated,5,20,4,3,4,44.0%,50,5.76,76.0%,44.0%,-,-,-,-,-,-,-,-,-
960,Eliminated,5,20,6,2,8,44.0%,50,7.72,72.0%,44.0%,-,-,-,-,-,-,-,-,-
961,Eliminated,10,0,0,3,6,44.0%,50,2.18,80.0%,44.0%,-,-,-,-,-,-,-,-,-
962,Eliminated,10,0,2,3,4,44.0%,50,2.28,82.0%,44.0%,-,-,-,-,-,-,-,-,-
963,Eliminated,10,0,4,1,10,44.0%,50,2.56,96.0%,44.0%,-,-,-,-,-,-,-,-,-
964,Eliminated,10,0,6,1,8,44.0%,50,2.58,98.0%,44.0%,-,-,-,-,-,-,-,-,-
965,Eliminated,10,0,8,1,2,44.0%,50,3.30,80.0%,44.0%,-,-,-,-,-,-,-,-,-
966,Eliminated,10,0,8,2,0,44.0%,50,2.46,78.0%,44.0%,-,-,-,-,-,-,-,-,-
967,Eliminated,10,0,10,2,2,44.0%,50,2.22,82.0%,44.0%,-,-,-,-,-,-,-,-,-
968,Eliminated,10,0,10,3,2,44.0%,50,2.28,88.0%,44.0%,-,-,-,-,-,-,-,-,-
969,Eliminated,10,5,0,3,4,44.0%,50,4.38,74.0%,44.0%,-,-,-,-,-,-,-,-,-
970,Eliminated,10,5,2,3,4,44.0%,50,4.74,78.0%,44.0%,-,-,-,-,-,-,-,-,-
971,Eliminated,10,5,4,2,0,44.0%,50,3.90,72.0%,44.0%,-,-,-,-,-,-,-,-,-
972,Eliminated,10,5,6,1,2,44.0%,50,4.88,78.0%,44.0%,-,-,-,-,-,-,-,-,-
973,Eliminated,10,5,10,2,2,44.0%,50,3.92,78.0%,44.0%,-,-,-,-,-,-,-,-,-
974,Eliminated,10,5,10,2,6,44.0%,50,5.04,86.0%,44.0%,-,-,-,-,-,-,-,-,-
975,Eliminated,10,10,0,1,10,44.0%,50,5.14,74.0%,44.0%,-,-,-,-,-,-,-,-,-
976,Eliminated,10,10,0,2,10,44.0%,50,5.30,74.0%,44.0%,-,-,-,-,-,-,-,-,-
977,Eliminated,10,10,2,1,10,44.0%,50,6.42,76.0%,44.0%,-,-,-,-,-,-,-,-,-
978,Eliminated,10,10,8,3,8,44.0%,50,6.10,84.0%,44.0%,-,-,-,-,-,-,-,-,-
979,Eliminated,10,10,10,3,4,44.0%,50,5.44,88.0%,44.0%,-,-,-,-,-,-,-,-,-
980,Eliminated,10,15,6,2,6,44.0%,50,6.56,82.0%,44.0%,-,-,-,-,-,-,-,-,-
981,Eliminated,10,15,6,3,6,44.0%,50,7.10,86.0%,44.0%,-,-,-,-,-,-,-,-,-
982,Eliminated,10,15,8,2,4,44.0%,50,7.28,72.0%,44.0%,-,-,-,-,-,-,-,-,-
983,Eliminated,10,15,8,3,4,44.0%,50,6.54,86.0%,44.0%,-,-,-,-,-,-,-,-,-
984,Eliminated,10,20,2,2,6,44.0%,50,6.18,76.0%,44.0%,-,-,-,-,-,-,-,-,-
985,Eliminated,10,20,8,2,8,44.0%,50,7.96,80.0%,44.0%,-,-,-,-,-,-,-,-,-
986,Eliminated,15,0,4,2,2,44.0%,50,2.22,88.0%,44.0%,-,-,-,-,-,-,-,-,-
987,Eliminated,15,0,6,3,0,44.0%,50,2.18,78.0%,44.0%,-,-,-,-,-,-,-,-,-
988,Eliminated,15,5,2,1,4,44.0%,50,4.72,76.0%,44.0%,-,-,-,-,-,-,-,-,-
989,Eliminated,15,5,4,1,8,44.0%,50,6.26,72.0%,44.0%,-,-,-,-,-,-,-,-,-
990,Eliminated,15,5,6,1,6,44.0%,50,6.28,84.0%,44.0%,-,-,-,-,-,-,-,-,-
991,Eliminated,15,5,6,2,10,44.0%,50,6.04,92.0%,44.0%,-,-,-,-,-,-,-,-,-
992,Eliminated,15,5,8,1,2,44.0%,50,4.92,80.0%,44.0%,-,-,-,-,-,-,-,-,-
993,Eliminated,15,5,8,3,8,44.0%,50,5.90,94.0%,44.0%,-,-,-,-,-,-,-,-,-
994,Eliminated,15,10,0,3,10,44.0%,50,5.38,80.0%,44.0%,-,-,-,-,-,-,-,-,-
995,Eliminated,15,10,2,3,10,44.0%,50,6.02,78.0%,44.0%,-,-,-,-,-,-,-,-,-
996,Eliminated,15,10,10,2,2,44.0%,50,5.82,76.0%,44.0%,-,-,-,-,-,-,-,-,-
997,Eliminated,15,10,10,2,10,44.0%,50,6.90,86.0%,44.0%,-,-,-,-,-,-,-,-,-
998,Eliminated,15,15,0,1,6,44.0%,50,6.04,72.0%,44.0%,-,-,-,-,-,-,-,-,-
999,Eliminated,15,15,0,3,10,44.0%,50,5.66,82.0%,44.0%,-,-,-,-,-,-,-,-,-
1000,Eliminated,15,15,2,1,4,44.0%,50,6.86,74.0%,44.0%,-,-,-,-,-,-,-,-,-
1001,Eliminated,15,15,6,2,2,44.0%,50,6.42,72.0%,44.0%,-,-,-,-,-,-,-,-,-
1002,Eliminated,15,15,8,2,4,44.0%,50,7.08,80.0%,44.0%,-,-,-,-,-,-,-,-,-
1003,Eliminated,15,20,4,3,8,44.0%,50,6.88,78.0%,44.0%,-,-,-,-,-,-,-,-,-
1004,Eliminated,15,20,6,2,4,44.0%,50,6.80,82.0%,44.0%,-,-,-,-,-,-,-,-,-
1005,Eliminated,20,0,0,1,6,44.0%,50,2.44,82.0%,44.0%,-,-,-,-,-,-,-,-,-
1006,Eliminated,20,0,0,2,6,44.0%,50,2.18,74.0%,44.0%,-,-,-,-,-,-,-,-,-
1007,Eliminated,20,0,2,3,4,44.0%,50,2.52,74.0%,44.0%,-,-,-,-,-,-,-,-,-
1008,Eliminated,20,0,4,2,2,44.0%,50,2.52,82.0%,44.0%,-,-,-,-,-,-,-,-,-
1009,Eliminated,20,0,4,3,2,44.0%,50,2.64,76.0%,44.0%,-,-,-,-,-,-,-,-,-
1010,Eliminated,20,0,6,3,4,44.0%,50,2.56,90.0%,44.0%,-,-,-,-,-,-,-,-,-
1011,Eliminated,20,5,0,3,4,44.0%,50,4.44,76.0%,44.0%,-,-,-,-,-,-,-,-,-
1012,Eliminated,20,5,0,3,10,44.0%,50,4.82,84.0%,44.0%,-,-,-,-,-,-,-,-,-
1013,Eliminated,20,5,2,1,6,44.0%,50,5.34,76.0%,44.0%,-,-,-,-,-,-,-,-,-
1014,Eliminated,20,5,4,1,4,44.0%,50,5.50,82.0%,44.0%,-,-,-,-,-,-,-,-,-
1015,Eliminated,20,5,4,1,6,44.0%,50,5.54,84.0%,44.0%,-,-,-,-,-,-,-,-,-
1016,Eliminated,20,5,4,2,0,44.0%,50,4.02,74.0%,44.0%,-,-,-,-,-,-,-,-,-
1017,Eliminated,20,5,4,3,6,44.0%,50,4.88,84.0%,44.0%,-,-,-,-,-,-,-,-,-
1018,Eliminated,20,5,4,3,10,44.0%,50,5.34,80.0%,44.0%,-,-,-,-,-,-,-,-,-
1019,Eliminated,20,10,2,1,4,44.0%,50,6.26,76.0%,44.0%,-,-,-,-,-,-,-,-,-
1020,Eliminated,20,10,4,2,2,44.0%,50,5.64,76.0%,44.0%,-,-,-,-,-,-,-,-,-
1021,Eliminated,20,10,4,2,6,44.0%,50,6.16,84.0%,44.0%,-,-,-,-,-,-,-,-,-
1022,Eliminated,20,10,10,2,10,44.0%,50,7.00,80.0%,44.0%,-,-,-,-,-,-,-,-,-
1023,Eliminated,20,15,0,2,6,44.0%,50,6.32,72.0%,44.0%,-,-,-,-,-,-,-,-,-
1024,Eliminated,20,15,6,1,6,44.0%,50,9.68,78.0%,44.0%,-,-,-,-,-,-,-,-,-
1025,Eliminated,20,20,4,3,6,44.0%,50,6.96,76.0%,44.0%,-,-,-,-,-,-,-,-,-
1026,Eliminated,20,20,6,2,10,44.0%,50,7.34,82.0%,44.0%,-,-,-,-,-,-,-,-,-
1027,Eliminated,20,20,10,2,10,44.0%,50,7.52,86.0%,44.0%,-,-,-,-,-,-,-,-,-
1028,Eliminated,0,0,0,1,0,42.0%,50,2.32,70.0%,42.0%,-,-,-,-,-,-,-,-,-
1029,Eliminated,0,0,0,3,0,42.0%,50,1.68,76.0%,42.0%,-,-,-,-,-,-,-,-,-
1030,Eliminated,0,0,2,3,10,42.0%,50,1.52,72.0%,42.0%,-,-,-,-,-,-,-,-,-
1031,Eliminated,0,0,8,3,2,42.0%,50,1.88,82.0%,42.0%,-,-,-,-,-,-,-,-,-
1032,Eliminated,0,0,10,2,10,42.0%,50,3.20,72.0%,42.0%,-,-,-,-,-,-,-,-,-
1033,Eliminated,0,5,0,3,6,42.0%,50,3.64,70.0%,42.0%,-,-,-,-,-,-,-,-,-
1034,Eliminated,0,15,4,3,10,42.0%,50,5.80,76.0%,42.0%,-,-,-,-,-,-,-,-,-
1035,Eliminated,0,20,4,3,4,42.0%,50,6.30,72.0%,42.0%,-,-,-,-,-,-,-,-,-
1036,Eliminated,5,0,2,1,0,42.0%,50,1.74,82.0%,42.0%,-,-,-,-,-,-,-,-,-
1037,Eliminated,5,0,4,1,8,42.0%,50,2.72,80.0%,42.0%,-,-,-,-,-,-,-,-,-
1038,Eliminated,5,0,10,2,4,42.0%,50,2.16,86.0%,42.0%,-,-,-,-,-,-,-,-,-
1039,Eliminated,5,10,2,3,2,42.0%,50,4.76,80.0%,42.0%,-,-,-,-,-,-,-,-,-
1040,Eliminated,5,10,8,2,8,42.0%,50,6.92,78.0%,42.0%,-,-,-,-,-,-,-,-,-
1041,Eliminated,5,15,0,2,10,42.0%,50,6.04,82.0%,42.0%,-,-,-,-,-,-,-,-,-
1042,Eliminated,5,15,2,3,8,42.0%,50,6.16,78.0%,42.0%,-,-,-,-,-,-,-,-,-
1043,Eliminated,5,20,4,2,8,42.0%,50,6.94,86.0%,42.0%,-,-,-,-,-,-,-,-,-
1044,Eliminated,10,0,2,1,8,42.0%,50,2.06,92.0%,42.0%,-,-,-,-,-,-,-,-,-
1045,Eliminated,10,0,4,3,4,42.0%,50,2.30,92.0%,42.0%,-,-,-,-,-,-,-,-,-
1046,Eliminated,10,5,4,1,4,42.0%,50,5.30,78.0%,42.0%,-,-,-,-,-,-,-,-,-
1047,Eliminated,10,5,8,1,4,42.0%,50,6.08,72.0%,42.0%,-,-,-,-,-,-,-,-,-
1048,Eliminated,10,5,10,2,10,42.0%,50,5.32,88.0%,42.0%,-,-,-,-,-,-,-,-,-
1049,Eliminated,10,10,0,1,0,42.0%,50,5.36,72.0%,42.0%,-,-,-,-,-,-,-,-,-
1050,Eliminated,10,10,0,2,6,42.0%,50,5.50,72.0%,42.0%,-,-,-,-,-,-,-,-,-
1051,Eliminated,10,10,6,2,8,42.0%,50,6.52,82.0%,42.0%,-,-,-,-,-,-,-,-,-
1052,Eliminated,10,10,6,3,8,42.0%,50,6.96,92.0%,42.0%,-,-,-,-,-,-,-,-,-
1053,Eliminated,10,15,0,1,8,42.0%,50,6.12,72.0%,42.0%,-,-,-,-,-,-,-,-,-
1054,Eliminated,10,15,4,3,2,42.0%,50,5.66,82.0%,42.0%,-,-,-,-,-,-,-,-,-
1055,Eliminated,10,20,0,3,10,42.0%,50,5.78,78.0%,42.0%,-,-,-,-,-,-,-,-,-
1056,Eliminated,10,20,2,3,10,42.0%,50,5.70,82.0%,42.0%,-,-,-,-,-,-,-,-,-
1057,Eliminated,10,20,4,3,6,42.0%,50,6.12,78.0%,42.0%,-,-,-,-,-,-,-,-,-
1058,Eliminated,10,20,4,3,8,42.0%,50,6.74,74.0%,42.0%,-,-,-,-,-,-,-,-,-
1059,Eliminated,10,20,6,2,8,42.0%,50,7.30,88.0%,42.0%,-,-,-,-,-,-,-,-,-
1060,Eliminated,15,0,0,1,6,42.0%,50,2.16,76.0%,42.0%,-,-,-,-,-,-,-,-,-
1061,Eliminated,15,0,0,1,10,42.0%,50,2.50,94.0%,42.0%,-,-,-,-,-,-,-,-,-
1062,Eliminated,15,0,8,1,2,42.0%,50,2.44,82.0%,42.0%,-,-,-,-,-,-,-,-,-
1063,Eliminated,15,0,8,2,2,42.0%,50,2.42,86.0%,42.0%,-,-,-,-,-,-,-,-,-
1064,Eliminated,15,5,2,3,2,42.0%,50,4.48,74.0%,42.0%,-,-,-,-,-,-,-,-,-
1065,Eliminated,15,5,4,1,6,42.0%,50,5.64,84.0%,42.0%,-,-,-,-,-,-,-,-,-
1066,Eliminated,15,5,8,1,4,42.0%,50,6.20,84.0%,42.0%,-,-,-,-,-,-,-,-,-
1067,Eliminated,15,10,2,1,6,42.0%,50,6.20,72.0%,42.0%,-,-,-,-,-,-,-,-,-
1068,Eliminated,15,10,6,1,4,42.0%,50,7.34,74.0%,42.0%,-,-,-,-,-,-,-,-,-
1069,Eliminated,15,10,8,3,2,42.0%,50,5.60,72.0%,42.0%,-,-,-,-,-,-,-,-,-
1070,Eliminated,15,15,10,3,2,42.0%,50,6.18,74.0%,42.0%,-,-,-,-,-,-,-,-,-
1071,Eliminated,15,20,2,2,4,42.0%,50,6.24,72.0%,42.0%,-,-,-,-,-,-,-,-,-
1072,Eliminated,15,20,6,2,10,42.0%,50,7.70,88.0%,42.0%,-,-,-,-,-,-,-,-,-
1073,Eliminated,20,5,0,3,8,42.0%,50,4.84,74.0%,42.0%,-,-,-,-,-,-,-,-,-
1074,Eliminated,20,5,2,3,8,42.0%,50,5.18,78.0%,42.0%,-,-,-,-,-,-,-,-,-
1075,Eliminated,20,10,4,2,8,42.0%,50,6.38,88.0%,42.0%,-,-,-,-,-,-,-,-,-
1076,Eliminated,20,10,4,3,8,42.0%,50,6.56,82.0%,42.0%,-,-,-,-,-,-,-,-,-
1077,Eliminated,20,15,0,2,8,42.0%,50,6.08,76.0%,42.0%,-,-,-,-,-,-,-,-,-
1078,Eliminated,20,15,6,3,2,42.0%,50,6.62,72.0%,42.0%,-,-,-,-,-,-,-,-,-
1079,Eliminated,20,20,2,1,6,42.0%,50,6.70,74.0%,42.0%,-,-,-,-,-,-,-,-,-
1080,Eliminated,20,20,2,2,2,42.0%,50,6.22,72.0%,42.0%,-,-,-,-,-,-,-,-,-
1081,Eliminated,20,20,4,1,8,42.0%,50,7.94,76.0%,42.0%,-,-,-,-,-,-,-,-,-
1082,Eliminated,20,20,4,3,2,42.0%,50,6.44,74.0%,42.0%,-,-,-,-,-,-,-,-,-
1083,Eliminated,20,20,4,3,4,42.0%,50,6.88,86.0%,42.0%,-,-,-,-,-,-,-,-,-
1084,Eliminated,20,20,8,2,4,42.0%,50,6.82,82.0%,42.0%,-,-,-,-,-,-,-,-,-
1085,Eliminated,20,20,10,3,4,42.0%,50,7.94,86.0%,42.0%,-,-,-,-,-,-,-,-,-
1086,Eliminated,0,0,2,1,10,40.0%,50,2.48,76.0%,40.0%,-,-,-,-,-,-,-,-,-
1087,Eliminated,0,5,8,2,6,40.0%,50,4.80,84.0%,40.0%,-,-,-,-,-,-,-,-,-
1088,Eliminated,0,10,6,3,10,40.0%,50,5.52,82.0%,40.0%,-,-,-,-,-,-,-,-,-
1089,Eliminated,0,15,8,3,10,40.0%,50,6.38,72.0%,40.0%,-,-,-,-,-,-,-,-,-
1090,Eliminated,0,20,4,3,8,40.0%,50,6.22,80.0%,40.0%,-,-,-,-,-,-,-,-,-
1091,Eliminated,5,0,4,3,2,40.0%,50,1.94,78.0%,40.0%,-,-,-,-,-,-,-,-,-
1092,Eliminated,5,0,6,1,10,40.0%,50,2.38,96.0%,40.0%,-,-,-,-,-,-,-,-,-
1093,Eliminated,5,0,6,2,0,40.0%,50,2.22,76.0%,40.0%,-,-,-,-,-,-,-,-,-
1094,Eliminated,5,5,8,2,10,40.0%,50,6.32,86.0%,40.0%,-,-,-,-,-,-,-,-,-
1095,Eliminated,5,10,10,2,4,40.0%,50,6.22,72.0%,40.0%,-,-,-,-,-,-,-,-,-
1096,Eliminated,5,10,10,3,2,40.0%,50,4.96,76.0%,40.0%,-,-,-,-,-,-,-,-,-
1097,Eliminated,5,20,2,3,8,40.0%,50,6.44,76.0%,40.0%,-,-,-,-,-,-,-,-,-
1098,Eliminated,10,0,0,2,6,40.0%,50,2.32,80.0%,40.0%,-,-,-,-,-,-,-,-,-
1099,Eliminated,10,0,2,2,10,40.0%,50,2.00,86.0%,40.0%,-,-,-,-,-,-,-,-,-
1100,Eliminated,10,5,0,1,4,40.0%,50,4.30,74.0%,40.0%,-,-,-,-,-,-,-,-,-
1101,Eliminated,10,5,0,2,2,40.0%,50,3.92,80.0%,40.0%,-,-,-,-,-,-,-,-,-
1102,Eliminated,10,10,0,1,6,40.0%,50,5.46,76.0%,40.0%,-,-,-,-,-,-,-,-,-
1103,Eliminated,10,10,2,1,2,40.0%,50,5.88,74.0%,40.0%,-,-,-,-,-,-,-,-,-
1104,Eliminated,10,15,8,2,8,40.0%,50,7.26,82.0%,40.0%,-,-,-,-,-,-,-,-,-
1105,Eliminated,10,15,8,2,10,40.0%,50,7.24,88.0%,40.0%,-,-,-,-,-,-,-,-,-
1106,Eliminated,10,20,0,2,10,40.0%,50,6.20,72.0%,40.0%,-,-,-,-,-,-,-,-,-
1107,Eliminated,10,20,6,2,4,40.0%,50,7.26,76.0%,40.0%,-,-,-,-,-,-,-,-,-
1108,Eliminated,10,20,8,2,10,40.0%,50,7.96,88.0%,40.0%,-,-,-,-,-,-,-,-,-
1109,Eliminated,15,0,0,3,10,40.0%,50,2.24,84.0%,40.0%,-,-,-,-,-,-,-,-,-
1110,Eliminated,15,0,2,3,2,40.0%,50,2.26,80.0%,40.0%,-,-,-,-,-,-,-,-,-
1111,Eliminated,15,0,4,3,2,40.0%,50,2.24,76.0%,40.0%,-,-,-,-,-,-,-,-,-
1112,Eliminated,15,0,6,1,4,40.0%,50,2.34,96.0%,40.0%,-,-,-,-,-,-,-,-,-
1113,Eliminated,15,0,6,2,2,40.0%,50,2.44,80.0%,40.0%,-,-,-,-,-,-,-,-,-
1114,Eliminated,15,0,8,1,4,40.0%,50,2.78,90.0%,40.0%,-,-,-,-,-,-,-,-,-
1115,Eliminated,15,0,8,3,2,40.0%,50,2.74,72.0%,40.0%,-,-,-,-,-,-,-,-,-
1116,Eliminated,15,5,0,3,10,40.0%,50,5.06,82.0%,40.0%,-,-,-,-,-,-,-,-,-
1117,Eliminated,15,5,4,2,8,40.0%,50,5.30,84.0%,40.0%,-,-,-,-,-,-,-,-,-
1118,Eliminated,15,5,6,1,0,40.0%,50,4.50,78.0%,40.0%,-,-,-,-,-,-,-,-,-
1119,Eliminated,15,5,6,1,2,40.0%,50,5.18,76.0%,40.0%,-,-,-,-,-,-,-,-,-
1120,Eliminated,15,5,8,3,2,40.0%,50,4.18,78.0%,40.0%,-,-,-,-,-,-,-,-,-
1121,Eliminated,15,10,0,1,8,40.0%,50,5.32,72.0%,40.0%,-,-,-,-,-,-,-,-,-
1122,Eliminated,15,10,2,1,4,40.0%,50,5.58,72.0%,40.0%,-,-,-,-,-,-,-,-,-
1123,Eliminated,15,10,4,1,4,40.0%,50,7.16,76.0%,40.0%,-,-,-,-,-,-,-,-,-
1124,Eliminated,15,15,6,3,4,40.0%,50,6.26,78.0%,40.0%,-,-,-,-,-,-,-,-,-
1125,Eliminated,15,15,8,2,2,40.0%,50,6.14,74.0%,40.0%,-,-,-,-,-,-,-,-,-
1126,Eliminated,15,20,8,2,2,40.0%,50,7.00,74.0%,40.0%,-,-,-,-,-,-,-,-,-
1127,Eliminated,15,20,10,2,4,40.0%,50,7.06,76.0%,40.0%,-,-,-,-,-,-,-,-,-
1128,Eliminated,20,5,0,1,2,40.0%,50,3.74,80.0%,40.0%,-,-,-,-,-,-,-,-,-
1129,Eliminated,20,5,8,3,2,40.0%,50,4.30,86.0%,40.0%,-,-,-,-,-,-,-,-,-
1130,Eliminated,20,5,8,3,10,40.0%,50,6.02,96.0%,40.0%,-,-,-,-,-,-,-,-,-
1131,Eliminated,20,10,6,3,10,40.0%,50,7.08,94.0%,40.0%,-,-,-,-,-,-,-,-,-
1132,Eliminated,20,10,8,2,8,40.0%,50,7.54,86.0%,40.0%,-,-,-,-,-,-,-,-,-
1133,Eliminated,20,20,2,3,8,40.0%,50,6.86,82.0%,40.0%,-,-,-,-,-,-,-,-,-
1134,Eliminated,0,0,2,1,2,38.0%,50,2.42,76.0%,38.0%,-,-,-,-,-,-,-,-,-
1135,Eliminated,0,0,4,1,4,38.0%,50,2.70,78.0%,38.0%,-,-,-,-,-,-,-,-,-
1136,Eliminated,0,0,6,1,0,38.0%,50,2.50,76.0%,38.0%,-,-,-,-,-,-,-,-,-
1137,Eliminated,0,5,4,2,10,38.0%,50,4.40,82.0%,38.0%,-,-,-,-,-,-,-,-,-
1138,Eliminated,0,5,4,3,8,38.0%,50,4.30,82.0%,38.0%,-,-,-,-,-,-,-,-,-
1139,Eliminated,5,0,2,1,4,38.0%,50,2.10,82.0%,38.0%,-,-,-,-,-,-,-,-,-
1140,Eliminated,5,0,2,3,2,38.0%,50,2.18,76.0%,38.0%,-,-,-,-,-,-,-,-,-
1141,Eliminated,5,0,4,1,4,38.0%,50,2.44,80.0%,38.0%,-,-,-,-,-,-,-,-,-
1142,Eliminated,5,0,4,1,6,38.0%,50,2.26,80.0%,38.0%,-,-,-,-,-,-,-,-,-
1143,Eliminated,5,0,6,1,2,38.0%,50,2.62,72.0%,38.0%,-,-,-,-,-,-,-,-,-
1144,Eliminated,5,0,6,3,2,38.0%,50,2.20,82.0%,38.0%,-,-,-,-,-,-,-,-,-
1145,Eliminated,5,10,2,2,10,38.0%,50,6.06,74.0%,38.0%,-,-,-,-,-,-,-,-,-
1146,Eliminated,5,10,8,2,6,38.0%,50,6.58,78.0%,38.0%,-,-,-,-,-,-,-,-,-
1147,Eliminated,5,10,8,3,2,38.0%,50,5.02,78.0%,38.0%,-,-,-,-,-,-,-,-,-
1148,Eliminated,5,20,6,3,2,38.0%,50,5.72,72.0%,38.0%,-,-,-,-,-,-,-,-,-
1149,Eliminated,10,0,0,3,4,38.0%,50,2.12,76.0%,38.0%,-,-,-,-,-,-,-,-,-
1150,Eliminated,10,0,8,1,6,38.0%,50,3.16,90.0%,38.0%,-,-,-,-,-,-,-,-,-
1151,Eliminated,10,5,0,1,10,38.0%,50,4.62,82.0%,38.0%,-,-,-,-,-,-,-,-,-
1152,Eliminated,10,5,2,1,6,38.0%,50,5.14,82.0%,38.0%,-,-,-,-,-,-,-,-,-
1153,Eliminated,10,5,6,1,6,38.0%,50,6.24,72.0%,38.0%,-,-,-,-,-,-,-,-,-
1154,Eliminated,10,5,8,2,0,38.0%,50,4.06,74.0%,38.0%,-,-,-,-,-,-,-,-,-
1155,Eliminated,10,5,8,3,0,38.0%,50,3.84,72.0%,38.0%,-,-,-,-,-,-,-,-,-
1156,Eliminated,10,10,6,2,10,38.0%,50,6.94,90.0%,38.0%,-,-,-,-,-,-,-,-,-
1157,Eliminated,10,20,10,2,6,38.0%,50,7.94,78.0%,38.0%,-,-,-,-,-,-,-,-,-
1158,Eliminated,15,0,2,3,8,38.0%,50,1.98,92.0%,38.0%,-,-,-,-,-,-,-,-,-
1159,Eliminated,15,0,6,1,2,38.0%,50,2.60,76.0%,38.0%,-,-,-,-,-,-,-,-,-
1160,Eliminated,15,5,0,1,4,38.0%,50,4.20,72.0%,38.0%,-,-,-,-,-,-,-,-,-
1161,Eliminated,15,5,0,2,4,38.0%,50,4.46,80.0%,38.0%,-,-,-,-,-,-,-,-,-
1162,Eliminated,15,5,6,1,4,38.0%,50,6.14,82.0%,38.0%,-,-,-,-,-,-,-,-,-
1163,Eliminated,15,5,6,1,8,38.0%,50,7.12,76.0%,38.0%,-,-,-,-,-,-,-,-,-
1164,Eliminated,15,10,4,1,10,38.0%,50,7.24,76.0%,38.0%,-,-,-,-,-,-,-,-,-
1165,Eliminated,15,10,6,1,6,38.0%,50,9.30,76.0%,38.0%,-,-,-,-,-,-,-,-,-
1166,Eliminated,15,10,8,1,2,38.0%,50,6.98,76.0%,38.0%,-,-,-,-,-,-,-,-,-
1167,Eliminated,15,15,4,2,2,38.0%,50,6.04,74.0%,38.0%,-,-,-,-,-,-,-,-,-
1168,Eliminated,15,15,6,2,8,38.0%,50,6.74,84.0%,38.0%,-,-,-,-,-,-,-,-,-
1169,Eliminated,15,15,8,3,2,38.0%,50,6.42,72.0%,38.0%,-,-,-,-,-,-,-,-,-
1170,Eliminated,15,15,8,3,6,38.0%,50,7.42,74.0%,38.0%,-,-,-,-,-,-,-,-,-
1171,Eliminated,20,0,0,3,6,38.0%,50,2.38,90.0%,38.0%,-,-,-,-,-,-,-,-,-
1172,Eliminated,20,0,4,1,0,38.0%,50,2.52,80.0%,38.0%,-,-,-,-,-,-,-,-,-
1173,Eliminated,20,0,10,1,6,38.0%,50,5.32,86.0%,38.0%,-,-,-,-,-,-,-,-,-
1174,Eliminated,20,0,10,1,8,38.0%,50,5.48,74.0%,38.0%,-,-,-,-,-,-,-,-,-
1175,Eliminated,20,0,10,2,2,38.0%,50,2.26,80.0%,38.0%,-,-,-,-,-,-,-,-,-
1176,Eliminated,20,5,0,2,0,38.0%,50,4.00,72.0%,38.0%,-,-,-,-,-,-,-,-,-
1177,Eliminated,20,5,10,2,2,38.0%,50,3.90,78.0%,38.0%,-,-,-,-,-,-,-,-,-
1178,Eliminated,20,10,6,1,2,38.0%,50,6.74,74.0%,38.0%,-,-,-,-,-,-,-,-,-
1179,Eliminated,20,15,0,3,8,38.0%,50,6.10,76.0%,38.0%,-,-,-,-,-,-,-,-,-
1180,Eliminated,20,15,2,2,8,38.0%,50,6.08,78.0%,38.0%,-,-,-,-,-,-,-,-,-
1181,Eliminated,20,20,0,1,6,38.0%,50,6.42,74.0%,38.0%,-,-,-,-,-,-,-,-,-
1182,Eliminated,20,20,10,2,4,38.0%,50,7.36,80.0%,38.0%,-,-,-,-,-,-,-,-,-
1183,Eliminated,0,0,10,2,6,36.0%,50,2.88,80.0%,36.0%,-,-,-,-,-,-,-,-,-
1184,Eliminated,0,5,0,2,4,36.0%,50,3.22,86.0%,36.0%,-,-,-,-,-,-,-,-,-
1185,Eliminated,0,5,4,1,4,36.0%,50,4.98,70.0%,36.0%,-,-,-,-,-,-,-,-,-
1186,Eliminated,0,5,6,3,10,36.0%,50,4.40,86.0%,36.0%,-,-,-,-,-,-,-,-,-
1187,Eliminated,0,5,10,3,10,36.0%,50,4.10,86.0%,36.0%,-,-,-,-,-,-,-,-,-
1188,Eliminated,0,10,10,3,10,36.0%,50,5.36,76.0%,36.0%,-,-,-,-,-,-,-,-,-
1189,Eliminated,0,15,10,3,8,36.0%,50,6.06,72.0%,36.0%,-,-,-,-,-,-,-,-,-
1190,Eliminated,0,20,2,3,10,36.0%,50,5.74,74.0%,36.0%,-,-,-,-,-,-,-,-,-
1191,Eliminated,5,0,8,1,8,36.0%,50,3.36,74.0%,36.0%,-,-,-,-,-,-,-,-,-
1192,Eliminated,5,5,0,2,6,36.0%,50,4.12,72.0%,36.0%,-,-,-,-,-,-,-,-,-
1193,Eliminated,5,5,0,3,8,36.0%,50,4.72,80.0%,36.0%,-,-,-,-,-,-,-,-,-
1194,Eliminated,5,5,2,1,8,36.0%,50,5.48,72.0%,36.0%,-,-,-,-,-,-,-,-,-
1195,Eliminated,5,10,0,2,10,36.0%,50,5.36,72.0%,36.0%,-,-,-,-,-,-,-,-,-
1196,Eliminated,5,10,2,2,2,36.0%,50,5.06,74.0%,36.0%,-,-,-,-,-,-,-,-,-
1197,Eliminated,5,10,2,3,6,36.0%,50,5.52,82.0%,36.0%,-,-,-,-,-,-,-,-,-
1198,Eliminated,5,10,6,2,8,36.0%,50,6.82,80.0%,36.0%,-,-,-,-,-,-,-,-,-
1199,Eliminated,5,10,6,2,10,36.0%,50,6.54,74.0%,36.0%,-,-,-,-,-,-,-,-,-
1200,Eliminated,5,20,0,2,10,36.0%,50,5.58,76.0%,36.0%,-,-,-,-,-,-,-,-,-
1201,Eliminated,10,0,6,3,2,36.0%,50,2.22,80.0%,36.0%,-,-,-,-,-,-,-,-,-
1202,Eliminated,10,0,8,1,4,36.0%,50,2.78,96.0%,36.0%,-,-,-,-,-,-,-,-,-
1203,Eliminated,10,5,0,3,8,36.0%,50,5.08,84.0%,36.0%,-,-,-,-,-,-,-,-,-
1204,Eliminated,10,5,2,1,4,36.0%,50,4.80,72.0%,36.0%,-,-,-,-,-,-,-,-,-
1205,Eliminated,10,5,4,1,6,36.0%,50,5.78,82.0%,36.0%,-,-,-,-,-,-,-,-,-
1206,Eliminated,10,10,4,1,8,36.0%,50,7.66,72.0%,36.0%,-,-,-,-,-,-,-,-,-
1207,Eliminated,10,15,6,2,2,36.0%,50,6.14,74.0%,36.0%,-,-,-,-,-,-,-,-,-
1208,Eliminated,10,15,10,3,2,36.0%,50,6.24,76.0%,36.0%,-,-,-,-,-,-,-,-,-
1209,Eliminated,10,20,10,2,10,36.0%,50,7.08,88.0%,36.0%,-,-,-,-,-,-,-,-,-
1210,Eliminated,15,0,4,1,2,36.0%,50,2.68,86.0%,36.0%,-,-,-,-,-,-,-,-,-
1211,Eliminated,15,0,4,2,0,36.0%,50,2.44,84.0%,36.0%,-,-,-,-,-,-,-,-,-
1212,Eliminated,15,0,8,1,0,36.0%,50,2.76,74.0%,36.0%,-,-,-,-,-,-,-,-,-
1213,Eliminated,15,5,0,1,8,36.0%,50,4.60,72.0%,36.0%,-,-,-,-,-,-,-,-,-
1214,Eliminated,15,5,0,1,10,36.0%,50,5.10,76.0%,36.0%,-,-,-,-,-,-,-,-,-
1215,Eliminated,15,5,8,2,2,36.0%,50,4.70,76.0%,36.0%,-,-,-,-,-,-,-,-,-
1216,Eliminated,15,10,0,2,10,36.0%,50,5.88,74.0%,36.0%,-,-,-,-,-,-,-,-,-
1217,Eliminated,15,15,2,1,6,36.0%,50,6.66,74.0%,36.0%,-,-,-,-,-,-,-,-,-
1218,Eliminated,15,15,4,1,10,36.0%,50,7.96,74.0%,36.0%,-,-,-,-,-,-,-,-,-
1219,Eliminated,15,20,6,2,2,36.0%,50,6.34,74.0%,36.0%,-,-,-,-,-,-,-,-,-
1220,Eliminated,15,20,10,2,10,36.0%,50,7.34,80.0%,36.0%,-,-,-,-,-,-,-,-,-
1221,Eliminated,20,0,4,1,2,36.0%,50,2.82,78.0%,36.0%,-,-,-,-,-,-,-,-,-
1222,Eliminated,20,5,4,1,8,36.0%,50,6.12,78.0%,36.0%,-,-,-,-,-,-,-,-,-
1223,Eliminated,20,15,6,1,4,36.0%,50,9.14,72.0%,36.0%,-,-,-,-,-,-,-,-,-
1224,Eliminated,20,15,8,2,2,36.0%,50,6.74,72.0%,36.0%,-,-,-,-,-,-,-,-,-
1225,Eliminated,20,20,4,1,2,36.0%,50,6.34,74.0%,36.0%,-,-,-,-,-,-,-,-,-
1226,Eliminated,20,20,6,3,4,36.0%,50,6.90,78.0%,36.0%,-,-,-,-,-,-,-,-,-
1227,Eliminated,0,5,2,2,10,34.0%,50,4.14,70.0%,34.0%,-,-,-,-,-,-,-,-,-
1228,Eliminated,5,0,8,1,2,34.0%,50,3.00,72.0%,34.0%,-,-,-,-,-,-,-,-,-
1229,Eliminated,5,0,8,1,6,34.0%,50,3.12,84.0%,34.0%,-,-,-,-,-,-,-,-,-
1230,Eliminated,5,5,0,2,2,34.0%,50,4.26,72.0%,34.0%,-,-,-,-,-,-,-,-,-
1231,Eliminated,5,10,8,2,0,34.0%,50,4.74,72.0%,34.0%,-,-,-,-,-,-,-,-,-
1232,Eliminated,5,15,6,2,10,34.0%,50,6.80,72.0%,34.0%,-,-,-,-,-,-,-,-,-
1233,Eliminated,10,0,6,3,0,34.0%,50,2.66,74.0%,34.0%,-,-,-,-,-,-,-,-,-
1234,Eliminated,10,5,4,1,8,34.0%,50,6.52,76.0%,34.0%,-,-,-,-,-,-,-,-,-
1235,Eliminated,10,5,4,1,10,34.0%,50,6.70,86.0%,34.0%,-,-,-,-,-,-,-,-,-
1236,Eliminated,10,5,8,1,2,34.0%,50,4.38,78.0%,34.0%,-,-,-,-,-,-,-,-,-
1237,Eliminated,10,10,6,2,2,34.0%,50,5.88,74.0%,34.0%,-,-,-,-,-,-,-,-,-
1238,Eliminated,10,15,2,1,6,34.0%,50,7.16,72.0%,34.0%,-,-,-,-,-,-,-,-,-
1239,Eliminated,10,15,4,2,4,34.0%,50,6.54,78.0%,34.0%,-,-,-,-,-,-,-,-,-
1240,Eliminated,15,0,10,2,0,34.0%,50,2.58,72.0%,34.0%,-,-,-,-,-,-,-,-,-
1241,Eliminated,15,5,2,1,10,34.0%,50,5.06,74.0%,34.0%,-,-,-,-,-,-,-,-,-
1242,Eliminated,15,15,4,1,4,34.0%,50,7.74,72.0%,34.0%,-,-,-,-,-,-,-,-,-
1243,Eliminated,15,15,8,3,0,34.0%,50,5.88,76.0%,34.0%,-,-,-,-,-,-,-,-,-
1244,Eliminated,15,20,2,1,10,34.0%,50,6.66,78.0%,34.0%,-,-,-,-,-,-,-,-,-
1245,Eliminated,15,20,4,1,8,34.0%,50,8.06,72.0%,34.0%,-,-,-,-,-,-,-,-,-
1246,Eliminated,15,20,6,1,4,34.0%,50,9.14,78.0%,34.0%,-,-,-,-,-,-,-,-,-
1247,Eliminated,20,0,10,1,2,34.0%,50,5.30,76.0%,34.0%,-,-,-,-,-,-,-,-,-
1248,Eliminated,20,5,0,1,10,34.0%,50,4.82,74.0%,34.0%,-,-,-,-,-,-,-,-,-
1249,Eliminated,20,5,4,1,10,34.0%,50,6.60,78.0%,34.0%,-,-,-,-,-,-,-,-,-
1250,Eliminated,20,15,4,1,6,34.0%,50,7.84,76.0%,34.0%,-,-,-,-,-,-,-,-,-
1251,Eliminated,20,15,4,1,10,34.0%,50,7.44,82.0%,34.0%,-,-,-,-,-,-,-,-,-
1252,Eliminated,20,15,4,2,0,34.0%,50,5.82,72.0%,34.0%,-,-,-,-,-,-,-,-,-
1253,Eliminated,0,20,10,3,6,32.0%,50,6.58,76.0%,32.0%,-,-,-,-,-,-,-,-,-
1254,Eliminated,5,0,2,1,2,32.0%,50,2.02,82.0%,32.0%,-,-,-,-,-,-,-,-,-
1255,Eliminated,5,0,6,2,2,32.0%,50,2.22,78.0%,32.0%,-,-,-,-,-,-,-,-,-
1256,Eliminated,5,0,8,2,0,32.0%,50,2.06,72.0%,32.0%,-,-,-,-,-,-,-,-,-
1257,Eliminated,5,0,10,2,2,32.0%,50,1.72,74.0%,32.0%,-,-,-,-,-,-,-,-,-
1258,Eliminated,5,5,6,1,4,32.0%,50,5.24,78.0%,32.0%,-,-,-,-,-,-,-,-,-
1259,Eliminated,10,5,0,1,6,32.0%,50,4.70,72.0%,32.0%,-,-,-,-,-,-,-,-,-
1260,Eliminated,10,5,2,3,10,32.0%,50,5.22,78.0%,32.0%,-,-,-,-,-,-,-,-,-
1261,Eliminated,10,15,10,2,4,32.0%,50,7.18,80.0%,32.0%,-,-,-,-,-,-,-,-,-
1262,Eliminated,10,20,2,2,8,32.0%,50,6.14,88.0%,32.0%,-,-,-,-,-,-,-,-,-
1263,Eliminated,10,20,8,2,4,32.0%,50,6.66,80.0%,32.0%,-,-,-,-,-,-,-,-,-
1264,Eliminated,15,0,6,2,0,32.0%,50,2.62,74.0%,32.0%,-,-,-,-,-,-,-,-,-
1265,Eliminated,15,0,10,1,4,32.0%,50,5.18,80.0%,32.0%,-,-,-,-,-,-,-,-,-
1266,Eliminated,15,20,0,1,4,32.0%,50,5.72,74.0%,32.0%,-,-,-,-,-,-,-,-,-
1267,Eliminated,15,20,0,1,6,32.0%,50,5.64,76.0%,32.0%,-,-,-,-,-,-,-,-,-
1268,Eliminated,20,0,2,3,2,32.0%,50,2.64,84.0%,32.0%,-,-,-,-,-,-,-,-,-
1269,Eliminated,20,0,6,1,2,32.0%,50,2.78,80.0%,32.0%,-,-,-,-,-,-,-,-,-
1270,Eliminated,20,5,0,1,4,32.0%,50,4.04,72.0%,32.0%,-,-,-,-,-,-,-,-,-
1271,Eliminated,20,5,8,1,4,32.0%,50,5.94,80.0%,32.0%,-,-,-,-,-,-,-,-,-
1272,Eliminated,20,10,2,1,6,32.0%,50,6.12,76.0%,32.0%,-,-,-,-,-,-,-,-,-
1273,Eliminated,20,10,2,1,8,32.0%,50,6.14,84.0%,32.0%,-,-,-,-,-,-,-,-,-
1274,Eliminated,20,10,8,1,4,32.0%,50,7.86,72.0%,32.0%,-,-,-,-,-,-,-,-,-
1275,Eliminated,20,15,6,1,10,32.0%,50,9.94,72.0%,32.0%,-,-,-,-,-,-,-,-,-
1276,Eliminated,0,0,4,1,10,30.0%,50,2.64,78.0%,30.0%,-,-,-,-,-,-,-,-,-
1277,Eliminated,0,0,6,1,2,30.0%,50,2.46,88.0%,30.0%,-,-,-,-,-,-,-,-,-
1278,Eliminated,0,0,6,1,4,30.0%,50,2.66,80.0%,30.0%,-,-,-,-,-,-,-,-,-
1279,Eliminated,0,0,10,2,8,30.0%,50,2.44,78.0%,30.0%,-,-,-,-,-,-,-,-,-
1280,Eliminated,0,5,8,2,8,30.0%,50,4.98,74.0%,30.0%,-,-,-,-,-,-,-,-,-
1281,Eliminated,0,15,4,2,6,30.0%,50,6.20,72.0%,30.0%,-,-,-,-,-,-,-,-,-
1282,Eliminated,5,0,6,1,6,30.0%,50,2.38,80.0%,30.0%,-,-,-,-,-,-,-,-,-
1283,Eliminated,5,20,0,3,10,30.0%,50,5.66,72.0%,30.0%,-,-,-,-,-,-,-,-,-
1284,Eliminated,10,0,8,2,2,30.0%,50,2.52,86.0%,30.0%,-,-,-,-,-,-,-,-,-
1285,Eliminated,10,0,10,1,6,30.0%,50,4.74,72.0%,30.0%,-,-,-,-,-,-,-,-,-
1286,Eliminated,10,0,10,2,0,30.0%,50,2.30,72.0%,30.0%,-,-,-,-,-,-,-,-,-
1287,Eliminated,10,15,0,3,6,30.0%,50,5.96,74.0%,30.0%,-,-,-,-,-,-,-,-,-
1288,Eliminated,10,15,2,1,8,30.0%,50,6.76,76.0%,30.0%,-,-,-,-,-,-,-,-,-
1289,Eliminated,15,0,2,2,2,30.0%,50,2.26,80.0%,30.0%,-,-,-,-,-,-,-,-,-
1290,Eliminated,15,0,10,1,2,30.0%,50,4.70,76.0%,30.0%,-,-,-,-,-,-,-,-,-
1291,Eliminated,15,0,10,1,8,30.0%,50,4.82,84.0%,30.0%,-,-,-,-,-,-,-,-,-
1292,Eliminated,15,5,0,2,6,30.0%,50,4.90,80.0%,30.0%,-,-,-,-,-,-,-,-,-
1293,Eliminated,15,5,0,2,10,30.0%,50,5.02,72.0%,30.0%,-,-,-,-,-,-,-,-,-
1294,Eliminated,15,10,0,1,10,30.0%,50,5.90,80.0%,30.0%,-,-,-,-,-,-,-,-,-
1295,Eliminated,15,10,6,1,10,30.0%,50,8.32,72.0%,30.0%,-,-,-,-,-,-,-,-,-
1296,Eliminated,15,15,2,1,2,30.0%,50,6.44,72.0%,30.0%,-,-,-,-,-,-,-,-,-
1297,Eliminated,20,0,2,1,8,30.0%,50,2.20,86.0%,30.0%,-,-,-,-,-,-,-,-,-
1298,Eliminated,20,0,6,1,0,30.0%,50,2.48,72.0%,30.0%,-,-,-,-,-,-,-,-,-
1299,Eliminated,20,0,6,2,2,30.0%,50,2.48,76.0%,30.0%,-,-,-,-,-,-,-,-,-
1300,Eliminated,20,0,8,1,2,30.0%,50,2.90,74.0%,30.0%,-,-,-,-,-,-,-,-,-
1301,Eliminated,20,0,8,2,2,30.0%,50,2.44,84.0%,30.0%,-,-,-,-,-,-,-,-,-
1302,Eliminated,20,5,0,2,8,30.0%,50,5.12,76.0%,30.0%,-,-,-,-,-,-,-,-,-
1303,Eliminated,20,10,4,1,6,30.0%,50,7.14,74.0%,30.0%,-,-,-,-,-,-,-,-,-
1304,Eliminated,20,15,2,1,4,30.0%,50,6.78,74.0%,30.0%,-,-,-,-,-,-,-,-,-
1305,Eliminated,0,0,0,1,4,28.0%,50,2.76,70.0%,28.0%,-,-,-,-,-,-,-,-,-
1306,Eliminated,0,0,4,1,0,28.0%,50,2.62,70.0%,28.0%,-,-,-,-,-,-,-,-,-
1307,Eliminated,10,0,2,1,2,28.0%,50,2.34,80.0%,28.0%,-,-,-,-,-,-,-,-,-
1308,Eliminated,10,0,4,2,0,28.0%,50,2.32,76.0%,28.0%,-,-,-,-,-,-,-,-,-
1309,Eliminated,10,0,10,1,2,28.0%,50,4.96,74.0%,28.0%,-,-,-,-,-,-,-,-,-
1310,Eliminated,10,10,8,1,2,28.0%,50,7.30,72.0%,28.0%,-,-,-,-,-,-,-,-,-
1311,Eliminated,20,0,4,2,0,28.0%,50,2.32,78.0%,28.0%,-,-,-,-,-,-,-,-,-
1312,Eliminated,20,0,10,1,4,28.0%,50,5.54,78.0%,28.0%,-,-,-,-,-,-,-,-,-
1313,Eliminated,20,5,6,1,8,28.0%,50,7.18,74.0%,28.0%,-,-,-,-,-,-,-,-,-
1314,Eliminated,20,5,10,3,0,28.0%,50,3.62,76.0%,28.0%,-,-,-,-,-,-,-,-,-
1315,Eliminated,0,10,6,2,6,26.0%,50,6.06,74.0%,26.0%,-,-,-,-,-,-,-,-,-
1316,Eliminated,5,0,8,1,4,26.0%,50,3.26,76.0%,26.0%,-,-,-,-,-,-,-,-,-
1317,Eliminated,5,0,8,1,10,26.0%,50,3.12,90.0%,26.0%,-,-,-,-,-,-,-,-,-
1318,Eliminated,5,15,6,1,4,26.0%,50,7.68,72.0%,26.0%,-,-,-,-,-,-,-,-,-
1319,Eliminated,10,0,10,1,8,26.0%,50,5.72,76.0%,26.0%,-,-,-,-,-,-,-,-,-
1320,Eliminated,15,5,6,1,10,26.0%,50,7.26,74.0%,26.0%,-,-,-,-,-,-,-,-,-
1321,Eliminated,15,10,4,1,8,26.0%,50,7.08,78.0%,26.0%,-,-,-,-,-,-,-,-,-
1322,Eliminated,20,0,8,3,2,26.0%,50,2.40,72.0%,26.0%,-,-,-,-,-,-,-,-,-
1323,Eliminated,20,15,6,1,8,26.0%,50,8.70,72.0%,26.0%,-,-,-,-,-,-,-,-,-
1324,Eliminated,5,5,4,1,10,24.0%,50,7.00,78.0%,24.0%,-,-,-,-,-,-,-,-,-
1325,Eliminated,5,5,8,1,4,24.0%,50,5.66,72.0%,24.0%,-,-,-,-,-,-,-,-,-
1326,Eliminated,5,20,10,3,10,24.0%,50,6.90,80.0%,24.0%,-,-,-,-,-,-,-,-,-
1327,Eliminated,10,0,8,1,0,24.0%,50,2.76,74.0%,24.0%,-,-,-,-,-,-,-,-,-
1328,Eliminated,10,5,6,1,10,24.0%,50,7.14,78.0%,24.0%,-,-,-,-,-,-,-,-,-
1329,Eliminated,15,0,10,3,0,24.0%,50,2.04,76.0%,24.0%,-,-,-,-,-,-,-,-,-
1330,Eliminated,15,10,4,1,6,24.0%,50,7.82,74.0%,24.0%,-,-,-,-,-,-,-,-,-
1331,Eliminated,15,20,10,2,2,24.0%,50,6.68,76.0%,24.0%,-,-,-,-,-,-,-,-,-
1332,Eliminated,20,0,6,3,2,24.0%,50,2.60,82.0%,24.0%,-,-,-,-,-,-,-,-,-
1333,Eliminated,0,0,6,1,8,22.0%,50,3.06,76.0%,22.0%,-,-,-,-,-,-,-,-,-
1334,Eliminated,0,5,6,2,10,22.0%,50,4.68,74.0%,22.0%,-,-,-,-,-,-,-,-,-
1335,Eliminated,0,10,8,2,6,22.0%,50,6.00,78.0%,22.0%,-,-,-,-,-,-,-,-,-
1336,Eliminated,10,0,6,1,0,22.0%,50,2.68,74.0%,22.0%,-,-,-,-,-,-,-,-,-
1337,Eliminated,15,0,10,1,6,22.0%,50,6.04,82.0%,22.0%,-,-,-,-,-,-,-,-,-
1338,Eliminated,15,5,2,1,8,22.0%,50,6.08,80.0%,22.0%,-,-,-,-,-,-,-,-,-
1339,Eliminated,15,10,8,1,4,22.0%,50,7.90,74.0%,22.0%,-,-,-,-,-,-,-,-,-
1340,Eliminated,0,0,6,1,6,20.0%,50,2.74,80.0%,20.0%,-,-,-,-,-,-,-,-,-
1341,Eliminated,0,0,8,1,4,20.0%,50,3.04,74.0%,20.0%,-,-,-,-,-,-,-,-,-
1342,Eliminated,5,5,0,1,6,20.0%,50,4.54,76.0%,20.0%,-,-,-,-,-,-,-,-,-
1343,Eliminated,5,5,6,1,2,20.0%,50,4.88,82.0%,20.0%,-,-,-,-,-,-,-,-,-
1344,Eliminated,15,20,4,1,10,20.0%,50,7.88,72.0%,20.0%,-,-,-,-,-,-,-,-,-
1345,Eliminated,20,5,6,1,10,20.0%,50,7.38,82.0%,20.0%,-,-,-,-,-,-,-,-,-
1346,Eliminated,20,5,8,1,8,18.0%,50,9.04,72.0%,18.0%,-,-,-,-,-,-,-,-,-
1347,Eliminated,0,5,10,2,4,16.0%,50,5.54,72.0%,16.0%,-,-,-,-,-,-,-,-,-
1348,Eliminated,10,5,6,1,8,14.0%,50,7.26,72.0%,14.0%,-,-,-,-,-,-,-,-,-
1349,Eliminated,15,10,6,1,8,14.0%,50,8.78,72.0%,14.0%,-,-,-,-,-,-,-,-,-
1350,Eliminated,0,5,2,1,2,6.0%,50,4.46,74.0%,6.0%,-,-,-,-,-,-,-,-,-
1351,Eliminated,0,5,6,2,8,70.0%,50,1.88,70.0%,-,-,-,-,-,-,-,-,-,-
1352,Eliminated,0,5,8,2,10,70.0%,50,2.66,70.0%,-,-,-,-,-,-,-,-,-,-
1353,Eliminated,0,5,8,3,0,70.0%,50,1.60,70.0%,-,-,-,-,-,-,-,-,-,-
1354,Eliminated,0,10,2,3,2,70.0%,50,2.30,70.0%,-,-,-,-,-,-,-,-,-,-
1355,Eliminated,0,10,4,2,4,70.0%,50,2.48,70.0%,-,-,-,-,-,-,-,-,-,-
1356,Eliminated,0,10,4,3,4,70.0%,50,2.44,70.0%,-,-,-,-,-,-,-,-,-,-
1357,Eliminated,0,10,6,3,2,70.0%,50,1.96,70.0%,-,-,-,-,-,-,-,-,-,-
1358,Eliminated,0,10,8,2,4,70.0%,50,2.82,70.0%,-,-,-,-,-,-,-,-,-,-
1359,Eliminated,0,10,8,3,10,70.0%,50,3.18,70.0%,-,-,-,-,-,-,-,-,-,-
1360,Eliminated,0,15,0,2,0,70.0%,50,2.48,70.0%,-,-,-,-,-,-,-,-,-,-
1361,Eliminated,0,15,2,3,8,70.0%,50,2.64,70.0%,-,-,-,-,-,-,-,-,-,-
1362,Eliminated,0,15,4,2,0,70.0%,50,2.90,70.0%,-,-,-,-,-,-,-,-,-,-
1363,Eliminated,0,15,6,3,10,70.0%,50,2.78,70.0%,-,-,-,-,-,-,-,-,-,-
1364,Eliminated,0,20,2,2,8,70.0%,50,3.28,70.0%,-,-,-,-,-,-,-,-,-,-
1365,Eliminated,0,20,2,3,8,70.0%,50,2.80,70.0%,-,-,-,-,-,-,-,-,-,-
1366,Eliminated,0,20,4,2,2,70.0%,50,3.36,70.0%,-,-,-,-,-,-,-,-,-,-
1367,Eliminated,0,20,8,3,4,70.0%,50,3.20,70.0%,-,-,-,-,-,-,-,-,-,-
1368,Eliminated,5,0,0,3,0,70.0%,50,1.26,70.0%,-,-,-,-,-,-,-,-,-,-
1369,Eliminated,5,0,4,2,2,70.0%,50,1.10,70.0%,-,-,-,-,-,-,-,-,-,-
1370,Eliminated,5,0,6,1,4,70.0%,50,1.22,70.0%,-,-,-,-,-,-,-,-,-,-
1371,Eliminated,5,0,8,1,0,70.0%,50,1.04,70.0%,-,-,-,-,-,-,-,-,-,-
1372,Eliminated,5,5,0,3,10,70.0%,50,3.00,70.0%,-,-,-,-,-,-,-,-,-,-
1373,Eliminated,5,5,2,1,6,70.0%,50,2.42,70.0%,-,-,-,-,-,-,-,-,-,-
1374,Eliminated,5,5,2,3,4,70.0%,50,2.04,70.0%,-,-,-,-,-,-,-,-,-,-
1375,Eliminated,5,5,4,1,4,70.0%,50,2.62,70.0%,-,-,-,-,-,-,-,-,-,-
1376,Eliminated,5,5,8,2,2,70.0%,50,2.16,70.0%,-,-,-,-,-,-,-,-,-,-
1377,Eliminated,5,5,10,3,2,70.0%,50,1.80,70.0%,-,-,-,-,-,-,-,-,-,-
1378,Eliminated,5,10,4,2,4,70.0%,50,3.06,70.0%,-,-,-,-,-,-,-,-,-,-
1379,Eliminated,5,10,6,3,2,70.0%,50,2.30,70.0%,-,-,-,-,-,-,-,-,-,-
1380,Eliminated,5,15,2,3,4,70.0%,50,3.10,70.0%,-,-,-,-,-,-,-,-,-,-
1381,Eliminated,5,15,2,3,10,70.0%,50,2.84,70.0%,-,-,-,-,-,-,-,-,-,-
1382,Eliminated,5,15,4,2,4,70.0%,50,3.32,70.0%,-,-,-,-,-,-,-,-,-,-
1383,Eliminated,5,15,4,3,10,70.0%,50,4.00,70.0%,-,-,-,-,-,-,-,-,-,-
1384,Eliminated,5,15,6,2,8,70.0%,50,4.00,70.0%,-,-,-,-,-,-,-,-,-,-
1385,Eliminated,5,15,8,1,4,70.0%,50,4.20,70.0%,-,-,-,-,-,-,-,-,-,-
1386,Eliminated,5,15,8,3,2,70.0%,50,3.12,70.0%,-,-,-,-,-,-,-,-,-,-
1387,Eliminated,5,15,8,3,4,70.0%,50,2.88,70.0%,-,-,-,-,-,-,-,-,-,-
1388,Eliminated,5,15,10,2,2,70.0%,50,2.98,70.0%,-,-,-,-,-,-,-,-,-,-
1389,Eliminated,5,20,0,2,6,70.0%,50,2.56,70.0%,-,-,-,-,-,-,-,-,-,-
1390,Eliminated,5,20,8,3,2,70.0%,50,3.30,70.0%,-,-,-,-,-,-,-,-,-,-
1391,Eliminated,10,0,0,2,0,70.0%,50,1.26,70.0%,-,-,-,-,-,-,-,-,-,-
1392,Eliminated,10,0,0,3,2,70.0%,50,1.16,70.0%,-,-,-,-,-,-,-,-,-,-
1393,Eliminated,10,0,2,2,0,70.0%,50,1.10,70.0%,-,-,-,-,-,-,-,-,-,-
1394,Eliminated,10,5,0,1,0,70.0%,50,2.28,70.0%,-,-,-,-,-,-,-,-,-,-
1395,Eliminated,10,5,0,2,8,70.0%,50,2.70,70.0%,-,-,-,-,-,-,-,-,-,-
1396,Eliminated,10,5,0,3,6,70.0%,50,2.42,70.0%,-,-,-,-,-,-,-,-,-,-
1397,Eliminated,10,5,6,2,2,70.0%,50,2.10,70.0%,-,-,-,-,-,-,-,-,-,-
1398,Eliminated,10,5,8,1,6,70.0%,50,3.06,70.0%,-,-,-,-,-,-,-,-,-,-
1399,Eliminated,10,10,0,2,0,70.0%,50,2.48,70.0%,-,-,-,-,-,-,-,-,-,-
1400,Eliminated,10,10,2,1,6,70.0%,50,2.76,70.0%,-,-,-,-,-,-,-,-,-,-
1401,Eliminated,10,10,2,3,10,70.0%,50,3.12,70.0%,-,-,-,-,-,-,-,-,-,-
1402,Eliminated,10,10,4,1,0,70.0%,50,2.68,70.0%,-,-,-,-,-,-,-,-,-,-
1403,Eliminated,10,10,4,1,6,70.0%,50,3.72,70.0%,-,-,-,-,-,-,-,-,-,-
1404,Eliminated,10,10,4,3,4,70.0%,50,3.08,70.0%,-,-,-,-,-,-,-,-,-,-
1405,Eliminated,10,10,6,1,6,70.0%,50,4.14,70.0%,-,-,-,-,-,-,-,-,-,-
1406,Eliminated,10,10,6,2,4,70.0%,50,3.16,70.0%,-,-,-,-,-,-,-,-,-,-
1407,Eliminated,10,10,8,3,4,70.0%,50,3.32,70.0%,-,-,-,-,-,-,-,-,-,-
1408,Eliminated,10,10,10,3,0,70.0%,50,2.76,70.0%,-,-,-,-,-,-,-,-,-,-
1409,Eliminated,10,15,0,2,6,70.0%,50,2.64,70.0%,-,-,-,-,-,-,-,-,-,-
1410,Eliminated,10,15,2,1,10,70.0%,50,3.88,70.0%,-,-,-,-,-,-,-,-,-,-
1411,Eliminated,10,15,2,2,2,70.0%,50,2.82,70.0%,-,-,-,-,-,-,-,-,-,-
1412,Eliminated,10,15,4,1,2,70.0%,50,3.46,70.0%,-,-,-,-,-,-,-,-,-,-
1413,Eliminated,10,15,4,2,2,70.0%,50,2.98,70.0%,-,-,-,-,-,-,-,-,-,-
1414,Eliminated,10,15,8,3,0,70.0%,50,3.30,70.0%,-,-,-,-,-,-,-,-,-,-
1415,Eliminated,10,15,10,2,2,70.0%,50,3.30,70.0%,-,-,-,-,-,-,-,-,-,-
1416,Eliminated,10,15,10,3,4,70.0%,50,3.18,70.0%,-,-,-,-,-,-,-,-,-,-
1417,Eliminated,10,20,2,3,2,70.0%,50,3.60,70.0%,-,-,-,-,-,-,-,-,-,-
1418,Eliminated,10,20,2,3,6,70.0%,50,3.12,70.0%,-,-,-,-,-,-,-,-,-,-
1419,Eliminated,10,20,2,3,8,70.0%,50,3.06,70.0%,-,-,-,-,-,-,-,-,-,-
1420,Eliminated,10,20,4,1,10,70.0%,50,3.60,70.0%,-,-,-,-,-,-,-,-,-,-
1421,Eliminated,10,20,4,3,0,70.0%,50,3.36,70.0%,-,-,-,-,-,-,-,-,-,-
1422,Eliminated,10,20,6,3,2,70.0%,50,3.36,70.0%,-,-,-,-,-,-,-,-,-,-
1423,Eliminated,15,0,0,2,0,70.0%,50,1.20,70.0%,-,-,-,-,-,-,-,-,-,-
1424,Eliminated,15,0,2,1,0,70.0%,50,1.26,70.0%,-,-,-,-,-,-,-,-,-,-
1425,Eliminated,15,0,8,2,0,70.0%,50,1.30,70.0%,-,-,-,-,-,-,-,-,-,-
1426,Eliminated,15,0,10,1,0,70.0%,50,2.64,70.0%,-,-,-,-,-,-,-,-,-,-
1427,Eliminated,15,5,0,1,6,70.0%,50,2.34,70.0%,-,-,-,-,-,-,-,-,-,-
1428,Eliminated,15,5,4,3,0,70.0%,50,2.42,70.0%,-,-,-,-,-,-,-,-,-,-
1429,Eliminated,15,5,8,1,6,70.0%,50,3.68,70.0%,-,-,-,-,-,-,-,-,-,-
1430,Eliminated,15,5,10,2,0,70.0%,50,2.30,70.0%,-,-,-,-,-,-,-,-,-,-
1431,Eliminated,15,10,0,2,4,70.0%,50,3.02,70.0%,-,-,-,-,-,-,-,-,-,-
1432,Eliminated,15,10,2,1,10,70.0%,50,3.26,70.0%,-,-,-,-,-,-,-,-,-,-
1433,Eliminated,15,10,6,2,2,70.0%,50,2.82,70.0%,-,-,-,-,-,-,-,-,-,-
1434,Eliminated,15,10,6,2,4,70.0%,50,3.40,70.0%,-,-,-,-,-,-,-,-,-,-
1435,Eliminated,15,10,8,2,2,70.0%,50,2.70,70.0%,-,-,-,-,-,-,-,-,-,-
1436,Eliminated,15,15,0,1,0,70.0%,50,3.54,70.0%,-,-,-,-,-,-,-,-,-,-
1437,Eliminated,15,15,2,1,8,70.0%,50,3.22,70.0%,-,-,-,-,-,-,-,-,-,-
1438,Eliminated,15,15,2,1,10,70.0%,50,3.32,70.0%,-,-,-,-,-,-,-,-,-,-
1439,Eliminated,15,15,4,1,8,70.0%,50,4.34,70.0%,-,-,-,-,-,-,-,-,-,-
1440,Eliminated,15,20,0,1,8,70.0%,50,3.18,70.0%,-,-,-,-,-,-,-,-,-,-
1441,Eliminated,15,20,0,2,6,70.0%,50,3.38,70.0%,-,-,-,-,-,-,-,-,-,-
1442,Eliminated,15,20,0,2,8,70.0%,50,3.24,70.0%,-,-,-,-,-,-,-,-,-,-
1443,Eliminated,15,20,0,2,10,70.0%,50,3.36,70.0%,-,-,-,-,-,-,-,-,-,-
1444,Eliminated,15,20,2,1,4,70.0%,50,3.52,70.0%,-,-,-,-,-,-,-,-,-,-
1445,Eliminated,15,20,2,2,6,70.0%,50,3.26,70.0%,-,-,-,-,-,-,-,-,-,-
1446,Eliminated,15,20,4,1,0,70.0%,50,3.44,70.0%,-,-,-,-,-,-,-,-,-,-
1447,Eliminated,15,20,4,1,4,70.0%,50,4.24,70.0%,-,-,-,-,-,-,-,-,-,-
1448,Eliminated,15,20,4,1,6,70.0%,50,3.74,70.0%,-,-,-,-,-,-,-,-,-,-
1449,Eliminated,20,0,0,1,2,70.0%,50,1.50,70.0%,-,-,-,-,-,-,-,-,-,-
1450,Eliminated,20,0,0,3,2,70.0%,50,1.22,70.0%,-,-,-,-,-,-,-,-,-,-
1451,Eliminated,20,0,2,1,2,70.0%,50,1.12,70.0%,-,-,-,-,-,-,-,-,-,-
1452,Eliminated,20,0,2,3,0,70.0%,50,1.14,70.0%,-,-,-,-,-,-,-,-,-,-
1453,Eliminated,20,0,8,2,0,70.0%,50,1.28,70.0%,-,-,-,-,-,-,-,-,-,-
1454,Eliminated,20,0,8,3,0,70.0%,50,1.42,70.0%,-,-,-,-,-,-,-,-,-,-
1455,Eliminated,20,5,0,1,6,70.0%,50,2.44,70.0%,-,-,-,-,-,-,-,-,-,-
1456,Eliminated,20,5,2,1,8,70.0%,50,2.70,70.0%,-,-,-,-,-,-,-,-,-,-
1457,Eliminated,20,5,8,1,2,70.0%,50,2.68,70.0%,-,-,-,-,-,-,-,-,-,-
1458,Eliminated,20,10,0,2,6,70.0%,50,2.90,70.0%,-,-,-,-,-,-,-,-,-,-
1459,Eliminated,20,10,0,3,8,70.0%,50,3.00,70.0%,-,-,-,-,-,-,-,-,-,-
1460,Eliminated,20,10,2,2,4,70.0%,50,3.18,70.0%,-,-,-,-,-,-,-,-,-,-
1461,Eliminated,20,10,4,1,8,70.0%,50,3.54,70.0%,-,-,-,-,-,-,-,-,-,-
1462,Eliminated,20,10,8,2,2,70.0%,50,2.76,70.0%,-,-,-,-,-,-,-,-,-,-
1463,Eliminated,20,10,10,2,2,70.0%,50,2.58,70.0%,-,-,-,-,-,-,-,-,-,-
1464,Eliminated,20,15,0,1,8,70.0%,50,3.06,70.0%,-,-,-,-,-,-,-,-,-,-
1465,Eliminated,20,15,2,1,10,70.0%,50,3.30,70.0%,-,-,-,-,-,-,-,-,-,-
1466,Eliminated,20,15,2,2,2,70.0%,50,2.80,70.0%,-,-,-,-,-,-,-,-,-,-
1467,Eliminated,20,15,2,3,6,70.0%,50,3.34,70.0%,-,-,-,-,-,-,-,-,-,-
1468,Eliminated,20,15,4,1,2,70.0%,50,3.82,70.0%,-,-,-,-,-,-,-,-,-,-
1469,Eliminated,20,15,6,1,2,70.0%,50,3.70,70.0%,-,-,-,-,-,-,-,-,-,-
1470,Eliminated,20,15,8,3,2,70.0%,50,2.94,70.0%,-,-,-,-,-,-,-,-,-,-
1471,Eliminated,20,20,0,3,10,70.0%,50,2.98,70.0%,-,-,-,-,-,-,-,-,-,-
1472,Eliminated,20,20,2,1,8,70.0%,50,3.22,70.0%,-,-,-,-,-,-,-,-,-,-
1473,Eliminated,20,20,2,3,2,70.0%,50,3.16,70.0%,-,-,-,-,-,-,-,-,-,-
1474,Eliminated,20,20,8,3,2,70.0%,50,3.62,70.0%,-,-,-,-,-,-,-,-,-,-
1475,Eliminated,0,0,0,1,2,68.0%,50,1.58,68.0%,-,-,-,-,-,-,-,-,-,-
1476,Eliminated,0,0,0,2,4,68.0%,50,0.74,68.0%,-,-,-,-,-,-,-,-,-,-
1477,Eliminated,0,0,0,2,8,68.0%,50,0.92,68.0%,-,-,-,-,-,-,-,-,-,-
1478,Eliminated,0,0,2,1,6,68.0%,50,1.22,68.0%,-,-,-,-,-,-,-,-,-,-
1479,Eliminated,0,0,2,1,8,68.0%,50,1.46,68.0%,-,-,-,-,-,-,-,-,-,-
1480,Eliminated,0,0,4,1,2,68.0%,50,1.14,68.0%,-,-,-,-,-,-,-,-,-,-
1481,Eliminated,0,0,8,2,2,68.0%,50,0.88,68.0%,-,-,-,-,-,-,-,-,-,-
1482,Eliminated,0,0,10,2,0,68.0%,50,1.90,68.0%,-,-,-,-,-,-,-,-,-,-
1483,Eliminated,0,5,0,3,2,68.0%,50,1.68,68.0%,-,-,-,-,-,-,-,-,-,-
1484,Eliminated,0,5,0,3,4,68.0%,50,1.66,68.0%,-,-,-,-,-,-,-,-,-,-
1485,Eliminated,0,5,2,1,6,68.0%,50,2.90,68.0%,-,-,-,-,-,-,-,-,-,-
1486,Eliminated,0,5,2,3,4,68.0%,50,1.58,68.0%,-,-,-,-,-,-,-,-,-,-
1487,Eliminated,0,5,2,3,6,68.0%,50,1.70,68.0%,-,-,-,-,-,-,-,-,-,-
1488,Eliminated,0,5,4,1,6,68.0%,50,2.48,68.0%,-,-,-,-,-,-,-,-,-,-
1489,Eliminated,0,5,6,1,4,68.0%,50,2.74,68.0%,-,-,-,-,-,-,-,-,-,-
1490,Eliminated,0,5,8,3,2,68.0%,50,1.64,68.0%,-,-,-,-,-,-,-,-,-,-
1491,Eliminated,0,5,10,3,2,68.0%,50,1.50,68.0%,-,-,-,-,-,-,-,-,-,-
1492,Eliminated,0,10,0,2,6,68.0%,50,2.62,68.0%,-,-,-,-,-,-,-,-,-,-
1493,Eliminated,0,10,0,2,10,68.0%,50,2.42,68.0%,-,-,-,-,-,-,-,-,-,-
1494,Eliminated,0,10,2,3,4,68.0%,50,2.46,68.0%,-,-,-,-,-,-,-,-,-,-
1495,Eliminated,0,10,4,3,6,68.0%,50,2.58,68.0%,-,-,-,-,-,-,-,-,-,-
1496,Eliminated,0,15,4,2,10,68.0%,50,3.40,68.0%,-,-,-,-,-,-,-,-,-,-
1497,Eliminated,0,15,4,3,6,68.0%,50,2.88,68.0%,-,-,-,-,-,-,-,-,-,-
1498,Eliminated,0,20,0,3,4,68.0%,50,3.14,68.0%,-,-,-,-,-,-,-,-,-,-
1499,Eliminated,0,20,10,3,2,68.0%,50,2.92,68.0%,-,-,-,-,-,-,-,-,-,-
1500,Eliminated,5,0,0,3,2,68.0%,50,1.12,68.0%,-,-,-,-,-,-,-,-,-,-
1501,Eliminated,5,0,2,2,0,68.0%,50,1.06,68.0%,-,-,-,-,-,-,-,-,-,-
1502,Eliminated,5,0,2,3,0,68.0%,50,1.20,68.0%,-,-,-,-,-,-,-,-,-,-
1503,Eliminated,5,0,4,3,0,68.0%,50,1.06,68.0%,-,-,-,-,-,-,-,-,-,-
1504,Eliminated,5,0,10,1,4,68.0%,50,2.92,68.0%,-,-,-,-,-,-,-,-,-,-
1505,Eliminated,5,5,0,1,10,68.0%,50,2.52,68.0%,-,-,-,-,-,-,-,-,-,-
1506,Eliminated,5,5,0,2,4,68.0%,50,1.92,68.0%,-,-,-,-,-,-,-,-,-,-
1507,Eliminated,5,5,0,3,2,68.0%,50,1.98,68.0%,-,-,-,-,-,-,-,-,-,-
1508,Eliminated,5,5,0,3,6,68.0%,50,2.44,68.0%,-,-,-,-,-,-,-,-,-,-
1509,Eliminated,5,5,2,2,4,68.0%,50,2.34,68.0%,-,-,-,-,-,-,-,-,-,-
1510,Eliminated,5,5,2,2,10,68.0%,50,2.78,68.0%,-,-,-,-,-,-,-,-,-,-
1511,Eliminated,5,5,2,3,6,68.0%,50,2.24,68.0%,-,-,-,-,-,-,-,-,-,-
1512,Eliminated,5,5,4,2,2,68.0%,50,1.96,68.0%,-,-,-,-,-,-,-,-,-,-
1513,Eliminated,5,5,6,1,6,68.0%,50,3.26,68.0%,-,-,-,-,-,-,-,-,-,-
1514,Eliminated,5,5,8,1,0,68.0%,50,2.48,68.0%,-,-,-,-,-,-,-,-,-,-
1515,Eliminated,5,10,0,2,4,68.0%,50,2.30,68.0%,-,-,-,-,-,-,-,-,-,-
1516,Eliminated,5,10,0,2,8,68.0%,50,2.88,68.0%,-,-,-,-,-,-,-,-,-,-
1517,Eliminated,5,10,2,2,8,68.0%,50,2.90,68.0%,-,-,-,-,-,-,-,-,-,-
1518,Eliminated,5,10,4,2,0,68.0%,50,2.22,68.0%,-,-,-,-,-,-,-,-,-,-
1519,Eliminated,5,10,4,2,2,68.0%,50,2.68,68.0%,-,-,-,-,-,-,-,-,-,-
1520,Eliminated,5,10,6,2,2,68.0%,50,2.80,68.0%,-,-,-,-,-,-,-,-,-,-
1521,Eliminated,5,10,8,2,4,68.0%,50,3.34,68.0%,-,-,-,-,-,-,-,-,-,-
1522,Eliminated,5,10,8,2,10,68.0%,50,3.68,68.0%,-,-,-,-,-,-,-,-,-,-
1523,Eliminated,5,15,0,3,0,68.0%,50,2.92,68.0%,-,-,-,-,-,-,-,-,-,-
1524,Eliminated,5,15,0,3,6,68.0%,50,3.02,68.0%,-,-,-,-,-,-,-,-,-,-
1525,Eliminated,5,15,0,3,10,68.0%,50,2.98,68.0%,-,-,-,-,-,-,-,-,-,-
1526,Eliminated,5,15,2,2,10,68.0%,50,3.28,68.0%,-,-,-,-,-,-,-,-,-,-
1527,Eliminated,5,15,2,3,2,68.0%,50,3.24,68.0%,-,-,-,-,-,-,-,-,-,-
1528,Eliminated,5,15,2,3,6,68.0%,50,3.64,68.0%,-,-,-,-,-,-,-,-,-,-
1529,Eliminated,5,15,6,2,0,68.0%,50,2.94,68.0%,-,-,-,-,-,-,-,-,-,-
1530,Eliminated,5,15,6,2,4,68.0%,50,3.92,68.0%,-,-,-,-,-,-,-,-,-,-
1531,Eliminated,5,15,8,2,2,68.0%,50,3.20,68.0%,-,-,-,-,-,-,-,-,-,-
1532,Eliminated,5,15,8,2,10,68.0%,50,3.94,68.0%,-,-,-,-,-,-,-,-,-,-
1533,Eliminated,5,20,0,2,2,68.0%,50,2.72,68.0%,-,-,-,-,-,-,-,-,-,-
1534,Eliminated,5,20,2,2,4,68.0%,50,3.32,68.0%,-,-,-,-,-,-,-,-,-,-
1535,Eliminated,5,20,2,2,8,68.0%,50,2.90,68.0%,-,-,-,-,-,-,-,-,-,-
1536,Eliminated,5,20,2,2,10,68.0%,50,3.66,68.0%,-,-,-,-,-,-,-,-,-,-
1537,Eliminated,5,20,2,3,0,68.0%,50,3.12,68.0%,-,-,-,-,-,-,-,-,-,-
1538,Eliminated,5,20,4,2,4,68.0%,50,3.66,68.0%,-,-,-,-,-,-,-,-,-,-
1539,Eliminated,5,20,4,3,2,68.0%,50,3.74,68.0%,-,-,-,-,-,-,-,-,-,-
1540,Eliminated,5,20,6,2,2,68.0%,50,3.00,68.0%,-,-,-,-,-,-,-,-,-,-
1541,Eliminated,5,20,6,2,6,68.0%,50,4.26,68.0%,-,-,-,-,-,-,-,-,-,-
1542,Eliminated,5,20,8,2,2,68.0%,50,3.26,68.0%,-,-,-,-,-,-,-,-,-,-
1543,Eliminated,5,20,8,2,6,68.0%,50,4.52,68.0%,-,-,-,-,-,-,-,-,-,-
1544,Eliminated,5,20,10,2,4,68.0%,50,3.82,68.0%,-,-,-,-,-,-,-,-,-,-
1545,Eliminated,10,0,10,1,4,68.0%,50,3.12,68.0%,-,-,-,-,-,-,-,-,-,-
1546,Eliminated,10,0,10,3,0,68.0%,50,1.06,68.0%,-,-,-,-,-,-,-,-,-,-
1547,Eliminated,10,5,0,2,10,68.0%,50,2.60,68.0%,-,-,-,-,-,-,-,-,-,-
1548,Eliminated,10,5,0,3,10,68.0%,50,2.66,68.0%,-,-,-,-,-,-,-,-,-,-
1549,Eliminated,10,5,2,3,0,68.0%,50,2.14,68.0%,-,-,-,-,-,-,-,-,-,-
1550,Eliminated,10,5,10,3,0,68.0%,50,1.98,68.0%,-,-,-,-,-,-,-,-,-,-
1551,Eliminated,10,10,0,1,8,68.0%,50,3.16,68.0%,-,-,-,-,-,-,-,-,-,-
1552,Eliminated,10,10,0,2,2,68.0%,50,2.72,68.0%,-,-,-,-,-,-,-,-,-,-
1553,Eliminated,10,10,0,3,8,68.0%,50,3.14,68.0%,-,-,-,-,-,-,-,-,-,-
1554,Eliminated,10,10,2,2,0,68.0%,50,2.66,68.0%,-,-,-,-,-,-,-,-,-,-
1555,Eliminated,10,10,4,1,4,68.0%,50,3.82,68.0%,-,-,-,-,-,-,-,-,-,-
1556,Eliminated,10,10,4,2,2,68.0%,50,2.96,68.0%,-,-,-,-,-,-,-,-,-,-
1557,Eliminated,10,10,4,3,2,68.0%,50,3.10,68.0%,-,-,-,-,-,-,-,-,-,-
1558,Eliminated,10,10,6,3,0,68.0%,50,2.72,68.0%,-,-,-,-,-,-,-,-,-,-
1559,Eliminated,10,10,8,1,4,68.0%,50,4.34,68.0%,-,-,-,-,-,-,-,-,-,-
1560,Eliminated,10,15,2,2,10,68.0%,50,3.16,68.0%,-,-,-,-,-,-,-,-,-,-
1561,Eliminated,10,15,2,3,0,68.0%,50,3.04,68.0%,-,-,-,-,-,-,-,-,-,-
1562,Eliminated,10,15,4,1,6,68.0%,50,4.40,68.0%,-,-,-,-,-,-,-,-,-,-
1563,Eliminated,10,15,6,1,4,68.0%,50,4.36,68.0%,-,-,-,-,-,-,-,-,-,-
1564,Eliminated,10,15,8,1,6,68.0%,50,4.92,68.0%,-,-,-,-,-,-,-,-,-,-
1565,Eliminated,10,20,0,3,4,68.0%,50,3.28,68.0%,-,-,-,-,-,-,-,-,-,-
1566,Eliminated,10,20,2,1,4,68.0%,50,3.22,68.0%,-,-,-,-,-,-,-,-,-,-
1567,Eliminated,10,20,2,3,4,68.0%,50,3.42,68.0%,-,-,-,-,-,-,-,-,-,-
1568,Eliminated,10,20,4,2,4,68.0%,50,3.12,68.0%,-,-,-,-,-,-,-,-,-,-
1569,Eliminated,10,20,6,1,8,68.0%,50,4.54,68.0%,-,-,-,-,-,-,-,-,-,-
1570,Eliminated,10,20,8,2,2,68.0%,50,3.68,68.0%,-,-,-,-,-,-,-,-,-,-
1571,Eliminated,10,20,10,3,0,68.0%,50,3.02,68.0%,-,-,-,-,-,-,-,-,-,-
1572,Eliminated,10,20,10,3,2,68.0%,50,3.28,68.0%,-,-,-,-,-,-,-,-,-,-
1573,Eliminated,15,0,4,3,0,68.0%,50,1.04,68.0%,-,-,-,-,-,-,-,-,-,-
1574,Eliminated,15,5,0,1,0,68.0%,50,2.10,68.0%,-,-,-,-,-,-,-,-,-,-
1575,Eliminated,15,5,0,2,2,68.0%,50,2.24,68.0%,-,-,-,-,-,-,-,-,-,-
1576,Eliminated,15,5,2,3,6,68.0%,50,2.80,68.0%,-,-,-,-,-,-,-,-,-,-
1577,Eliminated,15,5,6,3,0,68.0%,50,1.76,68.0%,-,-,-,-,-,-,-,-,-,-
1578,Eliminated,15,5,8,1,10,68.0%,50,4.12,68.0%,-,-,-,-,-,-,-,-,-,-
1579,Eliminated,15,10,0,1,6,68.0%,50,3.02,68.0%,-,-,-,-,-,-,-,-,-,-
1580,Eliminated,15,10,0,2,6,68.0%,50,2.96,68.0%,-,-,-,-,-,-,-,-,-,-
1581,Eliminated,15,10,0,3,8,68.0%,50,2.98,68.0%,-,-,-,-,-,-,-,-,-,-
1582,Eliminated,15,10,2,2,0,68.0%,50,2.62,68.0%,-,-,-,-,-,-,-,-,-,-
1583,Eliminated,15,10,2,2,2,68.0%,50,2.82,68.0%,-,-,-,-,-,-,-,-,-,-
1584,Eliminated,15,10,4,3,0,68.0%,50,3.06,68.0%,-,-,-,-,-,-,-,-,-,-
1585,Eliminated,15,10,6,2,0,68.0%,50,2.72,68.0%,-,-,-,-,-,-,-,-,-,-
1586,Eliminated,15,10,8,2,6,68.0%,50,2.92,68.0%,-,-,-,-,-,-,-,-,-,-
1587,Eliminated,15,10,10,2,4,68.0%,50,3.02,68.0%,-,-,-,-,-,-,-,-,-,-
1588,Eliminated,15,10,10,3,0,68.0%,50,2.88,68.0%,-,-,-,-,-,-,-,-,-,-
1589,Eliminated,15,15,2,2,4,68.0%,50,3.48,68.0%,-,-,-,-,-,-,-,-,-,-
1590,Eliminated,15,15,2,3,4,68.0%,50,3.62,68.0%,-,-,-,-,-,-,-,-,-,-
1591,Eliminated,15,15,2,3,6,68.0%,50,3.08,68.0%,-,-,-,-,-,-,-,-,-,-
1592,Eliminated,15,15,10,2,4,68.0%,50,3.04,68.0%,-,-,-,-,-,-,-,-,-,-
1593,Eliminated,15,20,0,1,10,68.0%,50,3.00,68.0%,-,-,-,-,-,-,-,-,-,-
1594,Eliminated,15,20,0,3,6,68.0%,50,3.58,68.0%,-,-,-,-,-,-,-,-,-,-
1595,Eliminated,15,20,2,1,6,68.0%,50,3.18,68.0%,-,-,-,-,-,-,-,-,-,-
1596,Eliminated,15,20,2,1,8,68.0%,50,4.14,68.0%,-,-,-,-,-,-,-,-,-,-
1597,Eliminated,15,20,6,1,10,68.0%,50,4.42,68.0%,-,-,-,-,-,-,-,-,-,-
1598,Eliminated,15,20,6,3,0,68.0%,50,3.16,68.0%,-,-,-,-,-,-,-,-,-,-
1599,Eliminated,20,0,0,1,0,68.0%,50,1.20,68.0%,-,-,-,-,-,-,-,-,-,-
1600,Eliminated,20,0,0,2,0,68.0%,50,0.98,68.0%,-,-,-,-,-,-,-,-,-,-
1601,Eliminated,20,0,0,2,4,68.0%,50,1.30,68.0%,-,-,-,-,-,-,-,-,-,-
1602,Eliminated,20,5,2,3,2,68.0%,50,2.06,68.0%,-,-,-,-,-,-,-,-,-,-
1603,Eliminated,20,5,6,1,0,68.0%,50,2.16,68.0%,-,-,-,-,-,-,-,-,-,-
1604,Eliminated,20,5,8,1,6,68.0%,50,3.98,68.0%,-,-,-,-,-,-,-,-,-,-
1605,Eliminated,20,5,8,2,2,68.0%,50,1.98,68.0%,-,-,-,-,-,-,-,-,-,-
1606,Eliminated,20,10,0,3,2,68.0%,50,2.68,68.0%,-,-,-,-,-,-,-,-,-,-
1607,Eliminated,20,10,0,3,4,68.0%,50,2.72,68.0%,-,-,-,-,-,-,-,-,-,-
1608,Eliminated,20,10,0,3,10,68.0%,50,2.96,68.0%,-,-,-,-,-,-,-,-,-,-
1609,Eliminated,20,10,2,1,2,68.0%,50,2.80,68.0%,-,-,-,-,-,-,-,-,-,-
1610,Eliminated,20,10,2,2,8,68.0%,50,3.04,68.0%,-,-,-,-,-,-,-,-,-,-
1611,Eliminated,20,10,2,3,2,68.0%,50,2.96,68.0%,-,-,-,-,-,-,-,-,-,-
1612,Eliminated,20,10,2,3,8,68.0%,50,3.12,68.0%,-,-,-,-,-,-,-,-,-,-
1613,Eliminated,20,10,4,1,10,68.0%,50,3.66,68.0%,-,-,-,-,-,-,-,-,-,-
1614,Eliminated,20,15,0,1,10,68.0%,50,3.18,68.0%,-,-,-,-,-,-,-,-,-,-
1615,Eliminated,20,15,0,2,4,68.0%,50,3.34,68.0%,-,-,-,-,-,-,-,-,-,-
1616,Eliminated,20,15,4,1,4,68.0%,50,4.58,68.0%,-,-,-,-,-,-,-,-,-,-
1617,Eliminated,20,15,4,1,8,68.0%,50,4.68,68.0%,-,-,-,-,-,-,-,-,-,-
1618,Eliminated,20,15,10,3,2,68.0%,50,3.64,68.0%,-,-,-,-,-,-,-,-,-,-
1619,Eliminated,20,20,0,1,10,68.0%,50,2.86,68.0%,-,-,-,-,-,-,-,-,-,-
1620,Eliminated,20,20,0,2,8,68.0%,50,3.24,68.0%,-,-,-,-,-,-,-,-,-,-
1621,Eliminated,20,20,2,2,6,68.0%,50,3.74,68.0%,-,-,-,-,-,-,-,-,-,-
1622,Eliminated,20,20,2,2,10,68.0%,50,3.16,68.0%,-,-,-,-,-,-,-,-,-,-
1623,Eliminated,20,20,2,3,4,68.0%,50,2.88,68.0%,-,-,-,-,-,-,-,-,-,-
1624,Eliminated,20,20,4,1,6,68.0%,50,4.04,68.0%,-,-,-,-,-,-,-,-,-,-
1625,Eliminated,20,20,6,1,6,68.0%,50,4.60,68.0%,-,-,-,-,-,-,-,-,-,-
1626,Eliminated,20,20,8,2,2,68.0%,50,3.76,68.0%,-,-,-,-,-,-,-,-,-,-
1627,Eliminated,0,0,2,1,4,66.0%,50,1.38,66.0%,-,-,-,-,-,-,-,-,-,-
1628,Eliminated,0,0,4,1,8,66.0%,50,1.72,66.0%,-,-,-,-,-,-,-,-,-,-
1629,Eliminated,0,0,8,1,2,66.0%,50,1.42,66.0%,-,-,-,-,-,-,-,-,-,-
1630,Eliminated,0,0,10,3,0,66.0%,50,0.88,66.0%,-,-,-,-,-,-,-,-,-,-
1631,Eliminated,0,5,0,2,0,66.0%,50,1.48,66.0%,-,-,-,-,-,-,-,-,-,-
1632,Eliminated,0,5,0,3,8,66.0%,50,1.74,66.0%,-,-,-,-,-,-,-,-,-,-
1633,Eliminated,0,5,10,3,0,66.0%,50,1.42,66.0%,-,-,-,-,-,-,-,-,-,-
1634,Eliminated,0,10,0,2,4,66.0%,50,2.24,66.0%,-,-,-,-,-,-,-,-,-,-
1635,Eliminated,0,10,4,2,8,66.0%,50,3.26,66.0%,-,-,-,-,-,-,-,-,-,-
1636,Eliminated,0,10,4,3,8,66.0%,50,2.78,66.0%,-,-,-,-,-,-,-,-,-,-
1637,Eliminated,0,10,4,3,10,66.0%,50,2.60,66.0%,-,-,-,-,-,-,-,-,-,-
1638,Eliminated,0,10,6,1,4,66.0%,50,3.36,66.0%,-,-,-,-,-,-,-,-,-,-
1639,Eliminated,0,10,6,2,10,66.0%,50,3.56,66.0%,-,-,-,-,-,-,-,-,-,-
1640,Eliminated,0,15,0,2,10,66.0%,50,2.74,66.0%,-,-,-,-,-,-,-,-,-,-
1641,Eliminated,0,15,4,2,2,66.0%,50,3.08,66.0%,-,-,-,-,-,-,-,-,-,-
1642,Eliminated,0,15,4,3,2,66.0%,50,2.78,66.0%,-,-,-,-,-,-,-,-,-,-
1643,Eliminated,0,15,10,3,2,66.0%,50,2.68,66.0%,-,-,-,-,-,-,-,-,-,-
1644,Eliminated,0,20,2,2,0,66.0%,50,2.86,66.0%,-,-,-,-,-,-,-,-,-,-
1645,Eliminated,0,20,2,3,4,66.0%,50,3.22,66.0%,-,-,-,-,-,-,-,-,-,-
1646,Eliminated,0,20,2,3,6,66.0%,50,2.86,66.0%,-,-,-,-,-,-,-,-,-,-
1647,Eliminated,0,20,4,2,0,66.0%,50,2.56,66.0%,-,-,-,-,-,-,-,-,-,-
1648,Eliminated,0,20,6,3,2,66.0%,50,3.00,66.0%,-,-,-,-,-,-,-,-,-,-
1649,Eliminated,0,20,10,3,4,66.0%,50,2.98,66.0%,-,-,-,-,-,-,-,-,-,-
1650,Eliminated,5,0,0,1,4,66.0%,50,1.12,66.0%,-,-,-,-,-,-,-,-,-,-
1651,Eliminated,5,0,0,2,0,66.0%,50,0.92,66.0%,-,-,-,-,-,-,-,-,-,-
1652,Eliminated,5,0,0,2,2,66.0%,50,1.12,66.0%,-,-,-,-,-,-,-,-,-,-
1653,Eliminated,5,0,0,3,4,66.0%,50,1.10,66.0%,-,-,-,-,-,-,-,-,-,-
1654,Eliminated,5,0,10,1,2,66.0%,50,2.76,66.0%,-,-,-,-,-,-,-,-,-,-
1655,Eliminated,5,5,0,3,0,66.0%,50,2.36,66.0%,-,-,-,-,-,-,-,-,-,-
1656,Eliminated,5,5,2,1,4,66.0%,50,2.70,66.0%,-,-,-,-,-,-,-,-,-,-
1657,Eliminated,5,5,6,1,8,66.0%,50,3.56,66.0%,-,-,-,-,-,-,-,-,-,-
1658,Eliminated,5,5,6,2,2,66.0%,50,2.02,66.0%,-,-,-,-,-,-,-,-,-,-
1659,Eliminated,5,5,10,2,2,66.0%,50,1.90,66.0%,-,-,-,-,-,-,-,-,-,-
1660,Eliminated,5,10,0,2,2,66.0%,50,2.86,66.0%,-,-,-,-,-,-,-,-,-,-
1661,Eliminated,5,10,2,2,4,66.0%,50,2.94,66.0%,-,-,-,-,-,-,-,-,-,-
1662,Eliminated,5,10,2,2,6,66.0%,50,2.82,66.0%,-,-,-,-,-,-,-,-,-,-
1663,Eliminated,5,10,4,1,4,66.0%,50,3.18,66.0%,-,-,-,-,-,-,-,-,-,-
1664,Eliminated,5,10,6,2,0,66.0%,50,2.42,66.0%,-,-,-,-,-,-,-,-,-,-
1665,Eliminated,5,10,10,2,8,66.0%,50,3.52,66.0%,-,-,-,-,-,-,-,-,-,-
1666,Eliminated,5,10,10,2,10,66.0%,50,3.98,66.0%,-,-,-,-,-,-,-,-,-,-
1667,Eliminated,5,15,0,2,8,66.0%,50,3.12,66.0%,-,-,-,-,-,-,-,-,-,-
1668,Eliminated,5,15,2,2,4,66.0%,50,2.74,66.0%,-,-,-,-,-,-,-,-,-,-
1669,Eliminated,5,15,2,2,8,66.0%,50,3.10,66.0%,-,-,-,-,-,-,-,-,-,-
1670,Eliminated,5,15,6,3,0,66.0%,50,2.66,66.0%,-,-,-,-,-,-,-,-,-,-
1671,Eliminated,5,15,6,3,4,66.0%,50,3.18,66.0%,-,-,-,-,-,-,-,-,-,-
1672,Eliminated,5,20,6,2,0,66.0%,50,2.84,66.0%,-,-,-,-,-,-,-,-,-,-
1673,Eliminated,5,20,8,2,8,66.0%,50,4.16,66.0%,-,-,-,-,-,-,-,-,-,-
1674,Eliminated,5,20,8,3,4,66.0%,50,3.38,66.0%,-,-,-,-,-,-,-,-,-,-
1675,Eliminated,10,0,2,3,0,66.0%,50,1.20,66.0%,-,-,-,-,-,-,-,-,-,-
1676,Eliminated,10,0,8,3,0,66.0%,50,1.30,66.0%,-,-,-,-,-,-,-,-,-,-
1677,Eliminated,10,0,10,1,0,66.0%,50,2.46,66.0%,-,-,-,-,-,-,-,-,-,-
1678,Eliminated,10,0,10,1,10,66.0%,50,3.02,66.0%,-,-,-,-,-,-,-,-,-,-
1679,Eliminated,10,5,2,1,2,66.0%,50,2.02,66.0%,-,-,-,-,-,-,-,-,-,-
1680,Eliminated,10,5,8,1,10,66.0%,50,4.28,66.0%,-,-,-,-,-,-,-,-,-,-
1681,Eliminated,10,5,10,2,0,66.0%,50,2.08,66.0%,-,-,-,-,-,-,-,-,-,-
1682,Eliminated,10,10,0,3,6,66.0%,50,2.78,66.0%,-,-,-,-,-,-,-,-,-,-
1683,Eliminated,10,10,2,2,2,66.0%,50,2.88,66.0%,-,-,-,-,-,-,-,-,-,-
1684,Eliminated,10,10,2,3,4,66.0%,50,3.04,66.0%,-,-,-,-,-,-,-,-,-,-
1685,Eliminated,10,10,4,3,0,66.0%,50,2.80,66.0%,-,-,-,-,-,-,-,-,-,-
1686,Eliminated,10,10,6,1,4,66.0%,50,3.86,66.0%,-,-,-,-,-,-,-,-,-,-
1687,Eliminated,10,10,6,1,10,66.0%,50,4.46,66.0%,-,-,-,-,-,-,-,-,-,-
1688,Eliminated,10,10,8,1,0,66.0%,50,2.86,66.0%,-,-,-,-,-,-,-,-,-,-
1689,Eliminated,10,10,8,2,0,66.0%,50,2.58,66.0%,-,-,-,-,-,-,-,-,-,-
1690,Eliminated,10,10,8,2,2,66.0%,50,2.92,66.0%,-,-,-,-,-,-,-,-,-,-
1691,Eliminated,10,15,0,2,10,66.0%,50,3.20,66.0%,-,-,-,-,-,-,-,-,-,-
1692,Eliminated,10,15,0,3,4,66.0%,50,2.72,66.0%,-,-,-,-,-,-,-,-,-,-
1693,Eliminated,10,15,2,2,4,66.0%,50,3.06,66.0%,-,-,-,-,-,-,-,-,-,-
1694,Eliminated,10,15,4,1,0,66.0%,50,3.40,66.0%,-,-,-,-,-,-,-,-,-,-
1695,Eliminated,10,15,6,3,2,66.0%,50,3.16,66.0%,-,-,-,-,-,-,-,-,-,-
1696,Eliminated,10,20,0,2,2,66.0%,50,3.26,66.0%,-,-,-,-,-,-,-,-,-,-
1697,Eliminated,10,20,0,3,8,66.0%,50,3.30,66.0%,-,-,-,-,-,-,-,-,-,-
1698,Eliminated,10,20,2,1,2,66.0%,50,3.82,66.0%,-,-,-,-,-,-,-,-,-,-
1699,Eliminated,10,20,6,1,10,66.0%,50,4.58,66.0%,-,-,-,-,-,-,-,-,-,-
1700,Eliminated,10,20,8,3,2,66.0%,50,3.62,66.0%,-,-,-,-,-,-,-,-,-,-
1701,Eliminated,10,20,10,2,8,66.0%,50,4.36,66.0%,-,-,-,-,-,-,-,-,-,-
1702,Eliminated,15,0,0,1,2,66.0%,50,1.34,66.0%,-,-,-,-,-,-,-,-,-,-
1703,Eliminated,15,0,4,1,0,66.0%,50,1.26,66.0%,-,-,-,-,-,-,-,-,-,-
1704,Eliminated,15,0,8,3,0,66.0%,50,1.18,66.0%,-,-,-,-,-,-,-,-,-,-
1705,Eliminated,15,5,2,3,0,66.0%,50,1.90,66.0%,-,-,-,-,-,-,-,-,-,-
1706,Eliminated,15,5,4,2,0,66.0%,50,2.08,66.0%,-,-,-,-,-,-,-,-,-,-
1707,Eliminated,15,10,0,2,2,66.0%,50,2.72,66.0%,-,-,-,-,-,-,-,-,-,-
1708,Eliminated,15,10,0,2,8,66.0%,50,3.04,66.0%,-,-,-,-,-,-,-,-,-,-
1709,Eliminated,15,10,2,1,0,66.0%,50,2.92,66.0%,-,-,-,-,-,-,-,-,-,-
1710,Eliminated,15,10,2,1,8,66.0%,50,3.48,66.0%,-,-,-,-,-,-,-,-,-,-
1711,Eliminated,15,10,4,2,0,66.0%,50,2.92,66.0%,-,-,-,-,-,-,-,-,-,-
1712,Eliminated,15,10,6,1,2,66.0%,50,3.72,66.0%,-,-,-,-,-,-,-,-,-,-
1713,Eliminated,15,10,6,3,0,66.0%,50,2.68,66.0%,-,-,-,-,-,-,-,-,-,-
1714,Eliminated,15,10,6,3,2,66.0%,50,2.76,66.0%,-,-,-,-,-,-,-,-,-,-
1715,Eliminated,15,10,8,1,0,66.0%,50,2.76,66.0%,-,-,-,-,-,-,-,-,-,-
1716,Eliminated,15,10,8,2,0,66.0%,50,2.50,66.0%,-,-,-,-,-,-,-,-,-,-
1717,Eliminated,15,10,8,3,0,66.0%,50,2.74,66.0%,-,-,-,-,-,-,-,-,-,-
1718,Eliminated,15,10,10,1,2,66.0%,50,4.50,66.0%,-,-,-,-,-,-,-,-,-,-
1719,Eliminated,15,15,0,1,4,66.0%,50,3.24,66.0%,-,-,-,-,-,-,-,-,-,-
1720,Eliminated,15,15,0,2,4,66.0%,50,3.50,66.0%,-,-,-,-,-,-,-,-,-,-
1721,Eliminated,15,15,0,2,10,66.0%,50,3.14,66.0%,-,-,-,-,-,-,-,-,-,-
1722,Eliminated,15,15,0,3,4,66.0%,50,2.96,66.0%,-,-,-,-,-,-,-,-,-,-
1723,Eliminated,15,15,4,1,2,66.0%,50,3.98,66.0%,-,-,-,-,-,-,-,-,-,-
1724,Eliminated,15,15,6,1,4,66.0%,50,4.10,66.0%,-,-,-,-,-,-,-,-,-,-
1725,Eliminated,15,15,10,2,2,66.0%,50,3.14,66.0%,-,-,-,-,-,-,-,-,-,-
1726,Eliminated,15,20,2,2,2,66.0%,50,3.80,66.0%,-,-,-,-,-,-,-,-,-,-
1727,Eliminated,15,20,2,3,2,66.0%,50,3.70,66.0%,-,-,-,-,-,-,-,-,-,-
1728,Eliminated,20,0,0,2,2,66.0%,50,1.14,66.0%,-,-,-,-,-,-,-,-,-,-
1729,Eliminated,20,0,2,2,0,66.0%,50,1.10,66.0%,-,-,-,-,-,-,-,-,-,-
1730,Eliminated,20,0,4,3,0,66.0%,50,1.14,66.0%,-,-,-,-,-,-,-,-,-,-
1731,Eliminated,20,0,8,1,0,66.0%,50,1.32,66.0%,-,-,-,-,-,-,-,-,-,-
1732,Eliminated,20,0,10,1,10,66.0%,50,2.64,66.0%,-,-,-,-,-,-,-,-,-,-
1733,Eliminated,20,0,10,2,0,66.0%,50,1.02,66.0%,-,-,-,-,-,-,-,-,-,-
1734,Eliminated,20,5,0,1,8,66.0%,50,3.02,66.0%,-,-,-,-,-,-,-,-,-,-
1735,Eliminated,20,5,0,2,6,66.0%,50,2.30,66.0%,-,-,-,-,-,-,-,-,-,-
1736,Eliminated,20,5,6,2,2,66.0%,50,2.32,66.0%,-,-,-,-,-,-,-,-,-,-
1737,Eliminated,20,10,0,1,0,66.0%,50,2.82,66.0%,-,-,-,-,-,-,-,-,-,-
1738,Eliminated,20,10,0,1,8,66.0%,50,2.92,66.0%,-,-,-,-,-,-,-,-,-,-
1739,Eliminated,20,10,0,2,10,66.0%,50,2.90,66.0%,-,-,-,-,-,-,-,-,-,-
1740,Eliminated,20,10,2,2,0,66.0%,50,2.72,66.0%,-,-,-,-,-,-,-,-,-,-
1741,Eliminated,20,10,2,2,2,66.0%,50,3.30,66.0%,-,-,-,-,-,-,-,-,-,-
1742,Eliminated,20,10,4,1,0,66.0%,50,2.80,66.0%,-,-,-,-,-,-,-,-,-,-
1743,Eliminated,20,10,8,3,2,66.0%,50,2.88,66.0%,-,-,-,-,-,-,-,-,-,-
1744,Eliminated,20,15,0,3,6,66.0%,50,3.20,66.0%,-,-,-,-,-,-,-,-,-,-
1745,Eliminated,20,15,0,3,10,66.0%,50,3.08,66.0%,-,-,-,-,-,-,-,-,-,-
1746,Eliminated,20,15,2,3,0,66.0%,50,3.48,66.0%,-,-,-,-,-,-,-,-,-,-
1747,Eliminated,20,15,4,2,4,66.0%,50,3.76,66.0%,-,-,-,-,-,-,-,-,-,-
1748,Eliminated,20,15,6,2,2,66.0%,50,3.42,66.0%,-,-,-,-,-,-,-,-,-,-
1749,Eliminated,20,20,2,2,4,66.0%,50,3.34,66.0%,-,-,-,-,-,-,-,-,-,-
1750,Eliminated,20,20,2,3,6,66.0%,50,3.32,66.0%,-,-,-,-,-,-,-,-,-,-
1751,Eliminated,20,20,2,3,10,66.0%,50,3.56,66.0%,-,-,-,-,-,-,-,-,-,-
1752,Eliminated,20,20,4,1,4,66.0%,50,5.12,66.0%,-,-,-,-,-,-,-,-,-,-
1753,Eliminated,20,20,4,2,2,66.0%,50,3.10,66.0%,-,-,-,-,-,-,-,-,-,-
1754,Eliminated,20,20,6,2,4,66.0%,50,3.62,66.0%,-,-,-,-,-,-,-,-,-,-
1755,Eliminated,20,20,6,3,2,66.0%,50,3.10,66.0%,-,-,-,-,-,-,-,-,-,-
1756,Eliminated,20,20,8,3,0,66.0%,50,3.20,66.0%,-,-,-,-,-,-,-,-,-,-
1757,Eliminated,20,20,10,3,2,66.0%,50,3.30,66.0%,-,-,-,-,-,-,-,-,-,-
1758,Eliminated,0,0,0,1,8,64.0%,50,1.40,64.0%,-,-,-,-,-,-,-,-,-,-
1759,Eliminated,0,0,4,2,0,64.0%,50,0.96,64.0%,-,-,-,-,-,-,-,-,-,-
1760,Eliminated,0,0,8,1,0,64.0%,50,1.42,64.0%,-,-,-,-,-,-,-,-,-,-
1761,Eliminated,0,0,8,1,6,64.0%,50,1.50,64.0%,-,-,-,-,-,-,-,-,-,-
1762,Eliminated,0,5,0,1,4,64.0%,50,2.16,64.0%,-,-,-,-,-,-,-,-,-,-
1763,Eliminated,0,5,0,3,10,64.0%,50,2.24,64.0%,-,-,-,-,-,-,-,-,-,-
1764,Eliminated,0,5,6,2,0,64.0%,50,1.52,64.0%,-,-,-,-,-,-,-,-,-,-
1765,Eliminated,0,5,8,1,4,64.0%,50,2.22,64.0%,-,-,-,-,-,-,-,-,-,-
1766,Eliminated,0,10,0,3,8,64.0%,50,2.80,64.0%,-,-,-,-,-,-,-,-,-,-
1767,Eliminated,0,10,2,2,4,64.0%,50,2.52,64.0%,-,-,-,-,-,-,-,-,-,-
1768,Eliminated,0,10,2,2,8,64.0%,50,2.76,64.0%,-,-,-,-,-,-,-,-,-,-
1769,Eliminated,0,10,2,2,10,64.0%,50,2.88,64.0%,-,-,-,-,-,-,-,-,-,-
1770,Eliminated,0,10,2,3,0,64.0%,50,2.24,64.0%,-,-,-,-,-,-,-,-,-,-
1771,Eliminated,0,10,4,2,6,64.0%,50,2.98,64.0%,-,-,-,-,-,-,-,-,-,-
1772,Eliminated,0,10,6,2,8,64.0%,50,3.10,64.0%,-,-,-,-,-,-,-,-,-,-
1773,Eliminated,0,10,10,3,2,64.0%,50,2.52,64.0%,-,-,-,-,-,-,-,-,-,-
1774,Eliminated,0,15,2,2,2,64.0%,50,2.92,64.0%,-,-,-,-,-,-,-,-,-,-
1775,Eliminated,0,15,8,2,0,64.0%,50,3.36,64.0%,-,-,-,-,-,-,-,-,-,-
1776,Eliminated,0,15,8,3,0,64.0%,50,2.62,64.0%,-,-,-,-,-,-,-,-,-,-
1777,Eliminated,0,20,2,3,2,64.0%,50,2.76,64.0%,-,-,-,-,-,-,-,-,-,-
1778,Eliminated,0,20,4,2,8,64.0%,50,3.14,64.0%,-,-,-,-,-,-,-,-,-,-
1779,Eliminated,0,20,4,3,0,64.0%,50,2.78,64.0%,-,-,-,-,-,-,-,-,-,-
1780,Eliminated,0,20,4,3,2,64.0%,50,2.90,64.0%,-,-,-,-,-,-,-,-,-,-
1781,Eliminated,0,20,4,3,6,64.0%,50,3.08,64.0%,-,-,-,-,-,-,-,-,-,-
1782,Eliminated,0,20,6,2,4,64.0%,50,4.24,64.0%,-,-,-,-,-,-,-,-,-,-
1783,Eliminated,0,20,8,2,4,64.0%,50,3.98,64.0%,-,-,-,-,-,-,-,-,-,-
1784,Eliminated,5,0,0,1,0,64.0%,50,1.10,64.0%,-,-,-,-,-,-,-,-,-,-
1785,Eliminated,5,0,0,1,2,64.0%,50,1.08,64.0%,-,-,-,-,-,-,-,-,-,-
1786,Eliminated,5,0,4,1,2,64.0%,50,0.92,64.0%,-,-,-,-,-,-,-,-,-,-
1787,Eliminated,5,0,10,2,0,64.0%,50,1.14,64.0%,-,-,-,-,-,-,-,-,-,-
1788,Eliminated,5,5,2,1,2,64.0%,50,2.14,64.0%,-,-,-,-,-,-,-,-,-,-
1789,Eliminated,5,5,2,2,0,64.0%,50,1.94,64.0%,-,-,-,-,-,-,-,-,-,-
1790,Eliminated,5,5,4,1,6,64.0%,50,2.68,64.0%,-,-,-,-,-,-,-,-,-,-
1791,Eliminated,5,5,6,2,0,64.0%,50,2.26,64.0%,-,-,-,-,-,-,-,-,-,-
1792,Eliminated,5,5,8,2,0,64.0%,50,1.88,64.0%,-,-,-,-,-,-,-,-,-,-
1793,Eliminated,5,5,10,2,0,64.0%,50,1.90,64.0%,-,-,-,-,-,-,-,-,-,-
1794,Eliminated,5,10,0,1,6,64.0%,50,3.26,64.0%,-,-,-,-,-,-,-,-,-,-
1795,Eliminated,5,10,0,1,8,64.0%,50,2.70,64.0%,-,-,-,-,-,-,-,-,-,-
1796,Eliminated,5,10,0,3,10,64.0%,50,3.56,64.0%,-,-,-,-,-,-,-,-,-,-
1797,Eliminated,5,10,4,1,6,64.0%,50,3.86,64.0%,-,-,-,-,-,-,-,-,-,-
1798,Eliminated,5,10,4,1,10,64.0%,50,3.70,64.0%,-,-,-,-,-,-,-,-,-,-
1799,Eliminated,5,10,6,2,4,64.0%,50,2.88,64.0%,-,-,-,-,-,-,-,-,-,-
1800,Eliminated,5,15,0,2,0,64.0%,50,2.52,64.0%,-,-,-,-,-,-,-,-,-,-
1801,Eliminated,5,15,0,3,8,64.0%,50,2.66,64.0%,-,-,-,-,-,-,-,-,-,-
1802,Eliminated,5,15,4,1,4,64.0%,50,3.84,64.0%,-,-,-,-,-,-,-,-,-,-
1803,Eliminated,5,15,4,2,8,64.0%,50,3.72,64.0%,-,-,-,-,-,-,-,-,-,-
1804,Eliminated,5,15,4,3,2,64.0%,50,3.18,64.0%,-,-,-,-,-,-,-,-,-,-
1805,Eliminated,5,15,8,3,0,64.0%,50,2.66,64.0%,-,-,-,-,-,-,-,-,-,-
1806,Eliminated,5,20,0,2,8,64.0%,50,3.10,64.0%,-,-,-,-,-,-,-,-,-,-
1807,Eliminated,5,20,0,3,6,64.0%,50,2.98,64.0%,-,-,-,-,-,-,-,-,-,-
1808,Eliminated,5,20,2,3,6,64.0%,50,3.02,64.0%,-,-,-,-,-,-,-,-,-,-
1809,Eliminated,5,20,4,2,2,64.0%,50,3.26,64.0%,-,-,-,-,-,-,-,-,-,-
1810,Eliminated,5,20,4,2,6,64.0%,50,3.78,64.0%,-,-,-,-,-,-,-,-,-,-
1811,Eliminated,5,20,8,2,4,64.0%,50,4.58,64.0%,-,-,-,-,-,-,-,-,-,-
1812,Eliminated,5,20,10,2,2,64.0%,50,3.60,64.0%,-,-,-,-,-,-,-,-,-,-
1813,Eliminated,5,20,10,3,2,64.0%,50,2.92,64.0%,-,-,-,-,-,-,-,-,-,-
1814,Eliminated,10,0,4,3,0,64.0%,50,1.28,64.0%,-,-,-,-,-,-,-,-,-,-
1815,Eliminated,10,5,0,1,2,64.0%,50,2.08,64.0%,-,-,-,-,-,-,-,-,-,-
1816,Eliminated,10,5,2,1,0,64.0%,50,2.20,64.0%,-,-,-,-,-,-,-,-,-,-
1817,Eliminated,10,5,2,2,0,64.0%,50,2.16,64.0%,-,-,-,-,-,-,-,-,-,-
1818,Eliminated,10,5,2,3,6,64.0%,50,2.52,64.0%,-,-,-,-,-,-,-,-,-,-
1819,Eliminated,10,5,8,1,0,64.0%,50,2.48,64.0%,-,-,-,-,-,-,-,-,-,-
1820,Eliminated,10,10,0,2,4,64.0%,50,2.80,64.0%,-,-,-,-,-,-,-,-,-,-
1821,Eliminated,10,10,2,1,8,64.0%,50,3.10,64.0%,-,-,-,-,-,-,-,-,-,-
1822,Eliminated,10,10,2,2,4,64.0%,50,3.04,64.0%,-,-,-,-,-,-,-,-,-,-
1823,Eliminated,10,10,2,3,2,64.0%,50,2.98,64.0%,-,-,-,-,-,-,-,-,-,-
1824,Eliminated,10,10,4,1,10,64.0%,50,4.48,64.0%,-,-,-,-,-,-,-,-,-,-
1825,Eliminated,10,10,6,1,2,64.0%,50,3.48,64.0%,-,-,-,-,-,-,-,-,-,-
1826,Eliminated,10,10,10,3,2,64.0%,50,2.58,64.0%,-,-,-,-,-,-,-,-,-,-
1827,Eliminated,10,15,0,1,10,64.0%,50,3.20,64.0%,-,-,-,-,-,-,-,-,-,-
1828,Eliminated,10,15,4,1,4,64.0%,50,4.14,64.0%,-,-,-,-,-,-,-,-,-,-
1829,Eliminated,10,15,4,1,8,64.0%,50,4.02,64.0%,-,-,-,-,-,-,-,-,-,-
1830,Eliminated,10,15,6,1,10,64.0%,50,4.88,64.0%,-,-,-,-,-,-,-,-,-,-
1831,Eliminated,10,15,6,3,4,64.0%,50,3.36,64.0%,-,-,-,-,-,-,-,-,-,-
1832,Eliminated,10,15,8,1,4,64.0%,50,4.64,64.0%,-,-,-,-,-,-,-,-,-,-
1833,Eliminated,10,20,2,1,8,64.0%,50,4.06,64.0%,-,-,-,-,-,-,-,-,-,-
1834,Eliminated,10,20,2,1,10,64.0%,50,3.96,64.0%,-,-,-,-,-,-,-,-,-,-
1835,Eliminated,10,20,2,2,4,64.0%,50,3.24,64.0%,-,-,-,-,-,-,-,-,-,-
1836,Eliminated,10,20,4,1,4,64.0%,50,4.96,64.0%,-,-,-,-,-,-,-,-,-,-
1837,Eliminated,10,20,6,2,2,64.0%,50,3.64,64.0%,-,-,-,-,-,-,-,-,-,-
1838,Eliminated,10,20,10,2,4,64.0%,50,3.84,64.0%,-,-,-,-,-,-,-,-,-,-
1839,Eliminated,15,0,10,3,2,64.0%,50,1.26,64.0%,-,-,-,-,-,-,-,-,-,-
1840,Eliminated,15,5,0,1,2,64.0%,50,2.22,64.0%,-,-,-,-,-,-,-,-,-,-
1841,Eliminated,15,5,4,1,0,64.0%,50,1.96,64.0%,-,-,-,-,-,-,-,-,-,-
1842,Eliminated,15,5,4,2,2,64.0%,50,2.40,64.0%,-,-,-,-,-,-,-,-,-,-
1843,Eliminated,15,5,8,1,0,64.0%,50,2.26,64.0%,-,-,-,-,-,-,-,-,-,-
1844,Eliminated,15,10,0,1,2,64.0%,50,2.78,64.0%,-,-,-,-,-,-,-,-,-,-
1845,Eliminated,15,10,0,1,4,64.0%,50,3.18,64.0%,-,-,-,-,-,-,-,-,-,-
1846,Eliminated,15,10,0,3,2,64.0%,50,2.86,64.0%,-,-,-,-,-,-,-,-,-,-
1847,Eliminated,15,10,0,3,4,64.0%,50,2.84,64.0%,-,-,-,-,-,-,-,-,-,-
1848,Eliminated,15,10,2,3,0,64.0%,50,2.40,64.0%,-,-,-,-,-,-,-,-,-,-
1849,Eliminated,15,15,0,1,8,64.0%,50,3.06,64.0%,-,-,-,-,-,-,-,-,-,-
1850,Eliminated,15,15,0,2,8,64.0%,50,3.38,64.0%,-,-,-,-,-,-,-,-,-,-
1851,Eliminated,15,15,4,1,0,64.0%,50,3.32,64.0%,-,-,-,-,-,-,-,-,-,-
1852,Eliminated,15,15,4,3,2,64.0%,50,3.04,64.0%,-,-,-,-,-,-,-,-,-,-
1853,Eliminated,15,15,6,1,10,64.0%,50,5.12,64.0%,-,-,-,-,-,-,-,-,-,-
1854,Eliminated,15,15,6,3,0,64.0%,50,3.16,64.0%,-,-,-,-,-,-,-,-,-,-
1855,Eliminated,15,15,8,2,0,64.0%,50,3.38,64.0%,-,-,-,-,-,-,-,-,-,-
1856,Eliminated,15,20,0,1,2,64.0%,50,3.24,64.0%,-,-,-,-,-,-,-,-,-,-
1857,Eliminated,15,20,0,3,10,64.0%,50,3.16,64.0%,-,-,-,-,-,-,-,-,-,-
1858,Eliminated,15,20,6,1,6,64.0%,50,4.78,64.0%,-,-,-,-,-,-,-,-,-,-
1859,Eliminated,15,20,6,3,2,64.0%,50,3.32,64.0%,-,-,-,-,-,-,-,-,-,-
1860,Eliminated,15,20,8,3,2,64.0%,50,3.32,64.0%,-,-,-,-,-,-,-,-,-,-
1861,Eliminated,15,20,10,3,0,64.0%,50,3.26,64.0%,-,-,-,-,-,-,-,-,-,-
1862,Eliminated,20,0,6,2,0,64.0%,50,1.12,64.0%,-,-,-,-,-,-,-,-,-,-
1863,Eliminated,20,0,6,3,0,64.0%,50,1.26,64.0%,-,-,-,-,-,-,-,-,-,-
1864,Eliminated,20,0,10,3,0,64.0%,50,1.30,64.0%,-,-,-,-,-,-,-,-,-,-
1865,Eliminated,20,5,0,2,2,64.0%,50,2.06,64.0%,-,-,-,-,-,-,-,-,-,-
1866,Eliminated,20,5,2,2,4,64.0%,50,2.48,64.0%,-,-,-,-,-,-,-,-,-,-
1867,Eliminated,20,5,6,3,2,64.0%,50,2.04,64.0%,-,-,-,-,-,-,-,-,-,-
1868,Eliminated,20,10,0,1,6,64.0%,50,3.18,64.0%,-,-,-,-,-,-,-,-,-,-
1869,Eliminated,20,10,0,1,10,64.0%,50,3.26,64.0%,-,-,-,-,-,-,-,-,-,-
1870,Eliminated,20,10,0,2,4,64.0%,50,2.94,64.0%,-,-,-,-,-,-,-,-,-,-
1871,Eliminated,20,10,2,3,10,64.0%,50,3.46,64.0%,-,-,-,-,-,-,-,-,-,-
1872,Eliminated,20,10,4,3,2,64.0%,50,2.98,64.0%,-,-,-,-,-,-,-,-,-,-
1873,Eliminated,20,10,6,1,0,64.0%,50,2.90,64.0%,-,-,-,-,-,-,-,-,-,-
1874,Eliminated,20,10,6,1,4,64.0%,50,3.98,64.0%,-,-,-,-,-,-,-,-,-,-
1875,Eliminated,20,10,6,1,6,64.0%,50,4.32,64.0%,-,-,-,-,-,-,-,-,-,-
1876,Eliminated,20,10,6,1,10,64.0%,50,4.20,64.0%,-,-,-,-,-,-,-,-,-,-
1877,Eliminated,20,10,8,2,0,64.0%,50,2.38,64.0%,-,-,-,-,-,-,-,-,-,-
1878,Eliminated,20,15,0,2,0,64.0%,50,2.82,64.0%,-,-,-,-,-,-,-,-,-,-
1879,Eliminated,20,15,0,3,4,64.0%,50,3.08,64.0%,-,-,-,-,-,-,-,-,-,-
1880,Eliminated,20,15,4,1,0,64.0%,50,2.98,64.0%,-,-,-,-,-,-,-,-,-,-
1881,Eliminated,20,20,0,1,8,64.0%,50,3.34,64.0%,-,-,-,-,-,-,-,-,-,-
1882,Eliminated,20,20,0,2,4,64.0%,50,3.50,64.0%,-,-,-,-,-,-,-,-,-,-
1883,Eliminated,20,20,0,2,6,64.0%,50,3.10,64.0%,-,-,-,-,-,-,-,-,-,-
1884,Eliminated,20,20,0,3,4,64.0%,50,2.94,64.0%,-,-,-,-,-,-,-,-,-,-
1885,Eliminated,20,20,4,1,10,64.0%,50,4.94,64.0%,-,-,-,-,-,-,-,-,-,-
1886,Eliminated,20,20,4,2,0,64.0%,50,3.48,64.0%,-,-,-,-,-,-,-,-,-,-
1887,Eliminated,20,20,10,2,0,64.0%,50,3.02,64.0%,-,-,-,-,-,-,-,-,-,-
1888,Eliminated,20,20,10,2,2,64.0%,50,3.68,64.0%,-,-,-,-,-,-,-,-,-,-
1889,Eliminated,0,0,0,1,6,62.0%,50,1.54,62.0%,-,-,-,-,-,-,-,-,-,-
1890,Eliminated,0,0,0,3,4,62.0%,50,0.66,62.0%,-,-,-,-,-,-,-,-,-,-
1891,Eliminated,0,0,2,1,0,62.0%,50,1.34,62.0%,-,-,-,-,-,-,-,-,-,-
1892,Eliminated,0,0,4,3,0,62.0%,50,0.82,62.0%,-,-,-,-,-,-,-,-,-,-
1893,Eliminated,0,0,6,3,0,62.0%,50,0.88,62.0%,-,-,-,-,-,-,-,-,-,-
1894,Eliminated,0,5,0,2,10,62.0%,50,1.98,62.0%,-,-,-,-,-,-,-,-,-,-
1895,Eliminated,0,5,8,2,0,62.0%,50,2.02,62.0%,-,-,-,-,-,-,-,-,-,-
1896,Eliminated,0,5,10,2,0,62.0%,50,2.76,62.0%,-,-,-,-,-,-,-,-,-,-
1897,Eliminated,0,10,0,3,0,62.0%,50,2.34,62.0%,-,-,-,-,-,-,-,-,-,-
1898,Eliminated,0,10,0,3,2,62.0%,50,2.04,62.0%,-,-,-,-,-,-,-,-,-,-
1899,Eliminated,0,10,0,3,4,62.0%,50,2.36,62.0%,-,-,-,-,-,-,-,-,-,-
1900,Eliminated,0,10,0,3,6,62.0%,50,2.32,62.0%,-,-,-,-,-,-,-,-,-,-
1901,Eliminated,0,10,4,2,0,62.0%,50,2.18,62.0%,-,-,-,-,-,-,-,-,-,-
1902,Eliminated,0,10,4,2,10,62.0%,50,2.92,62.0%,-,-,-,-,-,-,-,-,-,-
1903,Eliminated,0,10,4,3,0,62.0%,50,2.14,62.0%,-,-,-,-,-,-,-,-,-,-
1904,Eliminated,0,10,6,2,2,62.0%,50,2.40,62.0%,-,-,-,-,-,-,-,-,-,-
1905,Eliminated,0,10,8,2,2,62.0%,50,2.78,62.0%,-,-,-,-,-,-,-,-,-,-
1906,Eliminated,0,15,0,3,4,62.0%,50,2.58,62.0%,-,-,-,-,-,-,-,-,-,-
1907,Eliminated,0,15,2,2,0,62.0%,50,2.72,62.0%,-,-,-,-,-,-,-,-,-,-
1908,Eliminated,0,15,2,3,2,62.0%,50,2.80,62.0%,-,-,-,-,-,-,-,-,-,-
1909,Eliminated,0,15,2,3,6,62.0%,50,3.02,62.0%,-,-,-,-,-,-,-,-,-,-
1910,Eliminated,0,15,4,2,4,62.0%,50,3.70,62.0%,-,-,-,-,-,-,-,-,-,-
1911,Eliminated,0,15,4,2,8,62.0%,50,3.76,62.0%,-,-,-,-,-,-,-,-,-,-
1912,Eliminated,0,15,6,2,8,62.0%,50,4.38,62.0%,-,-,-,-,-,-,-,-,-,-
1913,Eliminated,0,15,6,3,0,62.0%,50,2.72,62.0%,-,-,-,-,-,-,-,-,-,-
1914,Eliminated,0,20,0,2,8,62.0%,50,3.04,62.0%,-,-,-,-,-,-,-,-,-,-
1915,Eliminated,0,20,0,3,6,62.0%,50,3.10,62.0%,-,-,-,-,-,-,-,-,-,-
1916,Eliminated,0,20,2,2,4,62.0%,50,3.62,62.0%,-,-,-,-,-,-,-,-,-,-
1917,Eliminated,0,20,2,2,10,62.0%,50,2.88,62.0%,-,-,-,-,-,-,-,-,-,-
1918,Eliminated,0,20,4,2,4,62.0%,50,3.84,62.0%,-,-,-,-,-,-,-,-,-,-
1919,Eliminated,5,0,2,2,2,62.0%,50,1.04,62.0%,-,-,-,-,-,-,-,-,-,-
1920,Eliminated,5,0,4,2,0,62.0%,50,0.96,62.0%,-,-,-,-,-,-,-,-,-,-
1921,Eliminated,5,0,6,3,0,62.0%,50,1.14,62.0%,-,-,-,-,-,-,-,-,-,-
1922,Eliminated,5,0,8,3,0,62.0%,50,1.04,62.0%,-,-,-,-,-,-,-,-,-,-
1923,Eliminated,5,0,10,3,0,62.0%,50,0.90,62.0%,-,-,-,-,-,-,-,-,-,-
1924,Eliminated,5,5,0,1,0,62.0%,50,2.00,62.0%,-,-,-,-,-,-,-,-,-,-
1925,Eliminated,5,5,2,2,2,62.0%,50,2.06,62.0%,-,-,-,-,-,-,-,-,-,-
1926,Eliminated,5,5,10,3,0,62.0%,50,1.74,62.0%,-,-,-,-,-,-,-,-,-,-
1927,Eliminated,5,10,0,2,6,62.0%,50,2.52,62.0%,-,-,-,-,-,-,-,-,-,-
1928,Eliminated,5,10,0,3,2,62.0%,50,2.56,62.0%,-,-,-,-,-,-,-,-,-,-
1929,Eliminated,5,10,2,1,6,62.0%,50,3.38,62.0%,-,-,-,-,-,-,-,-,-,-
1930,Eliminated,5,10,2,2,0,62.0%,50,2.38,62.0%,-,-,-,-,-,-,-,-,-,-
1931,Eliminated,5,10,4,2,8,62.0%,50,3.08,62.0%,-,-,-,-,-,-,-,-,-,-
1932,Eliminated,5,10,4,3,2,62.0%,50,2.74,62.0%,-,-,-,-,-,-,-,-,-,-
1933,Eliminated,5,10,6,1,6,62.0%,50,4.22,62.0%,-,-,-,-,-,-,-,-,-,-
1934,Eliminated,5,10,8,1,2,62.0%,50,3.78,62.0%,-,-,-,-,-,-,-,-,-,-
1935,Eliminated,5,15,2,1,2,62.0%,50,3.90,62.0%,-,-,-,-,-,-,-,-,-,-
1936,Eliminated,5,15,2,2,2,62.0%,50,3.38,62.0%,-,-,-,-,-,-,-,-,-,-
1937,Eliminated,5,15,2,2,6,62.0%,50,3.18,62.0%,-,-,-,-,-,-,-,-,-,-
1938,Eliminated,5,15,4,1,8,62.0%,50,4.42,62.0%,-,-,-,-,-,-,-,-,-,-
1939,Eliminated,5,15,4,2,6,62.0%,50,4.36,62.0%,-,-,-,-,-,-,-,-,-,-
1940,Eliminated,5,15,4,3,0,62.0%,50,2.70,62.0%,-,-,-,-,-,-,-,-,-,-
1941,Eliminated,5,15,6,1,6,62.0%,50,5.10,62.0%,-,-,-,-,-,-,-,-,-,-
1942,Eliminated,5,15,6,1,10,62.0%,50,4.98,62.0%,-,-,-,-,-,-,-,-,-,-
1943,Eliminated,5,15,6,2,6,62.0%,50,4.38,62.0%,-,-,-,-,-,-,-,-,-,-
1944,Eliminated,5,15,8,2,8,62.0%,50,4.38,62.0%,-,-,-,-,-,-,-,-,-,-
1945,Eliminated,5,15,10,3,2,62.0%,50,3.02,62.0%,-,-,-,-,-,-,-,-,-,-
1946,Eliminated,5,20,2,2,2,62.0%,50,3.22,62.0%,-,-,-,-,-,-,-,-,-,-
1947,Eliminated,5,20,2,2,6,62.0%,50,3.62,62.0%,-,-,-,-,-,-,-,-,-,-
1948,Eliminated,5,20,8,2,0,62.0%,50,2.70,62.0%,-,-,-,-,-,-,-,-,-,-
1949,Eliminated,5,20,8,2,10,62.0%,50,4.24,62.0%,-,-,-,-,-,-,-,-,-,-
1950,Eliminated,10,0,6,2,0,62.0%,50,1.20,62.0%,-,-,-,-,-,-,-,-,-,-
1951,Eliminated,10,5,0,1,8,62.0%,50,2.90,62.0%,-,-,-,-,-,-,-,-,-,-
1952,Eliminated,10,5,0,3,2,62.0%,50,2.20,62.0%,-,-,-,-,-,-,-,-,-,-
1953,Eliminated,10,5,4,3,0,62.0%,50,2.20,62.0%,-,-,-,-,-,-,-,-,-,-
1954,Eliminated,10,5,4,3,2,62.0%,50,2.30,62.0%,-,-,-,-,-,-,-,-,-,-
1955,Eliminated,10,5,6,1,0,62.0%,50,2.24,62.0%,-,-,-,-,-,-,-,-,-,-
1956,Eliminated,10,5,8,1,8,62.0%,50,3.66,62.0%,-,-,-,-,-,-,-,-,-,-
1957,Eliminated,10,10,0,1,4,62.0%,50,3.02,62.0%,-,-,-,-,-,-,-,-,-,-
1958,Eliminated,10,10,6,1,8,62.0%,50,4.28,62.0%,-,-,-,-,-,-,-,-,-,-
1959,Eliminated,10,10,6,2,0,62.0%,50,2.60,62.0%,-,-,-,-,-,-,-,-,-,-
1960,Eliminated,10,15,0,1,6,62.0%,50,3.82,62.0%,-,-,-,-,-,-,-,-,-,-
1961,Eliminated,10,15,2,1,2,62.0%,50,3.76,62.0%,-,-,-,-,-,-,-,-,-,-
1962,Eliminated,10,15,2,2,0,62.0%,50,3.02,62.0%,-,-,-,-,-,-,-,-,-,-
1963,Eliminated,10,15,4,2,0,62.0%,50,3.06,62.0%,-,-,-,-,-,-,-,-,-,-
1964,Eliminated,10,20,0,1,8,62.0%,50,3.32,62.0%,-,-,-,-,-,-,-,-,-,-
1965,Eliminated,10,20,0,2,0,62.0%,50,3.12,62.0%,-,-,-,-,-,-,-,-,-,-
1966,Eliminated,10,20,0,2,4,62.0%,50,2.76,62.0%,-,-,-,-,-,-,-,-,-,-
1967,Eliminated,10,20,0,2,6,62.0%,50,3.32,62.0%,-,-,-,-,-,-,-,-,-,-
1968,Eliminated,10,20,0,3,6,62.0%,50,3.08,62.0%,-,-,-,-,-,-,-,-,-,-
1969,Eliminated,10,20,2,3,0,62.0%,50,3.22,62.0%,-,-,-,-,-,-,-,-,-,-
1970,Eliminated,10,20,4,2,2,62.0%,50,3.50,62.0%,-,-,-,-,-,-,-,-,-,-
1971,Eliminated,15,0,6,1,0,62.0%,50,1.62,62.0%,-,-,-,-,-,-,-,-,-,-
1972,Eliminated,15,5,6,2,0,62.0%,50,2.00,62.0%,-,-,-,-,-,-,-,-,-,-
1973,Eliminated,15,5,8,1,8,62.0%,50,3.88,62.0%,-,-,-,-,-,-,-,-,-,-
1974,Eliminated,15,5,8,2,0,62.0%,50,2.12,62.0%,-,-,-,-,-,-,-,-,-,-
1975,Eliminated,15,5,8,3,0,62.0%,50,2.06,62.0%,-,-,-,-,-,-,-,-,-,-
1976,Eliminated,15,5,10,3,0,62.0%,50,2.00,62.0%,-,-,-,-,-,-,-,-,-,-
1977,Eliminated,15,10,0,3,0,62.0%,50,2.40,62.0%,-,-,-,-,-,-,-,-,-,-
1978,Eliminated,15,10,2,3,4,62.0%,50,2.78,62.0%,-,-,-,-,-,-,-,-,-,-
1979,Eliminated,15,10,8,1,6,62.0%,50,4.74,62.0%,-,-,-,-,-,-,-,-,-,-
1980,Eliminated,15,15,0,1,10,62.0%,50,3.58,62.0%,-,-,-,-,-,-,-,-,-,-
1981,Eliminated,15,15,0,2,0,62.0%,50,3.04,62.0%,-,-,-,-,-,-,-,-,-,-
1982,Eliminated,15,15,0,2,6,62.0%,50,3.26,62.0%,-,-,-,-,-,-,-,-,-,-
1983,Eliminated,15,15,0,3,2,62.0%,50,3.10,62.0%,-,-,-,-,-,-,-,-,-,-
1984,Eliminated,15,15,0,3,6,62.0%,50,3.30,62.0%,-,-,-,-,-,-,-,-,-,-
1985,Eliminated,15,15,2,1,0,62.0%,50,3.32,62.0%,-,-,-,-,-,-,-,-,-,-
1986,Eliminated,15,15,4,2,0,62.0%,50,3.84,62.0%,-,-,-,-,-,-,-,-,-,-
1987,Eliminated,15,15,8,1,4,62.0%,50,3.92,62.0%,-,-,-,-,-,-,-,-,-,-
1988,Eliminated,15,15,10,1,0,62.0%,50,4.80,62.0%,-,-,-,-,-,-,-,-,-,-
1989,Eliminated,15,15,10,2,0,62.0%,50,3.04,62.0%,-,-,-,-,-,-,-,-,-,-
1990,Eliminated,15,20,6,1,2,62.0%,50,4.26,62.0%,-,-,-,-,-,-,-,-,-,-
1991,Eliminated,15,20,6,1,8,62.0%,50,4.80,62.0%,-,-,-,-,-,-,-,-,-,-
1992,Eliminated,15,20,6,2,0,62.0%,50,3.20,62.0%,-,-,-,-,-,-,-,-,-,-
1993,Eliminated,15,20,8,1,2,62.0%,50,3.98,62.0%,-,-,-,-,-,-,-,-,-,-
1994,Eliminated,15,20,8,1,4,62.0%,50,5.04,62.0%,-,-,-,-,-,-,-,-,-,-
1995,Eliminated,15,20,8,1,6,62.0%,50,6.08,62.0%,-,-,-,-,-,-,-,-,-,-
1996,Eliminated,20,5,0,3,0,62.0%,50,2.20,62.0%,-,-,-,-,-,-,-,-,-,-
1997,Eliminated,20,5,4,3,0,62.0%,50,2.06,62.0%,-,-,-,-,-,-,-,-,-,-
1998,Eliminated,20,5,8,2,0,62.0%,50,2.06,62.0%,-,-,-,-,-,-,-,-,-,-
1999,Eliminated,20,10,0,1,4,62.0%,50,2.98,62.0%,-,-,-,-,-,-,-,-,-,-
2000,Eliminated,20,10,0,2,2,62.0%,50,2.84,62.0%,-,-,-,-,-,-,-,-,-,-
2001,Eliminated,20,10,0,3,6,62.0%,50,3.04,62.0%,-,-,-,-,-,-,-,-,-,-
2002,Eliminated,20,10,2,1,0,62.0%,50,2.80,62.0%,-,-,-,-,-,-,-,-,-,-
2003,Eliminated,20,10,4,1,2,62.0%,50,2.90,62.0%,-,-,-,-,-,-,-,-,-,-
2004,Eliminated,20,10,4,2,0,62.0%,50,2.86,62.0%,-,-,-,-,-,-,-,-,-,-
2005,Eliminated,20,10,6,2,2,62.0%,50,2.60,62.0%,-,-,-,-,-,-,-,-,-,-
2006,Eliminated,20,10,6,3,0,62.0%,50,2.84,62.0%,-,-,-,-,-,-,-,-,-,-
2007,Eliminated,20,10,6,3,2,62.0%,50,2.90,62.0%,-,-,-,-,-,-,-,-,-,-
2008,Eliminated,20,15,0,1,6,62.0%,50,3.18,62.0%,-,-,-,-,-,-,-,-,-,-
2009,Eliminated,20,15,0,3,2,62.0%,50,3.16,62.0%,-,-,-,-,-,-,-,-,-,-
2010,Eliminated,20,15,4,3,2,62.0%,50,3.50,62.0%,-,-,-,-,-,-,-,-,-,-
2011,Eliminated,20,15,6,1,0,62.0%,50,3.60,62.0%,-,-,-,-,-,-,-,-,-,-
2012,Eliminated,20,20,0,1,4,62.0%,50,3.32,62.0%,-,-,-,-,-,-,-,-,-,-
2013,Eliminated,20,20,0,3,8,62.0%,50,3.22,62.0%,-,-,-,-,-,-,-,-,-,-
2014,Eliminated,20,20,2,1,2,62.0%,50,3.88,62.0%,-,-,-,-,-,-,-,-,-,-
2015,Eliminated,20,20,2,1,10,62.0%,50,3.56,62.0%,-,-,-,-,-,-,-,-,-,-
2016,Eliminated,20,20,6,1,2,62.0%,50,4.62,62.0%,-,-,-,-,-,-,-,-,-,-
2017,Eliminated,20,20,6,1,8,62.0%,50,5.36,62.0%,-,-,-,-,-,-,-,-,-,-
2018,Eliminated,20,20,6,2,2,62.0%,50,3.92,62.0%,-,-,-,-,-,-,-,-,-,-
2019,Eliminated,0,0,0,3,2,60.0%,50,0.96,60.0%,-,-,-,-,-,-,-,-,-,-
2020,Eliminated,0,5,0,1,2,60.0%,50,3.04,60.0%,-,-,-,-,-,-,-,-,-,-
2021,Eliminated,0,5,0,2,8,60.0%,50,2.20,60.0%,-,-,-,-,-,-,-,-,-,-
2022,Eliminated,0,5,0,3,0,60.0%,50,1.38,60.0%,-,-,-,-,-,-,-,-,-,-
2023,Eliminated,0,5,2,3,0,60.0%,50,1.44,60.0%,-,-,-,-,-,-,-,-,-,-
2024,Eliminated,0,5,4,2,0,60.0%,50,1.52,60.0%,-,-,-,-,-,-,-,-,-,-
2025,Eliminated,0,10,0,3,10,60.0%,50,2.64,60.0%,-,-,-,-,-,-,-,-,-,-
2026,Eliminated,0,10,6,2,0,60.0%,50,2.08,60.0%,-,-,-,-,-,-,-,-,-,-
2027,Eliminated,0,15,0,2,2,60.0%,50,2.48,60.0%,-,-,-,-,-,-,-,-,-,-
2028,Eliminated,0,15,0,3,2,60.0%,50,2.76,60.0%,-,-,-,-,-,-,-,-,-,-
2029,Eliminated,0,15,2,2,10,60.0%,50,3.24,60.0%,-,-,-,-,-,-,-,-,-,-
2030,Eliminated,0,15,2,3,10,60.0%,50,3.00,60.0%,-,-,-,-,-,-,-,-,-,-
2031,Eliminated,0,15,6,2,0,60.0%,50,2.50,60.0%,-,-,-,-,-,-,-,-,-,-
2032,Eliminated,0,15,6,2,4,60.0%,50,3.48,60.0%,-,-,-,-,-,-,-,-,-,-
2033,Eliminated,0,15,8,2,4,60.0%,50,4.08,60.0%,-,-,-,-,-,-,-,-,-,-
2034,Eliminated,0,20,0,3,10,60.0%,50,2.94,60.0%,-,-,-,-,-,-,-,-,-,-
2035,Eliminated,0,20,2,2,2,60.0%,50,3.04,60.0%,-,-,-,-,-,-,-,-,-,-
2036,Eliminated,0,20,6,3,0,60.0%,50,2.84,60.0%,-,-,-,-,-,-,-,-,-,-
2037,Eliminated,5,0,6,1,0,60.0%,50,1.10,60.0%,-,-,-,-,-,-,-,-,-,-
2038,Eliminated,5,5,0,1,4,60.0%,50,2.14,60.0%,-,-,-,-,-,-,-,-,-,-
2039,Eliminated,5,5,0,2,10,60.0%,50,2.54,60.0%,-,-,-,-,-,-,-,-,-,-
2040,Eliminated,5,5,0,3,4,60.0%,50,2.38,60.0%,-,-,-,-,-,-,-,-,-,-
2041,Eliminated,5,5,4,1,0,60.0%,50,2.12,60.0%,-,-,-,-,-,-,-,-,-,-
2042,Eliminated,5,5,6,1,10,60.0%,50,3.56,60.0%,-,-,-,-,-,-,-,-,-,-
2043,Eliminated,5,5,6,3,0,60.0%,50,2.10,60.0%,-,-,-,-,-,-,-,-,-,-
2044,Eliminated,5,5,10,1,2,60.0%,50,3.46,60.0%,-,-,-,-,-,-,-,-,-,-
2045,Eliminated,5,10,0,3,4,60.0%,50,2.54,60.0%,-,-,-,-,-,-,-,-,-,-
2046,Eliminated,5,10,2,1,4,60.0%,50,3.24,60.0%,-,-,-,-,-,-,-,-,-,-
2047,Eliminated,5,10,2,1,8,60.0%,50,3.36,60.0%,-,-,-,-,-,-,-,-,-,-
2048,Eliminated,5,10,4,1,2,60.0%,50,2.90,60.0%,-,-,-,-,-,-,-,-,-,-
2049,Eliminated,5,10,6,3,0,60.0%,50,2.34,60.0%,-,-,-,-,-,-,-,-,-,-
2050,Eliminated,5,10,10,2,2,60.0%,50,2.74,60.0%,-,-,-,-,-,-,-,-,-,-
2051,Eliminated,5,15,0,2,2,60.0%,50,3.02,60.0%,-,-,-,-,-,-,-,-,-,-
2052,Eliminated,5,15,4,2,0,60.0%,50,2.62,60.0%,-,-,-,-,-,-,-,-,-,-
2053,Eliminated,5,15,4,2,2,60.0%,50,3.48,60.0%,-,-,-,-,-,-,-,-,-,-
2054,Eliminated,5,20,0,1,10,60.0%,50,3.68,60.0%,-,-,-,-,-,-,-,-,-,-
2055,Eliminated,5,20,4,1,8,60.0%,50,4.30,60.0%,-,-,-,-,-,-,-,-,-,-
2056,Eliminated,5,20,6,1,4,60.0%,50,4.44,60.0%,-,-,-,-,-,-,-,-,-,-
2057,Eliminated,5,20,6,2,4,60.0%,50,3.80,60.0%,-,-,-,-,-,-,-,-,-,-
2058,Eliminated,5,20,10,3,0,60.0%,50,2.94,60.0%,-,-,-,-,-,-,-,-,-,-
2059,Eliminated,10,5,0,2,0,60.0%,50,2.08,60.0%,-,-,-,-,-,-,-,-,-,-
2060,Eliminated,10,5,4,1,0,60.0%,50,2.06,60.0%,-,-,-,-,-,-,-,-,-,-
2061,Eliminated,10,5,10,1,4,60.0%,50,4.64,60.0%,-,-,-,-,-,-,-,-,-,-
2062,Eliminated,10,10,0,3,2,60.0%,50,2.48,60.0%,-,-,-,-,-,-,-,-,-,-
2063,Eliminated,10,10,4,1,2,60.0%,50,3.00,60.0%,-,-,-,-,-,-,-,-,-,-
2064,Eliminated,10,10,6,1,0,60.0%,50,2.48,60.0%,-,-,-,-,-,-,-,-,-,-
2065,Eliminated,10,10,10,2,0,60.0%,50,2.52,60.0%,-,-,-,-,-,-,-,-,-,-
2066,Eliminated,10,15,0,1,4,60.0%,50,3.42,60.0%,-,-,-,-,-,-,-,-,-,-
2067,Eliminated,10,15,0,3,0,60.0%,50,3.32,60.0%,-,-,-,-,-,-,-,-,-,-
2068,Eliminated,10,15,2,1,0,60.0%,50,2.54,60.0%,-,-,-,-,-,-,-,-,-,-
2069,Eliminated,10,15,6,1,6,60.0%,50,5.10,60.0%,-,-,-,-,-,-,-,-,-,-
2070,Eliminated,10,15,6,1,8,60.0%,50,5.20,60.0%,-,-,-,-,-,-,-,-,-,-
2071,Eliminated,10,15,6,2,0,60.0%,50,3.12,60.0%,-,-,-,-,-,-,-,-,-,-
2072,Eliminated,10,15,6,3,0,60.0%,50,3.26,60.0%,-,-,-,-,-,-,-,-,-,-
2073,Eliminated,10,15,8,1,2,60.0%,50,3.70,60.0%,-,-,-,-,-,-,-,-,-,-
2074,Eliminated,10,15,8,2,0,60.0%,50,3.00,60.0%,-,-,-,-,-,-,-,-,-,-
2075,Eliminated,10,20,4,1,2,60.0%,50,3.80,60.0%,-,-,-,-,-,-,-,-,-,-
2076,Eliminated,10,20,4,1,6,60.0%,50,4.88,60.0%,-,-,-,-,-,-,-,-,-,-
2077,Eliminated,10,20,4,1,8,60.0%,50,4.06,60.0%,-,-,-,-,-,-,-,-,-,-
2078,Eliminated,10,20,6,1,4,60.0%,50,4.80,60.0%,-,-,-,-,-,-,-,-,-,-
2079,Eliminated,15,0,2,3,0,60.0%,50,1.34,60.0%,-,-,-,-,-,-,-,-,-,-
2080,Eliminated,15,5,0,2,0,60.0%,50,2.18,60.0%,-,-,-,-,-,-,-,-,-,-
2081,Eliminated,15,5,2,2,0,60.0%,50,2.00,60.0%,-,-,-,-,-,-,-,-,-,-
2082,Eliminated,15,5,10,1,2,60.0%,50,3.30,60.0%,-,-,-,-,-,-,-,-,-,-
2083,Eliminated,15,5,10,1,6,60.0%,50,4.32,60.0%,-,-,-,-,-,-,-,-,-,-
2084,Eliminated,15,10,0,3,6,60.0%,50,2.66,60.0%,-,-,-,-,-,-,-,-,-,-
2085,Eliminated,15,10,10,2,0,60.0%,50,2.64,60.0%,-,-,-,-,-,-,-,-,-,-
2086,Eliminated,15,15,0,1,2,60.0%,50,3.04,60.0%,-,-,-,-,-,-,-,-,-,-
2087,Eliminated,15,15,0,2,2,60.0%,50,3.50,60.0%,-,-,-,-,-,-,-,-,-,-
2088,Eliminated,15,15,2,3,0,60.0%,50,2.90,60.0%,-,-,-,-,-,-,-,-,-,-
2089,Eliminated,15,15,6,1,6,60.0%,50,5.06,60.0%,-,-,-,-,-,-,-,-,-,-
2090,Eliminated,15,15,6,2,0,60.0%,50,3.16,60.0%,-,-,-,-,-,-,-,-,-,-
2091,Eliminated,15,15,10,3,0,60.0%,50,3.42,60.0%,-,-,-,-,-,-,-,-,-,-
2092,Eliminated,15,20,0,2,2,60.0%,50,3.22,60.0%,-,-,-,-,-,-,-,-,-,-
2093,Eliminated,20,0,2,1,0,60.0%,50,1.44,60.0%,-,-,-,-,-,-,-,-,-,-
2094,Eliminated,20,5,2,2,0,60.0%,50,2.06,60.0%,-,-,-,-,-,-,-,-,-,-
2095,Eliminated,20,5,8,3,0,60.0%,50,1.90,60.0%,-,-,-,-,-,-,-,-,-,-
2096,Eliminated,20,5,10,1,6,60.0%,50,4.68,60.0%,-,-,-,-,-,-,-,-,-,-
2097,Eliminated,20,10,0,1,2,60.0%,50,2.62,60.0%,-,-,-,-,-,-,-,-,-,-
2098,Eliminated,20,10,0,2,0,60.0%,50,2.70,60.0%,-,-,-,-,-,-,-,-,-,-
2099,Eliminated,20,10,0,3,0,60.0%,50,2.98,60.0%,-,-,-,-,-,-,-,-,-,-
2100,Eliminated,20,10,6,1,8,60.0%,50,4.38,60.0%,-,-,-,-,-,-,-,-,-,-
2101,Eliminated,20,10,8,1,2,60.0%,50,3.14,60.0%,-,-,-,-,-,-,-,-,-,-
2102,Eliminated,20,10,10,3,0,60.0%,50,2.64,60.0%,-,-,-,-,-,-,-,-,-,-
2103,Eliminated,20,15,0,1,2,60.0%,50,3.28,60.0%,-,-,-,-,-,-,-,-,-,-
2104,Eliminated,20,15,0,1,4,60.0%,50,3.10,60.0%,-,-,-,-,-,-,-,-,-,-
2105,Eliminated,20,15,2,1,0,60.0%,50,3.20,60.0%,-,-,-,-,-,-,-,-,-,-
2106,Eliminated,20,15,8,1,6,60.0%,50,4.76,60.0%,-,-,-,-,-,-,-,-,-,-
2107,Eliminated,20,15,10,2,0,60.0%,50,3.54,60.0%,-,-,-,-,-,-,-,-,-,-
2108,Eliminated,20,20,0,1,2,60.0%,50,3.60,60.0%,-,-,-,-,-,-,-,-,-,-
2109,Eliminated,20,20,0,3,6,60.0%,50,3.20,60.0%,-,-,-,-,-,-,-,-,-,-
2110,Eliminated,20,20,2,1,4,60.0%,50,3.50,60.0%,-,-,-,-,-,-,-,-,-,-
2111,Eliminated,20,20,6,1,4,60.0%,50,4.58,60.0%,-,-,-,-,-,-,-,-,-,-
2112,Eliminated,20,20,8,2,0,60.0%,50,3.00,60.0%,-,-,-,-,-,-,-,-,-,-
2113,Eliminated,0,0,4,1,6,58.0%,50,1.80,58.0%,-,-,-,-,-,-,-,-,-,-
2114,Eliminated,0,5,2,1,10,58.0%,50,3.56,58.0%,-,-,-,-,-,-,-,-,-,-
2115,Eliminated,0,5,4,1,2,58.0%,50,2.86,58.0%,-,-,-,-,-,-,-,-,-,-
2116,Eliminated,0,5,10,2,2,58.0%,50,2.78,58.0%,-,-,-,-,-,-,-,-,-,-
2117,Eliminated,0,10,0,2,8,58.0%,50,2.46,58.0%,-,-,-,-,-,-,-,-,-,-
2118,Eliminated,0,10,2,2,0,58.0%,50,2.10,58.0%,-,-,-,-,-,-,-,-,-,-
2119,Eliminated,0,10,6,1,2,58.0%,50,3.48,58.0%,-,-,-,-,-,-,-,-,-,-
2120,Eliminated,0,10,6,3,0,58.0%,50,2.28,58.0%,-,-,-,-,-,-,-,-,-,-
2121,Eliminated,0,10,10,3,0,58.0%,50,1.94,58.0%,-,-,-,-,-,-,-,-,-,-
2122,Eliminated,0,15,0,2,6,58.0%,50,2.44,58.0%,-,-,-,-,-,-,-,-,-,-
2123,Eliminated,0,15,2,2,8,58.0%,50,3.34,58.0%,-,-,-,-,-,-,-,-,-,-
2124,Eliminated,0,15,2,3,0,58.0%,50,2.64,58.0%,-,-,-,-,-,-,-,-,-,-
2125,Eliminated,0,15,6,2,2,58.0%,50,3.02,58.0%,-,-,-,-,-,-,-,-,-,-
2126,Eliminated,0,20,0,2,4,58.0%,50,3.14,58.0%,-,-,-,-,-,-,-,-,-,-
2127,Eliminated,0,20,0,2,10,58.0%,50,2.54,58.0%,-,-,-,-,-,-,-,-,-,-
2128,Eliminated,0,20,0,3,8,58.0%,50,2.68,58.0%,-,-,-,-,-,-,-,-,-,-
2129,Eliminated,0,20,6,2,6,58.0%,50,4.94,58.0%,-,-,-,-,-,-,-,-,-,-
2130,Eliminated,0,20,6,2,8,58.0%,50,5.04,58.0%,-,-,-,-,-,-,-,-,-,-
2131,Eliminated,5,0,10,1,0,58.0%,50,2.42,58.0%,-,-,-,-,-,-,-,-,-,-
2132,Eliminated,5,0,10,1,6,58.0%,50,2.86,58.0%,-,-,-,-,-,-,-,-,-,-
2133,Eliminated,5,5,0,1,2,58.0%,50,1.96,58.0%,-,-,-,-,-,-,-,-,-,-
2134,Eliminated,5,5,8,1,8,58.0%,50,3.98,58.0%,-,-,-,-,-,-,-,-,-,-
2135,Eliminated,5,10,0,3,0,58.0%,50,2.46,58.0%,-,-,-,-,-,-,-,-,-,-
2136,Eliminated,5,10,0,3,6,58.0%,50,2.44,58.0%,-,-,-,-,-,-,-,-,-,-
2137,Eliminated,5,10,2,3,0,58.0%,50,2.38,58.0%,-,-,-,-,-,-,-,-,-,-
2138,Eliminated,5,10,6,1,4,58.0%,50,3.58,58.0%,-,-,-,-,-,-,-,-,-,-
2139,Eliminated,5,10,8,1,4,58.0%,50,3.44,58.0%,-,-,-,-,-,-,-,-,-,-
2140,Eliminated,5,15,0,1,0,58.0%,50,3.32,58.0%,-,-,-,-,-,-,-,-,-,-
2141,Eliminated,5,15,0,2,6,58.0%,50,3.04,58.0%,-,-,-,-,-,-,-,-,-,-
2142,Eliminated,5,15,6,1,8,58.0%,50,4.68,58.0%,-,-,-,-,-,-,-,-,-,-
2143,Eliminated,5,15,8,1,2,58.0%,50,4.16,58.0%,-,-,-,-,-,-,-,-,-,-
2144,Eliminated,5,15,8,2,6,58.0%,50,4.00,58.0%,-,-,-,-,-,-,-,-,-,-
2145,Eliminated,5,20,4,1,0,58.0%,50,3.32,58.0%,-,-,-,-,-,-,-,-,-,-
2146,Eliminated,5,20,4,1,4,58.0%,50,4.62,58.0%,-,-,-,-,-,-,-,-,-,-
2147,Eliminated,5,20,6,3,0,58.0%,50,2.90,58.0%,-,-,-,-,-,-,-,-,-,-
2148,Eliminated,5,20,10,2,0,58.0%,50,2.72,58.0%,-,-,-,-,-,-,-,-,-,-
2149,Eliminated,10,0,4,1,0,58.0%,50,1.40,58.0%,-,-,-,-,-,-,-,-,-,-
2150,Eliminated,10,15,0,1,0,58.0%,50,3.08,58.0%,-,-,-,-,-,-,-,-,-,-
2151,Eliminated,10,15,0,2,0,58.0%,50,3.34,58.0%,-,-,-,-,-,-,-,-,-,-
2152,Eliminated,10,15,8,2,2,58.0%,50,3.52,58.0%,-,-,-,-,-,-,-,-,-,-
2153,Eliminated,10,15,8,3,2,58.0%,50,3.04,58.0%,-,-,-,-,-,-,-,-,-,-
2154,Eliminated,10,15,10,3,0,58.0%,50,3.02,58.0%,-,-,-,-,-,-,-,-,-,-
2155,Eliminated,10,20,0,1,2,58.0%,50,3.54,58.0%,-,-,-,-,-,-,-,-,-,-
2156,Eliminated,10,20,0,1,6,58.0%,50,3.12,58.0%,-,-,-,-,-,-,-,-,-,-
2157,Eliminated,10,20,0,3,2,58.0%,50,3.50,58.0%,-,-,-,-,-,-,-,-,-,-
2158,Eliminated,10,20,6,1,6,58.0%,50,4.94,58.0%,-,-,-,-,-,-,-,-,-,-
2159,Eliminated,10,20,6,3,0,58.0%,50,3.30,58.0%,-,-,-,-,-,-,-,-,-,-
2160,Eliminated,10,20,8,1,2,58.0%,50,3.94,58.0%,-,-,-,-,-,-,-,-,-,-
2161,Eliminated,10,20,8,1,4,58.0%,50,5.02,58.0%,-,-,-,-,-,-,-,-,-,-
2162,Eliminated,10,20,8,1,6,58.0%,50,5.22,58.0%,-,-,-,-,-,-,-,-,-,-
2163,Eliminated,10,20,8,2,0,58.0%,50,2.92,58.0%,-,-,-,-,-,-,-,-,-,-
2164,Eliminated,10,20,10,2,0,58.0%,50,3.10,58.0%,-,-,-,-,-,-,-,-,-,-
2165,Eliminated,15,5,10,1,4,58.0%,50,3.74,58.0%,-,-,-,-,-,-,-,-,-,-
2166,Eliminated,15,10,0,1,0,58.0%,50,3.22,58.0%,-,-,-,-,-,-,-,-,-,-
2167,Eliminated,15,10,0,2,0,58.0%,50,2.92,58.0%,-,-,-,-,-,-,-,-,-,-
2168,Eliminated,15,10,6,1,0,58.0%,50,3.02,58.0%,-,-,-,-,-,-,-,-,-,-
2169,Eliminated,15,15,2,2,2,58.0%,50,3.18,58.0%,-,-,-,-,-,-,-,-,-,-
2170,Eliminated,15,15,6,1,8,58.0%,50,5.10,58.0%,-,-,-,-,-,-,-,-,-,-
2171,Eliminated,15,15,8,1,0,58.0%,50,3.50,58.0%,-,-,-,-,-,-,-,-,-,-
2172,Eliminated,15,20,0,3,8,58.0%,50,2.90,58.0%,-,-,-,-,-,-,-,-,-,-
2173,Eliminated,15,20,2,1,2,58.0%,50,3.40,58.0%,-,-,-,-,-,-,-,-,-,-
2174,Eliminated,15,20,4,3,0,58.0%,50,3.36,58.0%,-,-,-,-,-,-,-,-,-,-
2175,Eliminated,20,0,10,1,0,58.0%,50,2.86,58.0%,-,-,-,-,-,-,-,-,-,-
2176,Eliminated,20,5,0,1,0,58.0%,50,2.32,58.0%,-,-,-,-,-,-,-,-,-,-
2177,Eliminated,20,5,2,1,0,58.0%,50,2.12,58.0%,-,-,-,-,-,-,-,-,-,-
2178,Eliminated,20,5,2,3,0,58.0%,50,2.24,58.0%,-,-,-,-,-,-,-,-,-,-
2179,Eliminated,20,5,10,2,0,58.0%,50,1.78,58.0%,-,-,-,-,-,-,-,-,-,-
2180,Eliminated,20,10,6,2,0,58.0%,50,2.68,58.0%,-,-,-,-,-,-,-,-,-,-
2181,Eliminated,20,10,8,1,0,58.0%,50,3.06,58.0%,-,-,-,-,-,-,-,-,-,-
2182,Eliminated,20,10,8,3,0,58.0%,50,2.88,58.0%,-,-,-,-,-,-,-,-,-,-
2183,Eliminated,20,15,2,3,2,58.0%,50,3.00,58.0%,-,-,-,-,-,-,-,-,-,-
2184,Eliminated,20,15,4,3,0,58.0%,50,3.24,58.0%,-,-,-,-,-,-,-,-,-,-
2185,Eliminated,20,15,8,1,0,58.0%,50,3.18,58.0%,-,-,-,-,-,-,-,-,-,-
2186,Eliminated,20,15,8,3,0,58.0%,50,3.72,58.0%,-,-,-,-,-,-,-,-,-,-
2187,Eliminated,20,20,0,1,0,58.0%,50,3.08,58.0%,-,-,-,-,-,-,-,-,-,-
2188,Eliminated,20,20,2,2,0,58.0%,50,3.58,58.0%,-,-,-,-,-,-,-,-,-,-
2189,Eliminated,20,20,2,3,0,58.0%,50,3.06,58.0%,-,-,-,-,-,-,-,-,-,-
2190,Eliminated,20,20,4,3,0,58.0%,50,3.12,58.0%,-,-,-,-,-,-,-,-,-,-
2191,Eliminated,20,20,6,1,0,58.0%,50,3.26,58.0%,-,-,-,-,-,-,-,-,-,-
2192,Eliminated,20,20,6,2,0,58.0%,50,3.44,58.0%,-,-,-,-,-,-,-,-,-,-
2193,Eliminated,20,20,6,3,0,58.0%,50,3.36,58.0%,-,-,-,-,-,-,-,-,-,-
2194,Eliminated,20,20,8,1,2,58.0%,50,3.88,58.0%,-,-,-,-,-,-,-,-,-,-
2195,Eliminated,20,20,8,1,6,58.0%,50,6.36,58.0%,-,-,-,-,-,-,-,-,-,-
2196,Eliminated,0,0,0,2,0,56.0%,50,0.70,56.0%,-,-,-,-,-,-,-,-,-,-
2197,Eliminated,0,0,6,1,10,56.0%,50,1.64,56.0%,-,-,-,-,-,-,-,-,-,-
2198,Eliminated,0,5,2,1,0,56.0%,50,2.20,56.0%,-,-,-,-,-,-,-,-,-,-
2199,Eliminated,0,5,2,1,4,56.0%,50,2.76,56.0%,-,-,-,-,-,-,-,-,-,-
2200,Eliminated,0,5,2,1,8,56.0%,50,2.68,56.0%,-,-,-,-,-,-,-,-,-,-
2201,Eliminated,0,5,6,1,6,56.0%,50,2.64,56.0%,-,-,-,-,-,-,-,-,-,-
2202,Eliminated,0,5,8,1,0,56.0%,50,2.60,56.0%,-,-,-,-,-,-,-,-,-,-
2203,Eliminated,0,5,8,1,2,56.0%,50,2.70,56.0%,-,-,-,-,-,-,-,-,-,-
2204,Eliminated,0,5,8,1,6,56.0%,50,2.88,56.0%,-,-,-,-,-,-,-,-,-,-
2205,Eliminated,0,5,10,2,6,56.0%,50,3.14,56.0%,-,-,-,-,-,-,-,-,-,-
2206,Eliminated,0,10,0,2,2,56.0%,50,2.20,56.0%,-,-,-,-,-,-,-,-,-,-
2207,Eliminated,0,10,8,1,2,56.0%,50,3.26,56.0%,-,-,-,-,-,-,-,-,-,-
2208,Eliminated,0,10,8,1,6,56.0%,50,3.84,56.0%,-,-,-,-,-,-,-,-,-,-
2209,Eliminated,0,10,8,3,0,56.0%,50,1.98,56.0%,-,-,-,-,-,-,-,-,-,-
2210,Eliminated,0,15,0,2,4,56.0%,50,2.44,56.0%,-,-,-,-,-,-,-,-,-,-
2211,Eliminated,0,15,0,2,8,56.0%,50,2.60,56.0%,-,-,-,-,-,-,-,-,-,-
2212,Eliminated,0,15,0,3,6,56.0%,50,2.82,56.0%,-,-,-,-,-,-,-,-,-,-
2213,Eliminated,0,15,0,3,8,56.0%,50,2.64,56.0%,-,-,-,-,-,-,-,-,-,-
2214,Eliminated,0,15,2,1,0,56.0%,50,3.70,56.0%,-,-,-,-,-,-,-,-,-,-
2215,Eliminated,0,15,2,2,6,56.0%,50,2.90,56.0%,-,-,-,-,-,-,-,-,-,-
2216,Eliminated,0,15,6,2,10,56.0%,50,3.88,56.0%,-,-,-,-,-,-,-,-,-,-
2217,Eliminated,0,20,4,2,6,56.0%,50,3.88,56.0%,-,-,-,-,-,-,-,-,-,-
2218,Eliminated,0,20,6,2,0,56.0%,50,3.04,56.0%,-,-,-,-,-,-,-,-,-,-
2219,Eliminated,0,20,6,2,2,56.0%,50,3.36,56.0%,-,-,-,-,-,-,-,-,-,-
2220,Eliminated,0,20,8,2,0,56.0%,50,3.06,56.0%,-,-,-,-,-,-,-,-,-,-
2221,Eliminated,5,0,0,2,4,56.0%,50,1.02,56.0%,-,-,-,-,-,-,-,-,-,-
2222,Eliminated,5,5,4,1,8,56.0%,50,3.32,56.0%,-,-,-,-,-,-,-,-,-,-
2223,Eliminated,5,5,8,1,2,56.0%,50,2.62,56.0%,-,-,-,-,-,-,-,-,-,-
2224,Eliminated,5,10,0,1,2,56.0%,50,2.94,56.0%,-,-,-,-,-,-,-,-,-,-
2225,Eliminated,5,10,6,1,8,56.0%,50,4.56,56.0%,-,-,-,-,-,-,-,-,-,-
2226,Eliminated,5,10,8,1,6,56.0%,50,4.28,56.0%,-,-,-,-,-,-,-,-,-,-
2227,Eliminated,5,10,8,3,0,56.0%,50,2.58,56.0%,-,-,-,-,-,-,-,-,-,-
2228,Eliminated,5,10,10,2,0,56.0%,50,2.30,56.0%,-,-,-,-,-,-,-,-,-,-
2229,Eliminated,5,10,10,3,0,56.0%,50,2.32,56.0%,-,-,-,-,-,-,-,-,-,-
2230,Eliminated,5,15,0,1,8,56.0%,50,3.46,56.0%,-,-,-,-,-,-,-,-,-,-
2231,Eliminated,5,15,2,1,4,56.0%,50,3.60,56.0%,-,-,-,-,-,-,-,-,-,-
2232,Eliminated,5,15,2,1,8,56.0%,50,4.12,56.0%,-,-,-,-,-,-,-,-,-,-
2233,Eliminated,5,15,10,3,0,56.0%,50,2.50,56.0%,-,-,-,-,-,-,-,-,-,-
2234,Eliminated,5,20,0,3,4,56.0%,50,2.98,56.0%,-,-,-,-,-,-,-,-,-,-
2235,Eliminated,5,20,0,3,8,56.0%,50,2.86,56.0%,-,-,-,-,-,-,-,-,-,-
2236,Eliminated,5,20,2,1,4,56.0%,50,3.94,56.0%,-,-,-,-,-,-,-,-,-,-
2237,Eliminated,5,20,2,3,2,56.0%,50,2.88,56.0%,-,-,-,-,-,-,-,-,-,-
2238,Eliminated,5,20,6,1,2,56.0%,50,3.66,56.0%,-,-,-,-,-,-,-,-,-,-
2239,Eliminated,5,20,6,1,6,56.0%,50,5.74,56.0%,-,-,-,-,-,-,-,-,-,-
2240,Eliminated,5,20,8,1,4,56.0%,50,5.04,56.0%,-,-,-,-,-,-,-,-,-,-
2241,Eliminated,5,20,8,3,0,56.0%,50,3.20,56.0%,-,-,-,-,-,-,-,-,-,-
2242,Eliminated,10,10,2,1,0,56.0%,50,2.96,56.0%,-,-,-,-,-,-,-,-,-,-
2243,Eliminated,10,15,0,2,2,56.0%,50,2.76,56.0%,-,-,-,-,-,-,-,-,-,-
2244,Eliminated,10,15,4,1,10,56.0%,50,4.30,56.0%,-,-,-,-,-,-,-,-,-,-
2245,Eliminated,10,15,10,2,0,56.0%,50,3.02,56.0%,-,-,-,-,-,-,-,-,-,-
2246,Eliminated,10,20,0,3,0,56.0%,50,3.32,56.0%,-,-,-,-,-,-,-,-,-,-
2247,Eliminated,10,20,2,2,0,56.0%,50,3.10,56.0%,-,-,-,-,-,-,-,-,-,-
2248,Eliminated,10,20,4,2,0,56.0%,50,3.22,56.0%,-,-,-,-,-,-,-,-,-,-
2249,Eliminated,10,20,10,2,2,56.0%,50,3.48,56.0%,-,-,-,-,-,-,-,-,-,-
2250,Eliminated,15,5,2,1,0,56.0%,50,2.44,56.0%,-,-,-,-,-,-,-,-,-,-
2251,Eliminated,15,10,4,1,0,56.0%,50,2.78,56.0%,-,-,-,-,-,-,-,-,-,-
2252,Eliminated,15,15,2,2,0,56.0%,50,3.36,56.0%,-,-,-,-,-,-,-,-,-,-
2253,Eliminated,15,20,0,2,4,56.0%,50,3.32,56.0%,-,-,-,-,-,-,-,-,-,-
2254,Eliminated,15,20,0,3,2,56.0%,50,3.46,56.0%,-,-,-,-,-,-,-,-,-,-
2255,Eliminated,15,20,0,3,4,56.0%,50,3.32,56.0%,-,-,-,-,-,-,-,-,-,-
2256,Eliminated,15,20,4,1,2,56.0%,50,4.38,56.0%,-,-,-,-,-,-,-,-,-,-
2257,Eliminated,15,20,8,2,0,56.0%,50,3.02,56.0%,-,-,-,-,-,-,-,-,-,-
2258,Eliminated,20,10,2,3,0,56.0%,50,2.82,56.0%,-,-,-,-,-,-,-,-,-,-
2259,Eliminated,20,10,8,1,6,56.0%,50,4.82,56.0%,-,-,-,-,-,-,-,-,-,-
2260,Eliminated,20,10,10,2,0,56.0%,50,2.78,56.0%,-,-,-,-,-,-,-,-,-,-
2261,Eliminated,20,15,2,2,0,56.0%,50,3.30,56.0%,-,-,-,-,-,-,-,-,-,-
2262,Eliminated,20,15,6,3,0,56.0%,50,3.00,56.0%,-,-,-,-,-,-,-,-,-,-
2263,Eliminated,20,20,0,2,0,56.0%,50,3.24,56.0%,-,-,-,-,-,-,-,-,-,-
2264,Eliminated,20,20,4,1,0,56.0%,50,3.04,56.0%,-,-,-,-,-,-,-,-,-,-
2265,Eliminated,20,20,10,3,0,56.0%,50,3.48,56.0%,-,-,-,-,-,-,-,-,-,-
2266,Eliminated,0,0,8,1,10,54.0%,50,1.60,54.0%,-,-,-,-,-,-,-,-,-,-
2267,Eliminated,0,5,2,2,0,54.0%,50,1.48,54.0%,-,-,-,-,-,-,-,-,-,-
2268,Eliminated,0,5,6,1,2,54.0%,50,2.80,54.0%,-,-,-,-,-,-,-,-,-,-
2269,Eliminated,0,5,6,1,10,54.0%,50,3.00,54.0%,-,-,-,-,-,-,-,-,-,-
2270,Eliminated,0,10,4,1,4,54.0%,50,4.16,54.0%,-,-,-,-,-,-,-,-,-,-
2271,Eliminated,0,10,6,1,0,54.0%,50,3.80,54.0%,-,-,-,-,-,-,-,-,-,-
2272,Eliminated,0,10,8,2,0,54.0%,50,2.52,54.0%,-,-,-,-,-,-,-,-,-,-
2273,Eliminated,0,15,2,2,4,54.0%,50,3.16,54.0%,-,-,-,-,-,-,-,-,-,-
2274,Eliminated,0,15,2,3,4,54.0%,50,2.92,54.0%,-,-,-,-,-,-,-,-,-,-
2275,Eliminated,0,15,4,3,0,54.0%,50,2.78,54.0%,-,-,-,-,-,-,-,-,-,-
2276,Eliminated,0,15,6,1,0,54.0%,50,3.72,54.0%,-,-,-,-,-,-,-,-,-,-
2277,Eliminated,0,20,0,2,0,54.0%,50,3.12,54.0%,-,-,-,-,-,-,-,-,-,-
2278,Eliminated,0,20,0,2,2,54.0%,50,2.98,54.0%,-,-,-,-,-,-,-,-,-,-
2279,Eliminated,0,20,0,2,6,54.0%,50,2.84,54.0%,-,-,-,-,-,-,-,-,-,-
2280,Eliminated,0,20,2,3,0,54.0%,50,2.88,54.0%,-,-,-,-,-,-,-,-,-,-
2281,Eliminated,0,20,4,2,10,54.0%,50,3.94,54.0%,-,-,-,-,-,-,-,-,-,-
2282,Eliminated,0,20,6,2,10,54.0%,50,3.98,54.0%,-,-,-,-,-,-,-,-,-,-
2283,Eliminated,0,20,8,2,6,54.0%,50,4.56,54.0%,-,-,-,-,-,-,-,-,-,-
2284,Eliminated,0,20,10,3,0,54.0%,50,2.76,54.0%,-,-,-,-,-,-,-,-,-,-
2285,Eliminated,5,0,10,1,8,54.0%,50,2.70,54.0%,-,-,-,-,-,-,-,-,-,-
2286,Eliminated,5,5,0,2,0,54.0%,50,2.08,54.0%,-,-,-,-,-,-,-,-,-,-
2287,Eliminated,5,5,4,2,0,54.0%,50,1.98,54.0%,-,-,-,-,-,-,-,-,-,-
2288,Eliminated,5,10,0,1,10,54.0%,50,3.46,54.0%,-,-,-,-,-,-,-,-,-,-
2289,Eliminated,5,10,6,1,0,54.0%,50,2.82,54.0%,-,-,-,-,-,-,-,-,-,-
2290,Eliminated,5,10,6,1,10,54.0%,50,4.62,54.0%,-,-,-,-,-,-,-,-,-,-
2291,Eliminated,5,15,2,2,0,54.0%,50,2.84,54.0%,-,-,-,-,-,-,-,-,-,-
2292,Eliminated,5,15,2,3,0,54.0%,50,2.92,54.0%,-,-,-,-,-,-,-,-,-,-
2293,Eliminated,5,15,4,1,6,54.0%,50,4.10,54.0%,-,-,-,-,-,-,-,-,-,-
2294,Eliminated,5,15,4,1,10,54.0%,50,4.40,54.0%,-,-,-,-,-,-,-,-,-,-
2295,Eliminated,5,15,6,2,2,54.0%,50,3.30,54.0%,-,-,-,-,-,-,-,-,-,-
2296,Eliminated,5,15,8,1,0,54.0%,50,3.56,54.0%,-,-,-,-,-,-,-,-,-,-
2297,Eliminated,5,15,10,2,0,54.0%,50,2.92,54.0%,-,-,-,-,-,-,-,-,-,-
2298,Eliminated,5,20,0,1,0,54.0%,50,3.52,54.0%,-,-,-,-,-,-,-,-,-,-
2299,Eliminated,5,20,0,2,0,54.0%,50,2.82,54.0%,-,-,-,-,-,-,-,-,-,-
2300,Eliminated,5,20,0,2,4,54.0%,50,3.28,54.0%,-,-,-,-,-,-,-,-,-,-
2301,Eliminated,5,20,2,1,8,54.0%,50,3.90,54.0%,-,-,-,-,-,-,-,-,-,-
2302,Eliminated,5,20,4,1,10,54.0%,50,4.78,54.0%,-,-,-,-,-,-,-,-,-,-
2303,Eliminated,5,20,8,1,2,54.0%,50,4.18,54.0%,-,-,-,-,-,-,-,-,-,-
2304,Eliminated,5,20,10,2,10,54.0%,50,4.08,54.0%,-,-,-,-,-,-,-,-,-,-
2305,Eliminated,10,10,2,1,4,54.0%,50,3.38,54.0%,-,-,-,-,-,-,-,-,-,-
2306,Eliminated,10,10,2,3,0,54.0%,50,2.74,54.0%,-,-,-,-,-,-,-,-,-,-
2307,Eliminated,10,10,8,3,0,54.0%,50,2.70,54.0%,-,-,-,-,-,-,-,-,-,-
2308,Eliminated,10,15,0,1,2,54.0%,50,3.56,54.0%,-,-,-,-,-,-,-,-,-,-
2309,Eliminated,10,15,0,3,10,54.0%,50,3.22,54.0%,-,-,-,-,-,-,-,-,-,-
2310,Eliminated,10,15,2,1,4,54.0%,50,4.40,54.0%,-,-,-,-,-,-,-,-,-,-
2311,Eliminated,10,15,4,3,0,54.0%,50,2.80,54.0%,-,-,-,-,-,-,-,-,-,-
2312,Eliminated,10,15,6,1,0,54.0%,50,3.10,54.0%,-,-,-,-,-,-,-,-,-,-
2313,Eliminated,10,20,2,1,0,54.0%,50,3.54,54.0%,-,-,-,-,-,-,-,-,-,-
2314,Eliminated,10,20,6,1,2,54.0%,50,3.98,54.0%,-,-,-,-,-,-,-,-,-,-
2315,Eliminated,10,20,8,1,0,54.0%,50,4.02,54.0%,-,-,-,-,-,-,-,-,-,-
2316,Eliminated,15,15,4,3,0,54.0%,50,3.42,54.0%,-,-,-,-,-,-,-,-,-,-
2317,Eliminated,15,20,0,1,0,54.0%,50,3.42,54.0%,-,-,-,-,-,-,-,-,-,-
2318,Eliminated,15,20,6,1,0,54.0%,50,3.40,54.0%,-,-,-,-,-,-,-,-,-,-
2319,Eliminated,20,15,0,2,2,54.0%,50,3.52,54.0%,-,-,-,-,-,-,-,-,-,-
2320,Eliminated,20,15,2,1,2,54.0%,50,3.40,54.0%,-,-,-,-,-,-,-,-,-,-
2321,Eliminated,20,15,8,2,0,54.0%,50,3.22,54.0%,-,-,-,-,-,-,-,-,-,-
2322,Eliminated,20,15,10,3,0,54.0%,50,3.76,54.0%,-,-,-,-,-,-,-,-,-,-
2323,Eliminated,20,20,0,2,2,54.0%,50,3.48,54.0%,-,-,-,-,-,-,-,-,-,-
2324,Eliminated,20,20,6,1,10,54.0%,50,4.60,54.0%,-,-,-,-,-,-,-,-,-,-
2325,Eliminated,20,20,8,1,4,54.0%,50,5.10,54.0%,-,-,-,-,-,-,-,-,-,-
2326,Eliminated,0,5,0,1,10,52.0%,50,2.58,52.0%,-,-,-,-,-,-,-,-,-,-
2327,Eliminated,0,5,6,1,0,52.0%,50,2.42,52.0%,-,-,-,-,-,-,-,-,-,-
2328,Eliminated,0,5,6,3,0,52.0%,50,1.48,52.0%,-,-,-,-,-,-,-,-,-,-
2329,Eliminated,0,5,10,2,10,52.0%,50,3.48,52.0%,-,-,-,-,-,-,-,-,-,-
2330,Eliminated,0,10,0,2,0,52.0%,50,2.10,52.0%,-,-,-,-,-,-,-,-,-,-
2331,Eliminated,0,15,0,3,10,52.0%,50,2.86,52.0%,-,-,-,-,-,-,-,-,-,-
2332,Eliminated,0,15,2,1,4,52.0%,50,3.68,52.0%,-,-,-,-,-,-,-,-,-,-
2333,Eliminated,0,15,4,1,2,52.0%,50,4.18,52.0%,-,-,-,-,-,-,-,-,-,-
2334,Eliminated,0,15,8,2,6,52.0%,50,4.22,52.0%,-,-,-,-,-,-,-,-,-,-
2335,Eliminated,0,20,2,2,6,52.0%,50,3.06,52.0%,-,-,-,-,-,-,-,-,-,-
2336,Eliminated,0,20,4,1,2,52.0%,50,4.92,52.0%,-,-,-,-,-,-,-,-,-,-
2337,Eliminated,0,20,8,3,0,52.0%,50,2.58,52.0%,-,-,-,-,-,-,-,-,-,-
2338,Eliminated,5,5,2,1,0,52.0%,50,2.34,52.0%,-,-,-,-,-,-,-,-,-,-
2339,Eliminated,5,5,4,3,0,52.0%,50,1.82,52.0%,-,-,-,-,-,-,-,-,-,-
2340,Eliminated,5,5,8,1,6,52.0%,50,3.06,52.0%,-,-,-,-,-,-,-,-,-,-
2341,Eliminated,5,5,10,1,4,52.0%,50,4.34,52.0%,-,-,-,-,-,-,-,-,-,-
2342,Eliminated,5,10,0,2,0,52.0%,50,2.40,52.0%,-,-,-,-,-,-,-,-,-,-
2343,Eliminated,5,10,2,1,0,52.0%,50,3.08,52.0%,-,-,-,-,-,-,-,-,-,-
2344,Eliminated,5,10,2,1,2,52.0%,50,2.86,52.0%,-,-,-,-,-,-,-,-,-,-
2345,Eliminated,5,10,4,1,8,52.0%,50,3.92,52.0%,-,-,-,-,-,-,-,-,-,-
2346,Eliminated,5,10,6,1,2,52.0%,50,3.38,52.0%,-,-,-,-,-,-,-,-,-,-
2347,Eliminated,5,15,0,2,4,52.0%,50,2.94,52.0%,-,-,-,-,-,-,-,-,-,-
2348,Eliminated,5,15,2,1,10,52.0%,50,3.92,52.0%,-,-,-,-,-,-,-,-,-,-
2349,Eliminated,5,15,4,1,0,52.0%,50,3.58,52.0%,-,-,-,-,-,-,-,-,-,-
2350,Eliminated,5,15,6,1,0,52.0%,50,3.46,52.0%,-,-,-,-,-,-,-,-,-,-
2351,Eliminated,5,15,8,2,0,52.0%,50,2.44,52.0%,-,-,-,-,-,-,-,-,-,-
2352,Eliminated,5,20,0,3,0,52.0%,50,2.64,52.0%,-,-,-,-,-,-,-,-,-,-
2353,Eliminated,5,20,0,3,2,52.0%,50,3.14,52.0%,-,-,-,-,-,-,-,-,-,-
2354,Eliminated,5,20,2,3,4,52.0%,50,2.70,52.0%,-,-,-,-,-,-,-,-,-,-
2355,Eliminated,5,20,4,2,0,52.0%,50,3.18,52.0%,-,-,-,-,-,-,-,-,-,-
2356,Eliminated,5,20,4,3,0,52.0%,50,2.88,52.0%,-,-,-,-,-,-,-,-,-,-
2357,Eliminated,5,20,8,1,6,52.0%,50,5.68,52.0%,-,-,-,-,-,-,-,-,-,-
2358,Eliminated,5,20,10,2,8,52.0%,50,4.26,52.0%,-,-,-,-,-,-,-,-,-,-
2359,Eliminated,10,10,10,1,0,52.0%,50,4.00,52.0%,-,-,-,-,-,-,-,-,-,-
2360,Eliminated,10,15,0,3,2,52.0%,50,3.06,52.0%,-,-,-,-,-,-,-,-,-,-
2361,Eliminated,10,15,6,1,2,52.0%,50,3.60,52.0%,-,-,-,-,-,-,-,-,-,-
2362,Eliminated,10,15,8,1,0,52.0%,50,3.80,52.0%,-,-,-,-,-,-,-,-,-,-
2363,Eliminated,10,20,6,1,0,52.0%,50,3.74,52.0%,-,-,-,-,-,-,-,-,-,-
2364,Eliminated,10,20,6,2,0,52.0%,50,3.56,52.0%,-,-,-,-,-,-,-,-,-,-
2365,Eliminated,15,0,2,2,0,52.0%,50,1.10,52.0%,-,-,-,-,-,-,-,-,-,-
2366,Eliminated,15,15,8,1,2,52.0%,50,4.20,52.0%,-,-,-,-,-,-,-,-,-,-
2367,Eliminated,15,20,0,2,0,52.0%,50,3.18,52.0%,-,-,-,-,-,-,-,-,-,-
2368,Eliminated,15,20,0,3,0,52.0%,50,3.14,52.0%,-,-,-,-,-,-,-,-,-,-
2369,Eliminated,15,20,4,2,0,52.0%,50,3.06,52.0%,-,-,-,-,-,-,-,-,-,-
2370,Eliminated,20,5,8,1,0,52.0%,50,2.40,52.0%,-,-,-,-,-,-,-,-,-,-
2371,Eliminated,20,5,8,1,10,52.0%,50,4.72,52.0%,-,-,-,-,-,-,-,-,-,-
2372,Eliminated,20,10,8,1,10,52.0%,50,5.10,52.0%,-,-,-,-,-,-,-,-,-,-
2373,Eliminated,20,15,0,1,0,52.0%,50,3.18,52.0%,-,-,-,-,-,-,-,-,-,-
2374,Eliminated,20,20,0,3,0,52.0%,50,3.54,52.0%,-,-,-,-,-,-,-,-,-,-
2375,Eliminated,0,5,4,1,0,50.0%,50,2.98,50.0%,-,-,-,-,-,-,-,-,-,-
2376,Eliminated,0,10,2,1,2,50.0%,50,3.34,50.0%,-,-,-,-,-,-,-,-,-,-
2377,Eliminated,0,10,8,2,8,50.0%,50,3.94,50.0%,-,-,-,-,-,-,-,-,-,-
2378,Eliminated,0,15,2,1,2,50.0%,50,3.92,50.0%,-,-,-,-,-,-,-,-,-,-
2379,Eliminated,0,15,6,1,2,50.0%,50,3.94,50.0%,-,-,-,-,-,-,-,-,-,-
2380,Eliminated,0,15,8,2,2,50.0%,50,3.46,50.0%,-,-,-,-,-,-,-,-,-,-
2381,Eliminated,0,15,8,2,8,50.0%,50,4.14,50.0%,-,-,-,-,-,-,-,-,-,-
2382,Eliminated,0,15,10,2,0,50.0%,50,4.36,50.0%,-,-,-,-,-,-,-,-,-,-
2383,Eliminated,0,15,10,3,0,50.0%,50,2.62,50.0%,-,-,-,-,-,-,-,-,-,-
2384,Eliminated,0,20,0,3,0,50.0%,50,2.90,50.0%,-,-,-,-,-,-,-,-,-,-
2385,Eliminated,0,20,0,3,2,50.0%,50,2.70,50.0%,-,-,-,-,-,-,-,-,-,-
2386,Eliminated,0,20,4,1,0,50.0%,50,3.90,50.0%,-,-,-,-,-,-,-,-,-,-
2387,Eliminated,5,5,6,1,0,50.0%,50,2.16,50.0%,-,-,-,-,-,-,-,-,-,-
2388,Eliminated,5,10,0,1,0,50.0%,50,2.52,50.0%,-,-,-,-,-,-,-,-,-,-
2389,Eliminated,5,10,4,1,0,50.0%,50,2.90,50.0%,-,-,-,-,-,-,-,-,-,-
2390,Eliminated,5,10,8,1,8,50.0%,50,4.66,50.0%,-,-,-,-,-,-,-,-,-,-
2391,Eliminated,5,10,10,1,0,50.0%,50,3.90,50.0%,-,-,-,-,-,-,-,-,-,-
2392,Eliminated,5,15,0,3,2,50.0%,50,2.74,50.0%,-,-,-,-,-,-,-,-,-,-
2393,Eliminated,5,15,10,1,2,50.0%,50,4.96,50.0%,-,-,-,-,-,-,-,-,-,-
2394,Eliminated,5,15,10,2,10,50.0%,50,4.14,50.0%,-,-,-,-,-,-,-,-,-,-
2395,Eliminated,5,20,4,1,6,50.0%,50,4.62,50.0%,-,-,-,-,-,-,-,-,-,-
2396,Eliminated,10,10,0,3,0,50.0%,50,2.84,50.0%,-,-,-,-,-,-,-,-,-,-
2397,Eliminated,10,10,8,1,6,50.0%,50,5.16,50.0%,-,-,-,-,-,-,-,-,-,-
2398,Eliminated,10,20,8,3,0,50.0%,50,3.34,50.0%,-,-,-,-,-,-,-,-,-,-
2399,Eliminated,15,10,8,1,8,50.0%,50,5.80,50.0%,-,-,-,-,-,-,-,-,-,-
2400,Eliminated,15,15,6,1,0,50.0%,50,3.44,50.0%,-,-,-,-,-,-,-,-,-,-
2401,Eliminated,15,20,8,1,0,50.0%,50,3.28,50.0%,-,-,-,-,-,-,-,-,-,-
2402,Eliminated,15,20,10,2,0,50.0%,50,3.26,50.0%,-,-,-,-,-,-,-,-,-,-
2403,Eliminated,20,5,10,1,2,50.0%,50,3.66,50.0%,-,-,-,-,-,-,-,-,-,-
2404,Eliminated,20,5,10,1,4,50.0%,50,4.02,50.0%,-,-,-,-,-,-,-,-,-,-
2405,Eliminated,20,15,0,3,0,50.0%,50,3.12,50.0%,-,-,-,-,-,-,-,-,-,-
2406,Eliminated,20,15,6,2,0,50.0%,50,3.38,50.0%,-,-,-,-,-,-,-,-,-,-
2407,Eliminated,20,15,8,1,8,50.0%,50,5.14,50.0%,-,-,-,-,-,-,-,-,-,-
2408,Eliminated,20,15,10,1,2,50.0%,50,6.02,50.0%,-,-,-,-,-,-,-,-,-,-
2409,Eliminated,20,20,0,3,2,50.0%,50,3.12,50.0%,-,-,-,-,-,-,-,-,-,-
2410,Eliminated,0,0,10,1,4,48.0%,50,1.70,48.0%,-,-,-,-,-,-,-,-,-,-
2411,Eliminated,0,5,4,1,8,48.0%,50,2.94,48.0%,-,-,-,-,-,-,-,-,-,-
2412,Eliminated,0,10,0,1,2,48.0%,50,3.40,48.0%,-,-,-,-,-,-,-,-,-,-
2413,Eliminated,0,10,2,1,6,48.0%,50,3.82,48.0%,-,-,-,-,-,-,-,-,-,-
2414,Eliminated,0,10,4,1,0,48.0%,50,3.50,48.0%,-,-,-,-,-,-,-,-,-,-
2415,Eliminated,0,10,4,1,2,48.0%,50,3.78,48.0%,-,-,-,-,-,-,-,-,-,-
2416,Eliminated,0,10,8,1,4,48.0%,50,4.26,48.0%,-,-,-,-,-,-,-,-,-,-
2417,Eliminated,0,15,6,1,4,48.0%,50,4.70,48.0%,-,-,-,-,-,-,-,-,-,-
2418,Eliminated,0,15,6,2,6,48.0%,50,3.74,48.0%,-,-,-,-,-,-,-,-,-,-
2419,Eliminated,0,20,8,2,2,48.0%,50,3.86,48.0%,-,-,-,-,-,-,-,-,-,-
2420,Eliminated,5,5,2,3,0,48.0%,50,2.00,48.0%,-,-,-,-,-,-,-,-,-,-
2421,Eliminated,5,5,8,1,10,48.0%,50,3.96,48.0%,-,-,-,-,-,-,-,-,-,-
2422,Eliminated,5,10,0,1,4,48.0%,50,3.32,48.0%,-,-,-,-,-,-,-,-,-,-
2423,Eliminated,5,10,2,1,10,48.0%,50,3.50,48.0%,-,-,-,-,-,-,-,-,-,-
2424,Eliminated,5,10,4,3,0,48.0%,50,2.56,48.0%,-,-,-,-,-,-,-,-,-,-
2425,Eliminated,5,10,10,1,4,48.0%,50,4.74,48.0%,-,-,-,-,-,-,-,-,-,-
2426,Eliminated,5,15,0,1,4,48.0%,50,3.66,48.0%,-,-,-,-,-,-,-,-,-,-
2427,Eliminated,5,15,0,3,4,48.0%,50,2.94,48.0%,-,-,-,-,-,-,-,-,-,-
2428,Eliminated,5,15,2,1,0,48.0%,50,3.58,48.0%,-,-,-,-,-,-,-,-,-,-
2429,Eliminated,5,15,6,1,2,48.0%,50,3.58,48.0%,-,-,-,-,-,-,-,-,-,-
2430,Eliminated,5,15,10,2,4,48.0%,50,3.96,48.0%,-,-,-,-,-,-,-,-,-,-
2431,Eliminated,5,15,10,2,6,48.0%,50,4.34,48.0%,-,-,-,-,-,-,-,-,-,-
2432,Eliminated,5,20,0,1,6,48.0%,50,4.02,48.0%,-,-,-,-,-,-,-,-,-,-
2433,Eliminated,5,20,2,1,10,48.0%,50,4.02,48.0%,-,-,-,-,-,-,-,-,-,-
2434,Eliminated,5,20,10,2,6,48.0%,50,4.42,48.0%,-,-,-,-,-,-,-,-,-,-
2435,Eliminated,10,10,10,1,2,48.0%,50,4.68,48.0%,-,-,-,-,-,-,-,-,-,-
2436,Eliminated,10,15,10,1,0,48.0%,50,5.04,48.0%,-,-,-,-,-,-,-,-,-,-
2437,Eliminated,10,15,10,1,2,48.0%,50,5.16,48.0%,-,-,-,-,-,-,-,-,-,-
2438,Eliminated,10,20,0,1,0,48.0%,50,3.28,48.0%,-,-,-,-,-,-,-,-,-,-
2439,Eliminated,15,15,0,3,0,48.0%,50,3.18,48.0%,-,-,-,-,-,-,-,-,-,-
2440,Eliminated,15,15,6,1,2,48.0%,50,3.50,48.0%,-,-,-,-,-,-,-,-,-,-
2441,Eliminated,15,20,2,2,0,48.0%,50,2.74,48.0%,-,-,-,-,-,-,-,-,-,-
2442,Eliminated,15,20,4,2,2,48.0%,50,3.46,48.0%,-,-,-,-,-,-,-,-,-,-
2443,Eliminated,15,20,8,3,0,48.0%,50,3.10,48.0%,-,-,-,-,-,-,-,-,-,-
2444,Eliminated,20,5,10,1,0,48.0%,50,3.88,48.0%,-,-,-,-,-,-,-,-,-,-
2445,Eliminated,20,15,8,1,2,48.0%,50,3.90,48.0%,-,-,-,-,-,-,-,-,-,-
2446,Eliminated,20,20,2,1,0,48.0%,50,3.54,48.0%,-,-,-,-,-,-,-,-,-,-
2447,Eliminated,20,20,8,1,0,48.0%,50,3.84,48.0%,-,-,-,-,-,-,-,-,-,-
2448,Eliminated,0,0,10,1,2,46.0%,50,1.72,46.0%,-,-,-,-,-,-,-,-,-,-
2449,Eliminated,0,0,10,1,6,46.0%,50,1.66,46.0%,-,-,-,-,-,-,-,-,-,-
2450,Eliminated,0,5,0,1,0,46.0%,50,2.86,46.0%,-,-,-,-,-,-,-,-,-,-
2451,Eliminated,0,5,0,1,8,46.0%,50,2.72,46.0%,-,-,-,-,-,-,-,-,-,-
2452,Eliminated,0,5,10,1,4,46.0%,50,3.20,46.0%,-,-,-,-,-,-,-,-,-,-
2453,Eliminated,0,5,10,2,8,46.0%,50,3.12,46.0%,-,-,-,-,-,-,-,-,-,-
2454,Eliminated,0,10,2,1,4,46.0%,50,3.56,46.0%,-,-,-,-,-,-,-,-,-,-
2455,Eliminated,0,10,8,1,0,46.0%,50,3.46,46.0%,-,-,-,-,-,-,-,-,-,-
2456,Eliminated,0,10,10,2,2,46.0%,50,3.78,46.0%,-,-,-,-,-,-,-,-,-,-
2457,Eliminated,0,10,10,2,4,46.0%,50,3.88,46.0%,-,-,-,-,-,-,-,-,-,-
2458,Eliminated,0,15,8,1,0,46.0%,50,4.04,46.0%,-,-,-,-,-,-,-,-,-,-
2459,Eliminated,0,20,6,1,0,46.0%,50,4.46,46.0%,-,-,-,-,-,-,-,-,-,-
2460,Eliminated,0,20,6,1,2,46.0%,50,4.88,46.0%,-,-,-,-,-,-,-,-,-,-
2461,Eliminated,0,20,6,1,4,46.0%,50,5.20,46.0%,-,-,-,-,-,-,-,-,-,-
2462,Eliminated,0,20,8,1,2,46.0%,50,4.26,46.0%,-,-,-,-,-,-,-,-,-,-
2463,Eliminated,0,20,8,2,8,46.0%,50,4.76,46.0%,-,-,-,-,-,-,-,-,-,-
2464,Eliminated,5,10,8,1,0,46.0%,50,2.76,46.0%,-,-,-,-,-,-,-,-,-,-
2465,Eliminated,5,10,10,1,2,46.0%,50,4.22,46.0%,-,-,-,-,-,-,-,-,-,-
2466,Eliminated,5,15,0,1,2,46.0%,50,3.48,46.0%,-,-,-,-,-,-,-,-,-,-
2467,Eliminated,5,15,4,1,2,46.0%,50,3.56,46.0%,-,-,-,-,-,-,-,-,-,-
2468,Eliminated,5,15,10,1,0,46.0%,50,4.48,46.0%,-,-,-,-,-,-,-,-,-,-
2469,Eliminated,5,15,10,2,8,46.0%,50,4.26,46.0%,-,-,-,-,-,-,-,-,-,-
2470,Eliminated,5,20,2,1,0,46.0%,50,3.48,46.0%,-,-,-,-,-,-,-,-,-,-
2471,Eliminated,5,20,2,1,2,46.0%,50,4.38,46.0%,-,-,-,-,-,-,-,-,-,-
2472,Eliminated,10,5,10,1,2,46.0%,50,3.88,46.0%,-,-,-,-,-,-,-,-,-,-
2473,Eliminated,10,10,8,1,8,46.0%,50,5.58,46.0%,-,-,-,-,-,-,-,-,-,-
2474,Eliminated,10,20,0,1,4,46.0%,50,3.68,46.0%,-,-,-,-,-,-,-,-,-,-
2475,Eliminated,10,20,4,1,0,46.0%,50,3.26,46.0%,-,-,-,-,-,-,-,-,-,-
2476,Eliminated,15,15,8,1,10,46.0%,50,5.24,46.0%,-,-,-,-,-,-,-,-,-,-
2477,Eliminated,15,20,2,3,0,46.0%,50,3.36,46.0%,-,-,-,-,-,-,-,-,-,-
2478,Eliminated,20,10,10,1,0,46.0%,50,4.38,46.0%,-,-,-,-,-,-,-,-,-,-
2479,Eliminated,20,15,8,1,4,46.0%,50,4.84,46.0%,-,-,-,-,-,-,-,-,-,-
2480,Eliminated,20,20,10,1,2,46.0%,50,5.56,46.0%,-,-,-,-,-,-,-,-,-,-
2481,Eliminated,0,0,8,1,8,44.0%,50,1.52,44.0%,-,-,-,-,-,-,-,-,-,-
2482,Eliminated,0,0,10,1,0,44.0%,50,1.86,44.0%,-,-,-,-,-,-,-,-,-,-
2483,Eliminated,0,5,8,1,8,44.0%,50,2.74,44.0%,-,-,-,-,-,-,-,-,-,-
2484,Eliminated,0,10,4,1,8,44.0%,50,4.14,44.0%,-,-,-,-,-,-,-,-,-,-
2485,Eliminated,0,10,6,1,10,44.0%,50,4.06,44.0%,-,-,-,-,-,-,-,-,-,-
2486,Eliminated,0,10,8,2,10,44.0%,50,3.78,44.0%,-,-,-,-,-,-,-,-,-,-
2487,Eliminated,0,10,10,1,0,44.0%,50,3.88,44.0%,-,-,-,-,-,-,-,-,-,-
2488,Eliminated,0,15,8,2,10,44.0%,50,4.16,44.0%,-,-,-,-,-,-,-,-,-,-
2489,Eliminated,0,15,10,2,2,44.0%,50,4.26,44.0%,-,-,-,-,-,-,-,-,-,-
2490,Eliminated,0,20,4,1,4,44.0%,50,5.00,44.0%,-,-,-,-,-,-,-,-,-,-
2491,Eliminated,0,20,8,1,0,44.0%,50,4.78,44.0%,-,-,-,-,-,-,-,-,-,-
2492,Eliminated,0,20,8,1,4,44.0%,50,5.02,44.0%,-,-,-,-,-,-,-,-,-,-
2493,Eliminated,5,20,2,1,6,44.0%,50,4.76,44.0%,-,-,-,-,-,-,-,-,-,-
2494,Eliminated,5,20,2,2,0,44.0%,50,3.12,44.0%,-,-,-,-,-,-,-,-,-,-
2495,Eliminated,5,20,6,1,0,44.0%,50,3.78,44.0%,-,-,-,-,-,-,-,-,-,-
2496,Eliminated,5,20,6,1,10,44.0%,50,5.06,44.0%,-,-,-,-,-,-,-,-,-,-
2497,Eliminated,5,20,8,1,0,44.0%,50,4.10,44.0%,-,-,-,-,-,-,-,-,-,-
2498,Eliminated,10,5,10,1,0,44.0%,50,3.98,44.0%,-,-,-,-,-,-,-,-,-,-
2499,Eliminated,10,10,4,2,0,44.0%,50,2.90,44.0%,-,-,-,-,-,-,-,-,-,-
2500,Eliminated,10,15,8,1,8,44.0%,50,5.74,44.0%,-,-,-,-,-,-,-,-,-,-
2501,Eliminated,10,15,8,1,10,44.0%,50,5.54,44.0%,-,-,-,-,-,-,-,-,-,-
2502,Eliminated,10,20,8,1,8,44.0%,50,6.34,44.0%,-,-,-,-,-,-,-,-,-,-
2503,Eliminated,10,20,8,1,10,44.0%,50,5.38,44.0%,-,-,-,-,-,-,-,-,-,-
2504,Eliminated,15,5,10,1,0,44.0%,50,4.30,44.0%,-,-,-,-,-,-,-,-,-,-
2505,Eliminated,15,10,8,1,10,44.0%,50,4.90,44.0%,-,-,-,-,-,-,-,-,-,-
2506,Eliminated,15,15,8,1,6,44.0%,50,5.54,44.0%,-,-,-,-,-,-,-,-,-,-
2507,Eliminated,15,15,8,1,8,44.0%,50,5.92,44.0%,-,-,-,-,-,-,-,-,-,-
2508,Eliminated,15,20,10,1,0,44.0%,50,4.82,44.0%,-,-,-,-,-,-,-,-,-,-
2509,Eliminated,15,20,10,1,2,44.0%,50,5.48,44.0%,-,-,-,-,-,-,-,-,-,-
2510,Eliminated,20,10,4,3,0,44.0%,50,3.16,44.0%,-,-,-,-,-,-,-,-,-,-
2511,Eliminated,20,10,8,1,8,44.0%,50,4.88,44.0%,-,-,-,-,-,-,-,-,-,-
2512,Eliminated,20,10,10,1,2,44.0%,50,4.68,44.0%,-,-,-,-,-,-,-,-,-,-
2513,Eliminated,20,20,8,1,8,44.0%,50,5.64,44.0%,-,-,-,-,-,-,-,-,-,-
2514,Eliminated,0,5,0,1,6,42.0%,50,3.02,42.0%,-,-,-,-,-,-,-,-,-,-
2515,Eliminated,0,5,6,1,8,42.0%,50,2.90,42.0%,-,-,-,-,-,-,-,-,-,-
2516,Eliminated,0,10,0,1,0,42.0%,50,3.22,42.0%,-,-,-,-,-,-,-,-,-,-
2517,Eliminated,0,10,8,1,8,42.0%,50,4.10,42.0%,-,-,-,-,-,-,-,-,-,-
2518,Eliminated,0,10,10,1,2,42.0%,50,3.94,42.0%,-,-,-,-,-,-,-,-,-,-
2519,Eliminated,0,15,0,1,2,42.0%,50,3.90,42.0%,-,-,-,-,-,-,-,-,-,-
2520,Eliminated,0,15,0,1,4,42.0%,50,4.30,42.0%,-,-,-,-,-,-,-,-,-,-
2521,Eliminated,0,15,6,1,6,42.0%,50,4.58,42.0%,-,-,-,-,-,-,-,-,-,-
2522,Eliminated,0,15,8,1,2,42.0%,50,4.28,42.0%,-,-,-,-,-,-,-,-,-,-
2523,Eliminated,0,15,8,1,4,42.0%,50,4.00,42.0%,-,-,-,-,-,-,-,-,-,-
2524,Eliminated,0,20,0,1,0,42.0%,50,4.06,42.0%,-,-,-,-,-,-,-,-,-,-
2525,Eliminated,0,20,2,1,0,42.0%,50,4.10,42.0%,-,-,-,-,-,-,-,-,-,-
2526,Eliminated,0,20,2,1,2,42.0%,50,4.54,42.0%,-,-,-,-,-,-,-,-,-,-
2527,Eliminated,5,15,0,1,6,42.0%,50,3.54,42.0%,-,-,-,-,-,-,-,-,-,-
2528,Eliminated,5,15,0,1,10,42.0%,50,3.52,42.0%,-,-,-,-,-,-,-,-,-,-
2529,Eliminated,5,15,8,1,6,42.0%,50,4.86,42.0%,-,-,-,-,-,-,-,-,-,-
2530,Eliminated,5,20,0,1,2,42.0%,50,3.76,42.0%,-,-,-,-,-,-,-,-,-,-
2531,Eliminated,5,20,4,1,2,42.0%,50,3.96,42.0%,-,-,-,-,-,-,-,-,-,-
2532,Eliminated,5,20,6,1,8,42.0%,50,5.06,42.0%,-,-,-,-,-,-,-,-,-,-
2533,Eliminated,5,20,10,1,0,42.0%,50,5.06,42.0%,-,-,-,-,-,-,-,-,-,-
2534,Eliminated,5,20,10,1,4,42.0%,50,5.64,42.0%,-,-,-,-,-,-,-,-,-,-
2535,Eliminated,10,5,10,1,6,42.0%,50,4.34,42.0%,-,-,-,-,-,-,-,-,-,-
2536,Eliminated,10,20,10,1,0,42.0%,50,5.10,42.0%,-,-,-,-,-,-,-,-,-,-
2537,Eliminated,10,20,10,1,2,42.0%,50,5.30,42.0%,-,-,-,-,-,-,-,-,-,-
2538,Eliminated,10,20,10,1,4,42.0%,50,5.58,42.0%,-,-,-,-,-,-,-,-,-,-
2539,Eliminated,15,15,10,1,4,42.0%,50,5.46,42.0%,-,-,-,-,-,-,-,-,-,-
2540,Eliminated,15,20,2,1,0,42.0%,50,3.46,42.0%,-,-,-,-,-,-,-,-,-,-
2541,Eliminated,15,20,8,1,10,42.0%,50,5.22,42.0%,-,-,-,-,-,-,-,-,-,-
2542,Eliminated,15,20,10,1,4,42.0%,50,6.04,42.0%,-,-,-,-,-,-,-,-,-,-
2543,Eliminated,20,15,8,1,10,42.0%,50,5.20,42.0%,-,-,-,-,-,-,-,-,-,-
2544,Eliminated,20,20,8,1,10,42.0%,50,5.58,42.0%,-,-,-,-,-,-,-,-,-,-
2545,Eliminated,20,20,10,1,0,42.0%,50,4.58,42.0%,-,-,-,-,-,-,-,-,-,-
2546,Eliminated,20,20,10,1,4,42.0%,50,5.66,42.0%,-,-,-,-,-,-,-,-,-,-
2547,Eliminated,0,5,4,1,10,40.0%,50,2.86,40.0%,-,-,-,-,-,-,-,-,-,-
2548,Eliminated,0,10,2,1,0,40.0%,50,3.86,40.0%,-,-,-,-,-,-,-,-,-,-
2549,Eliminated,0,10,2,1,10,40.0%,50,3.70,40.0%,-,-,-,-,-,-,-,-,-,-
2550,Eliminated,0,10,6,1,6,40.0%,50,4.18,40.0%,-,-,-,-,-,-,-,-,-,-
2551,Eliminated,0,10,10,2,0,40.0%,50,3.42,40.0%,-,-,-,-,-,-,-,-,-,-
2552,Eliminated,0,15,0,1,0,40.0%,50,3.86,40.0%,-,-,-,-,-,-,-,-,-,-
2553,Eliminated,0,15,0,1,10,40.0%,50,4.86,40.0%,-,-,-,-,-,-,-,-,-,-
2554,Eliminated,0,15,4,1,0,40.0%,50,4.44,40.0%,-,-,-,-,-,-,-,-,-,-
2555,Eliminated,0,15,4,1,4,40.0%,50,4.20,40.0%,-,-,-,-,-,-,-,-,-,-
2556,Eliminated,0,15,10,1,0,40.0%,50,3.96,40.0%,-,-,-,-,-,-,-,-,-,-
2557,Eliminated,0,15,10,1,4,40.0%,50,4.56,40.0%,-,-,-,-,-,-,-,-,-,-
2558,Eliminated,0,20,0,1,2,40.0%,50,4.00,40.0%,-,-,-,-,-,-,-,-,-,-
2559,Eliminated,0,20,4,1,6,40.0%,50,4.80,40.0%,-,-,-,-,-,-,-,-,-,-
2560,Eliminated,0,20,10,1,0,40.0%,50,4.74,40.0%,-,-,-,-,-,-,-,-,-,-
2561,Eliminated,0,20,10,2,4,40.0%,50,4.46,40.0%,-,-,-,-,-,-,-,-,-,-
2562,Eliminated,5,15,2,1,6,40.0%,50,4.26,40.0%,-,-,-,-,-,-,-,-,-,-
2563,Eliminated,5,20,0,1,4,40.0%,50,3.94,40.0%,-,-,-,-,-,-,-,-,-,-
2564,Eliminated,5,20,8,1,8,40.0%,50,5.60,40.0%,-,-,-,-,-,-,-,-,-,-
2565,Eliminated,10,20,10,1,6,40.0%,50,5.70,40.0%,-,-,-,-,-,-,-,-,-,-
2566,Eliminated,15,15,10,1,2,40.0%,50,5.36,40.0%,-,-,-,-,-,-,-,-,-,-
2567,Eliminated,0,5,10,1,0,38.0%,50,3.28,38.0%,-,-,-,-,-,-,-,-,-,-
2568,Eliminated,0,5,10,1,2,38.0%,50,2.90,38.0%,-,-,-,-,-,-,-,-,-,-
2569,Eliminated,0,10,10,1,4,38.0%,50,3.56,38.0%,-,-,-,-,-,-,-,-,-,-
2570,Eliminated,0,15,4,1,6,38.0%,50,5.12,38.0%,-,-,-,-,-,-,-,-,-,-
2571,Eliminated,0,15,10,1,2,38.0%,50,4.58,38.0%,-,-,-,-,-,-,-,-,-,-
2572,Eliminated,0,20,8,1,6,38.0%,50,5.30,38.0%,-,-,-,-,-,-,-,-,-,-
2573,Eliminated,0,20,10,1,4,38.0%,50,4.76,38.0%,-,-,-,-,-,-,-,-,-,-
2574,Eliminated,5,15,10,1,4,38.0%,50,5.12,38.0%,-,-,-,-,-,-,-,-,-,-
2575,Eliminated,5,20,0,1,8,38.0%,50,3.62,38.0%,-,-,-,-,-,-,-,-,-,-
2576,Eliminated,5,20,10,1,2,38.0%,50,4.92,38.0%,-,-,-,-,-,-,-,-,-,-
2577,Eliminated,15,10,10,1,0,38.0%,50,4.22,38.0%,-,-,-,-,-,-,-,-,-,-
2578,Eliminated,15,20,8,1,8,38.0%,50,5.32,38.0%,-,-,-,-,-,-,-,-,-,-
2579,Eliminated,0,5,8,1,10,36.0%,50,3.14,36.0%,-,-,-,-,-,-,-,-,-,-
2580,Eliminated,0,10,0,1,4,36.0%,50,3.64,36.0%,-,-,-,-,-,-,-,-,-,-
2581,Eliminated,0,10,4,1,10,36.0%,50,4.32,36.0%,-,-,-,-,-,-,-,-,-,-
2582,Eliminated,0,10,10,2,6,36.0%,50,4.00,36.0%,-,-,-,-,-,-,-,-,-,-
2583,Eliminated,0,15,6,1,8,36.0%,50,5.36,36.0%,-,-,-,-,-,-,-,-,-,-
2584,Eliminated,0,20,10,2,0,36.0%,50,4.10,36.0%,-,-,-,-,-,-,-,-,-,-
2585,Eliminated,5,0,10,1,10,36.0%,50,2.74,36.0%,-,-,-,-,-,-,-,-,-,-
2586,Eliminated,5,20,8,1,10,36.0%,50,5.52,36.0%,-,-,-,-,-,-,-,-,-,-
2587,Eliminated,10,10,8,1,10,36.0%,50,5.10,36.0%,-,-,-,-,-,-,-,-,-,-
2588,Eliminated,10,10,10,1,4,36.0%,50,5.50,36.0%,-,-,-,-,-,-,-,-,-,-
2589,Eliminated,15,5,10,1,8,36.0%,50,4.78,36.0%,-,-,-,-,-,-,-,-,-,-
2590,Eliminated,15,10,10,1,4,36.0%,50,5.14,36.0%,-,-,-,-,-,-,-,-,-,-
2591,Eliminated,15,15,10,1,6,36.0%,50,5.88,36.0%,-,-,-,-,-,-,-,-,-,-
2592,Eliminated,20,15,10,1,0,36.0%,50,4.50,36.0%,-,-,-,-,-,-,-,-,-,-
2593,Eliminated,0,5,10,1,6,34.0%,50,3.16,34.0%,-,-,-,-,-,-,-,-,-,-
2594,Eliminated,0,10,0,1,6,34.0%,50,3.82,34.0%,-,-,-,-,-,-,-,-,-,-
2595,Eliminated,0,10,2,1,8,34.0%,50,4.10,34.0%,-,-,-,-,-,-,-,-,-,-
2596,Eliminated,0,10,4,1,6,34.0%,50,4.46,34.0%,-,-,-,-,-,-,-,-,-,-
2597,Eliminated,0,15,0,1,6,34.0%,50,4.58,34.0%,-,-,-,-,-,-,-,-,-,-
2598,Eliminated,0,15,2,1,6,34.0%,50,4.48,34.0%,-,-,-,-,-,-,-,-,-,-
2599,Eliminated,0,20,2,1,4,34.0%,50,4.82,34.0%,-,-,-,-,-,-,-,-,-,-
2600,Eliminated,0,20,8,1,8,34.0%,50,4.66,34.0%,-,-,-,-,-,-,-,-,-,-
2601,Eliminated,5,5,10,1,6,34.0%,50,4.48,34.0%,-,-,-,-,-,-,-,-,-,-
2602,Eliminated,5,15,8,1,10,34.0%,50,5.48,34.0%,-,-,-,-,-,-,-,-,-,-
2603,Eliminated,20,10,10,1,4,34.0%,50,5.42,34.0%,-,-,-,-,-,-,-,-,-,-
2604,Eliminated,0,15,2,1,8,32.0%,50,5.02,32.0%,-,-,-,-,-,-,-,-,-,-
2605,Eliminated,0,15,8,1,6,32.0%,50,5.02,32.0%,-,-,-,-,-,-,-,-,-,-
2606,Eliminated,0,20,0,1,8,32.0%,50,4.72,32.0%,-,-,-,-,-,-,-,-,-,-
2607,Eliminated,5,5,10,1,0,32.0%,50,3.78,32.0%,-,-,-,-,-,-,-,-,-,-
2608,Eliminated,5,15,10,1,6,32.0%,50,5.52,32.0%,-,-,-,-,-,-,-,-,-,-
2609,Eliminated,10,5,10,1,8,32.0%,50,4.64,32.0%,-,-,-,-,-,-,-,-,-,-
2610,Eliminated,10,10,10,1,6,32.0%,50,5.02,32.0%,-,-,-,-,-,-,-,-,-,-
2611,Eliminated,10,15,10,1,4,32.0%,50,5.26,32.0%,-,-,-,-,-,-,-,-,-,-
2612,Eliminated,10,15,10,1,6,32.0%,50,5.38,32.0%,-,-,-,-,-,-,-,-,-,-
2613,Eliminated,20,5,10,1,8,32.0%,50,5.24,32.0%,-,-,-,-,-,-,-,-,-,-
2614,Eliminated,0,10,6,1,8,30.0%,50,4.56,30.0%,-,-,-,-,-,-,-,-,-,-
2615,Eliminated,0,10,10,2,8,30.0%,50,4.16,30.0%,-,-,-,-,-,-,-,-,-,-
2616,Eliminated,0,20,8,2,10,30.0%,50,4.46,30.0%,-,-,-,-,-,-,-,-,-,-
2617,Eliminated,0,20,10,2,2,30.0%,50,4.64,30.0%,-,-,-,-,-,-,-,-,-,-
2618,Eliminated,5,15,8,1,8,30.0%,50,5.58,30.0%,-,-,-,-,-,-,-,-,-,-
2619,Eliminated,20,5,10,1,10,30.0%,50,4.94,30.0%,-,-,-,-,-,-,-,-,-,-
2620,Eliminated,0,10,0,1,8,28.0%,50,4.04,28.0%,-,-,-,-,-,-,-,-,-,-
2621,Eliminated,0,10,10,1,6,28.0%,50,4.12,28.0%,-,-,-,-,-,-,-,-,-,-
2622,Eliminated,0,15,4,1,10,28.0%,50,4.62,28.0%,-,-,-,-,-,-,-,-,-,-
2623,Eliminated,0,15,10,1,6,28.0%,50,4.90,28.0%,-,-,-,-,-,-,-,-,-,-
2624,Eliminated,0,20,2,1,6,28.0%,50,5.52,28.0%,-,-,-,-,-,-,-,-,-,-
2625,Eliminated,0,20,10,1,2,28.0%,50,5.06,28.0%,-,-,-,-,-,-,-,-,-,-
2626,Eliminated,5,10,10,1,6,28.0%,50,4.60,28.0%,-,-,-,-,-,-,-,-,-,-
2627,Eliminated,15,20,10,1,6,28.0%,50,6.00,28.0%,-,-,-,-,-,-,-,-,-,-
2628,Eliminated,20,10,10,1,6,28.0%,50,5.60,28.0%,-,-,-,-,-,-,-,-,-,-
2629,Eliminated,20,15,10,1,4,28.0%,50,5.56,28.0%,-,-,-,-,-,-,-,-,-,-
2630,Eliminated,0,10,10,2,10,26.0%,50,4.86,26.0%,-,-,-,-,-,-,-,-,-,-
2631,Eliminated,0,15,0,1,8,26.0%,50,4.24,26.0%,-,-,-,-,-,-,-,-,-,-
2632,Eliminated,0,15,8,1,8,26.0%,50,4.88,26.0%,-,-,-,-,-,-,-,-,-,-
2633,Eliminated,0,20,2,1,8,26.0%,50,4.78,26.0%,-,-,-,-,-,-,-,-,-,-
2634,Eliminated,0,20,2,1,10,26.0%,50,5.04,26.0%,-,-,-,-,-,-,-,-,-,-
2635,Eliminated,0,20,4,1,10,26.0%,50,5.46,26.0%,-,-,-,-,-,-,-,-,-,-
2636,Eliminated,0,20,6,1,6,26.0%,50,5.12,26.0%,-,-,-,-,-,-,-,-,-,-
2637,Eliminated,0,20,10,1,6,26.0%,50,5.80,26.0%,-,-,-,-,-,-,-,-,-,-
2638,Eliminated,5,10,8,1,10,26.0%,50,5.00,26.0%,-,-,-,-,-,-,-,-,-,-
2639,Eliminated,15,10,10,1,6,26.0%,50,5.46,26.0%,-,-,-,-,-,-,-,-,-,-
2640,Eliminated,20,15,10,1,6,26.0%,50,5.24,26.0%,-,-,-,-,-,-,-,-,-,-
2641,Eliminated,0,15,4,1,8,24.0%,50,5.52,24.0%,-,-,-,-,-,-,-,-,-,-
2642,Eliminated,0,15,10,2,4,24.0%,50,4.58,24.0%,-,-,-,-,-,-,-,-,-,-
2643,Eliminated,0,15,10,2,6,24.0%,50,5.10,24.0%,-,-,-,-,-,-,-,-,-,-
2644,Eliminated,0,20,0,1,4,24.0%,50,4.20,24.0%,-,-,-,-,-,-,-,-,-,-
2645,Eliminated,15,5,10,1,10,24.0%,50,5.42,24.0%,-,-,-,-,-,-,-,-,-,-
2646,Eliminated,0,10,0,1,10,22.0%,50,3.96,22.0%,-,-,-,-,-,-,-,-,-,-
2647,Eliminated,0,10,8,1,10,22.0%,50,4.96,22.0%,-,-,-,-,-,-,-,-,-,-
2648,Eliminated,20,20,10,1,6,22.0%,50,6.44,22.0%,-,-,-,-,-,-,-,-,-,-
2649,Eliminated,0,15,6,1,10,20.0%,50,5.08,20.0%,-,-,-,-,-,-,-,-,-,-
2650,Eliminated,0,20,0,1,10,20.0%,50,5.00,20.0%,-,-,-,-,-,-,-,-,-,-
2651,Eliminated,15,20,10,1,10,20.0%,50,6.20,20.0%,-,-,-,-,-,-,-,-,-,-
2652,Eliminated,0,0,10,1,8,18.0%,50,1.54,18.0%,-,-,-,-,-,-,-,-,-,-
2653,Eliminated,0,5,10,1,8,18.0%,50,3.30,18.0%,-,-,-,-,-,-,-,-,-,-
2654,Eliminated,0,10,10,1,8,18.0%,50,4.80,18.0%,-,-,-,-,-,-,-,-,-,-
2655,Eliminated,0,20,0,1,6,18.0%,50,4.28,18.0%,-,-,-,-,-,-,-,-,-,-
2656,Eliminated,5,10,10,1,8,18.0%,50,5.48,18.0%,-,-,-,-,-,-,-,-,-,-
2657,Eliminated,5,20,10,1,6,18.0%,50,5.80,18.0%,-,-,-,-,-,-,-,-,-,-
2658,Eliminated,10,5,10,1,10,18.0%,50,5.02,18.0%,-,-,-,-,-,-,-,-,-,-
2659,Eliminated,10,10,10,1,8,18.0%,50,6.00,18.0%,-,-,-,-,-,-,-,-,-,-
2660,Eliminated,15,10,10,1,8,18.0%,50,5.90,18.0%,-,-,-,-,-,-,-,-,-,-
2661,Eliminated,15,15,10,1,8,18.0%,50,5.64,18.0%,-,-,-,-,-,-,-,-,-,-
2662,Eliminated,0,15,2,1,10,16.0%,50,4.76,16.0%,-,-,-,-,-,-,-,-,-,-
2663,Eliminated,0,15,10,1,8,16.0%,50,5.32,16.0%,-,-,-,-,-,-,-,-,-,-
2664,Eliminated,0,15,10,2,10,16.0%,50,5.14,16.0%,-,-,-,-,-,-,-,-,-,-
2665,Eliminated,0,20,4,1,8,16.0%,50,5.16,16.0%,-,-,-,-,-,-,-,-,-,-
2666,Eliminated,0,20,6,1,8,16.0%,50,5.20,16.0%,-,-,-,-,-,-,-,-,-,-
2667,Eliminated,0,20,6,1,10,16.0%,50,5.78,16.0%,-,-,-,-,-,-,-,-,-,-
2668,Eliminated,0,20,8,1,10,16.0%,50,5.80,16.0%,-,-,-,-,-,-,-,-,-,-
2669,Eliminated,0,20,10,1,8,16.0%,50,4.76,16.0%,-,-,-,-,-,-,-,-,-,-
2670,Eliminated,5,20,10,1,8,16.0%,50,5.52,16.0%,-,-,-,-,-,-,-,-,-,-
2671,Eliminated,10,20,10,1,8,16.0%,50,5.94,16.0%,-,-,-,-,-,-,-,-,-,-
2672,Eliminated,15,20,10,1,8,16.0%,50,5.78,16.0%,-,-,-,-,-,-,-,-,-,-
2673,Eliminated,20,10,10,1,8,16.0%,50,5.70,16.0%,-,-,-,-,-,-,-,-,-,-
2674,Eliminated,0,0,10,1,10,14.0%,50,1.92,14.0%,-,-,-,-,-,-,-,-,-,-
2675,Eliminated,0,10,10,1,10,14.0%,50,4.66,14.0%,-,-,-,-,-,-,-,-,-,-
2676,Eliminated,0,15,8,1,10,14.0%,50,5.14,14.0%,-,-,-,-,-,-,-,-,-,-
2677,Eliminated,0,15,10,1,10,14.0%,50,4.42,14.0%,-,-,-,-,-,-,-,-,-,-
2678,Eliminated,10,20,10,1,10,14.0%,50,5.76,14.0%,-,-,-,-,-,-,-,-,-,-
2679,Eliminated,0,5,10,1,10,12.0%,50,3.80,12.0%,-,-,-,-,-,-,-,-,-,-
2680,Eliminated,0,15,10,2,8,12.0%,50,4.90,12.0%,-,-,-,-,-,-,-,-,-,-
2681,Eliminated,0,20,10,1,10,12.0%,50,4.72,12.0%,-,-,-,-,-,-,-,-,-,-
2682,Eliminated,5,5,10,1,8,12.0%,50,4.68,12.0%,-,-,-,-,-,-,-,-,-,-
2683,Eliminated,5,5,10,1,10,12.0%,50,4.78,12.0%,-,-,-,-,-,-,-,-,-,-
2684,Eliminated,5,15,10,1,8,12.0%,50,5.80,12.0%,-,-,-,-,-,-,-,-,-,-
2685,Eliminated,10,10,10,1,10,12.0%,50,5.96,12.0%,-,-,-,-,-,-,-,-,-,-
2686,Eliminated,10,15,10,1,8,12.0%,50,5.86,12.0%,-,-,-,-,-,-,-,-,-,-
2687,Eliminated,15,15,10,1,10,12.0%,50,5.76,12.0%,-,-,-,-,-,-,-,-,-,-
2688,Eliminated,20,10,10,1,10,12.0%,50,5.36,12.0%,-,-,-,-,-,-,-,-,-,-
2689,Eliminated,0,20,10,2,6,10.0%,50,5.02,10.0%,-,-,-,-,-,-,-,-,-,-
2690,Eliminated,0,20,10,2,8,10.0%,50,5.22,10.0%,-,-,-,-,-,-,-,-,-,-
2691,Eliminated,5,20,10,1,10,10.0%,50,5.90,10.0%,-,-,-,-,-,-,-,-,-,-
2692,Eliminated,15,10,10,1,10,10.0%,50,5.74,10.0%,-,-,-,-,-,-,-,-,-,-
2693,Eliminated,20,15,10,1,8,10.0%,50,6.30,10.0%,-,-,-,-,-,-,-,-,-,-
2694,Eliminated,20,15,10,1,10,10.0%,50,5.96,10.0%,-,-,-,-,-,-,-,-,-,-
2695,Eliminated,20,20,10,1,8,10.0%,50,6.36,10.0%,-,-,-,-,-,-,-,-,-,-
2696,Eliminated,5,10,10,1,10,8.0%,50,5.12,8.0%,-,-,-,-,-,-,-,-,-,-
2697,Eliminated,5,15,10,1,10,8.0%,50,5.64,8.0%,-,-,-,-,-,-,-,-,-,-
2698,Eliminated,10,15,10,1,10,6.0%,50,5.92,6.0%,-,-,-,-,-,-,-,-,-,-
2699,Eliminated,20,20,10,1,10,6.0%,50,5.56,6.0%,-,-,-,-,-,-,-,-,-,-
2700,Eliminated,0,20,10,2,10,2.0%,50,4.82,2.0%,-,-,-,-,-,-,-,-,-,-
