# Tournament Config: startingPlayers=3, gamesPerPhase=100
# Fallbacks: {"2":{"file":"tournament_j3zvExqh9bhYFcfuzihx_older.csv","topX":5}}
Rank,Status,VP,EN,HL,AT,YD,WinRate,GamesPlayed,AvgCardsBought,P1%,P2%,P3%,P4%,P5%,P6%,P7%,P8%,P9%,P10%,P11%
1,Active,0,0,6,1,4,0.0%,0,0.00,82.0%,38.0%,37.0%,41.0%,41.0%,41.6%,40.0%,43.1%,36.3%,41.0%,58.0%
2,Eliminated,5,5,8,3,8,21.0%,200,13.23,89.0%,39.0%,36.0%,40.0%,39.0%,36.0%,37.0%,34.3%,37.6%,36.6%,21.0%
3,Eliminated,0,0,6,2,6,35.0%,103,3.37,86.0%,35.0%,36.6%,37.0%,34.7%,37.0%,44.0%,45.5%,37.1%,35.0%,-
4,Eliminated,0,0,8,2,6,28.0%,100,3.37,92.0%,40.0%,36.0%,39.0%,44.6%,34.7%,38.6%,40.0%,38.0%,28.0%,-
5,Eliminated,10,5,8,1,6,26.2%,103,30.59,83.0%,55.0%,44.0%,42.0%,37.0%,36.0%,36.0%,33.7%,38.0%,26.2%,-
6,Eliminated,0,0,8,1,4,34.0%,100,3.95,81.0%,46.0%,41.0%,39.0%,44.6%,42.0%,41.0%,38.0%,34.0%,-,-
7,Eliminated,5,10,8,2,6,32.0%,100,28.55,80.0%,40.0%,39.0%,37.0%,35.0%,34.7%,39.0%,34.0%,32.0%,-,-
8,Eliminated,0,0,6,1,6,28.7%,101,4.03,88.0%,46.0%,43.6%,41.6%,48.5%,50.0%,51.0%,35.6%,28.7%,-,-
9,Eliminated,0,5,8,1,6,28.0%,100,21.23,91.0%,35.0%,35.0%,35.0%,38.0%,35.0%,46.0%,42.2%,28.0%,-,-
10,Eliminated,0,0,4,1,4,23.5%,102,3.81,86.0%,39.0%,37.6%,43.0%,36.6%,44.0%,39.0%,34.0%,23.5%,-,-
11,Eliminated,5,5,6,1,6,33.0%,100,24.45,87.0%,48.0%,43.0%,44.0%,34.0%,43.6%,39.6%,33.0%,-,-,-
12,Eliminated,10,10,8,1,6,32.0%,100,31.18,80.0%,49.0%,39.0%,38.0%,40.0%,42.0%,36.0%,32.0%,-,-,-
13,Eliminated,5,5,8,3,6,30.0%,100,18.81,83.0%,40.6%,38.0%,42.0%,36.0%,34.0%,37.0%,30.0%,-,-,-
14,Eliminated,5,10,8,3,8,30.0%,100,23.91,81.0%,35.6%,37.0%,38.0%,33.0%,39.0%,36.0%,30.0%,-,-,-
15,Eliminated,0,5,8,1,4,29.0%,100,19.45,85.0%,47.0%,38.0%,34.0%,44.0%,35.6%,33.0%,29.0%,-,-,-
16,Eliminated,15,10,6,1,6,29.0%,100,32.30,92.0%,38.0%,37.0%,37.0%,33.0%,42.0%,35.0%,29.0%,-,-,-
17,Eliminated,10,5,6,1,10,28.7%,101,25.89,87.0%,51.0%,47.0%,36.0%,45.0%,33.0%,34.0%,28.7%,-,-,-
18,Eliminated,0,15,8,1,4,28.4%,102,29.56,76.0%,36.0%,37.0%,37.0%,36.0%,34.7%,35.0%,28.4%,-,-,-
19,Eliminated,5,5,6,1,10,28.0%,100,24.60,87.0%,38.6%,46.0%,34.0%,43.0%,34.0%,39.6%,28.0%,-,-,-
20,Eliminated,0,10,8,2,8,27.0%,100,24.90,83.0%,36.0%,35.0%,34.0%,34.0%,34.7%,33.0%,27.0%,-,-,-
21,Eliminated,0,15,6,3,10,24.0%,100,23.68,83.0%,42.0%,40.0%,35.0%,34.0%,40.0%,35.0%,24.0%,-,-,-
22,Eliminated,5,5,8,1,6,33.0%,100,20.62,89.0%,46.0%,36.0%,42.0%,41.0%,33.0%,33.0%,-,-,-,-
23,Eliminated,10,15,8,2,10,33.0%,100,25.41,92.0%,43.0%,43.0%,35.0%,34.0%,39.0%,33.0%,-,-,-,-
24,Eliminated,15,10,6,1,4,32.7%,101,24.92,74.0%,38.0%,35.0%,37.0%,37.0%,36.0%,32.7%,-,-,-,-
25,Eliminated,0,0,6,1,10,32.0%,100,3.20,90.0%,41.0%,34.0%,39.0%,35.6%,44.6%,32.0%,-,-,-,-
26,Eliminated,0,0,8,1,10,32.0%,100,3.47,88.0%,48.0%,37.0%,36.0%,39.6%,40.6%,32.0%,-,-,-,-
27,Eliminated,10,5,8,2,8,32.0%,100,18.83,89.0%,43.0%,43.0%,34.0%,34.0%,35.0%,32.0%,-,-,-,-
28,Eliminated,0,15,8,2,6,31.0%,100,23.94,86.0%,42.0%,46.0%,34.0%,41.0%,34.7%,31.0%,-,-,-,-
29,Eliminated,0,20,8,3,8,31.0%,100,21.09,83.0%,47.0%,41.0%,37.0%,35.0%,35.0%,31.0%,-,-,-,-
30,Eliminated,5,5,8,2,10,30.0%,100,17.79,87.0%,40.0%,40.0%,42.0%,34.0%,42.0%,30.0%,-,-,-,-
31,Eliminated,15,10,8,1,6,30.0%,100,27.82,88.0%,48.0%,39.0%,46.0%,40.0%,39.0%,30.0%,-,-,-,-
32,Eliminated,10,15,8,2,8,29.7%,101,25.06,89.0%,43.0%,38.0%,40.0%,37.0%,37.0%,29.7%,-,-,-,-
33,Eliminated,15,5,8,1,10,29.0%,100,24.73,85.0%,45.0%,39.0%,34.0%,34.0%,34.0%,29.0%,-,-,-,-
34,Eliminated,15,15,8,2,8,29.0%,100,25.39,85.0%,37.0%,35.0%,36.0%,35.0%,40.0%,29.0%,-,-,-,-
35,Eliminated,0,0,4,1,6,28.0%,100,2.86,81.0%,36.0%,40.0%,38.0%,35.6%,35.6%,28.0%,-,-,-,-
36,Eliminated,20,5,8,1,6,28.0%,100,22.99,87.0%,41.0%,46.0%,41.0%,35.0%,34.0%,28.0%,-,-,-,-
37,Eliminated,0,0,8,1,6,26.7%,101,3.41,90.0%,43.0%,53.0%,37.0%,48.0%,43.0%,26.7%,-,-,-,-
38,Eliminated,15,5,10,1,4,25.0%,100,24.71,80.0%,38.0%,47.0%,42.0%,36.6%,34.0%,25.0%,-,-,-,-
39,Eliminated,20,20,8,3,8,23.0%,100,26.37,88.0%,39.0%,38.0%,35.0%,34.0%,35.0%,23.0%,-,-,-,-
40,Eliminated,15,15,8,1,10,21.0%,100,31.12,83.0%,44.0%,36.0%,35.0%,37.0%,34.0%,21.0%,-,-,-,-
41,Eliminated,20,20,8,1,6,20.0%,100,31.59,87.0%,39.0%,39.0%,41.0%,35.0%,34.0%,20.0%,-,-,-,-
42,Eliminated,10,10,8,2,10,19.0%,100,23.14,88.0%,39.0%,40.0%,36.0%,45.0%,35.0%,19.0%,-,-,-,-
43,Eliminated,15,5,8,1,6,33.0%,100,18.90,83.0%,46.0%,35.0%,35.6%,40.0%,33.0%,-,-,-,-,-
44,Eliminated,0,10,8,2,6,32.0%,100,17.41,86.0%,43.0%,42.0%,42.0%,43.0%,32.0%,-,-,-,-,-
45,Eliminated,0,20,8,1,6,32.0%,100,23.86,76.0%,36.0%,37.0%,38.0%,33.0%,32.0%,-,-,-,-,-
46,Eliminated,5,5,6,2,6,32.0%,100,13.65,81.0%,43.0%,38.0%,34.0%,34.0%,32.0%,-,-,-,-,-
47,Eliminated,5,5,8,1,4,32.0%,100,16.05,81.0%,40.0%,38.0%,42.0%,38.0%,32.0%,-,-,-,-,-
48,Eliminated,5,10,6,2,4,32.0%,100,16.26,68.0%,40.0%,37.0%,40.0%,40.0%,32.0%,-,-,-,-,-
49,Eliminated,5,20,10,3,10,32.0%,100,19.68,92.0%,38.0%,42.0%,37.0%,37.0%,32.0%,-,-,-,-,-
50,Eliminated,10,5,10,3,8,32.0%,100,14.26,90.0%,37.0%,39.0%,41.0%,34.0%,32.0%,-,-,-,-,-
51,Eliminated,10,15,6,2,10,32.0%,100,21.71,93.0%,40.0%,36.0%,35.0%,37.0%,32.0%,-,-,-,-,-
52,Eliminated,10,20,8,1,10,32.0%,100,26.32,88.0%,46.0%,41.0%,39.0%,36.0%,32.0%,-,-,-,-,-
53,Eliminated,15,5,8,2,8,32.0%,100,15.63,96.0%,34.0%,37.0%,37.0%,33.0%,32.0%,-,-,-,-,-
54,Eliminated,20,10,6,1,6,32.0%,100,24.20,83.0%,36.0%,36.0%,34.0%,46.5%,32.0%,-,-,-,-,-
55,Eliminated,10,5,6,3,6,31.0%,100,14.72,83.0%,34.0%,41.0%,36.0%,40.0%,31.0%,-,-,-,-,-
56,Eliminated,15,20,8,3,8,31.0%,100,22.73,87.0%,52.0%,36.0%,35.0%,36.0%,31.0%,-,-,-,-,-
57,Eliminated,0,10,6,2,6,30.7%,101,16.71,75.0%,44.0%,38.0%,39.0%,36.0%,30.7%,-,-,-,-,-
58,Eliminated,20,10,8,1,6,30.7%,101,25.54,91.0%,44.0%,40.0%,36.0%,36.0%,30.7%,-,-,-,-,-
59,Eliminated,20,10,8,3,8,30.7%,101,20.55,87.0%,40.0%,43.0%,35.0%,40.6%,30.7%,-,-,-,-,-
60,Eliminated,0,5,6,2,8,30.0%,100,12.32,85.0%,42.0%,34.0%,39.0%,36.0%,30.0%,-,-,-,-,-
61,Eliminated,0,10,10,3,6,30.0%,100,14.24,84.0%,47.0%,38.0%,35.0%,34.0%,30.0%,-,-,-,-,-
62,Eliminated,5,5,8,2,8,30.0%,100,15.56,89.0%,37.0%,35.0%,38.0%,37.0%,30.0%,-,-,-,-,-
63,Eliminated,5,10,6,1,6,30.0%,100,23.18,78.0%,44.0%,34.0%,39.0%,44.0%,30.0%,-,-,-,-,-
64,Eliminated,10,15,6,2,6,30.0%,100,19.74,77.0%,39.0%,34.0%,36.0%,38.0%,30.0%,-,-,-,-,-
65,Eliminated,15,15,4,1,4,30.0%,100,22.74,78.0%,40.0%,34.0%,35.0%,34.0%,30.0%,-,-,-,-,-
66,Eliminated,20,5,8,1,8,30.0%,100,20.96,85.0%,45.0%,37.0%,37.0%,36.0%,30.0%,-,-,-,-,-
67,Eliminated,20,15,6,1,6,30.0%,100,27.08,86.0%,49.0%,35.6%,47.5%,38.0%,30.0%,-,-,-,-,-
68,Eliminated,5,5,10,2,10,29.0%,100,15.02,86.0%,36.0%,38.0%,37.0%,36.0%,29.0%,-,-,-,-,-
69,Eliminated,15,10,6,1,10,29.0%,100,24.52,85.0%,40.0%,44.0%,40.0%,36.0%,29.0%,-,-,-,-,-
70,Eliminated,0,20,6,2,4,28.0%,100,19.35,76.0%,50.0%,43.0%,37.0%,35.0%,28.0%,-,-,-,-,-
71,Eliminated,10,5,6,2,10,28.0%,100,15.94,83.0%,36.0%,37.0%,36.0%,33.0%,28.0%,-,-,-,-,-
72,Eliminated,10,10,6,1,6,28.0%,100,22.59,90.0%,39.0%,36.0%,40.0%,46.0%,28.0%,-,-,-,-,-
73,Eliminated,15,5,8,1,8,28.0%,100,21.20,87.0%,42.0%,49.0%,37.0%,40.0%,28.0%,-,-,-,-,-
74,Eliminated,20,15,6,1,8,28.0%,100,25.78,84.0%,43.0%,40.0%,39.6%,36.0%,28.0%,-,-,-,-,-
75,Eliminated,10,10,10,3,6,27.7%,101,17.12,80.0%,36.0%,37.0%,35.0%,40.0%,27.7%,-,-,-,-,-
76,Eliminated,0,15,6,2,6,27.0%,100,19.62,76.0%,44.0%,35.0%,46.0%,36.0%,27.0%,-,-,-,-,-
77,Eliminated,15,20,6,1,8,27.0%,100,26.42,87.0%,49.0%,39.0%,37.0%,39.0%,27.0%,-,-,-,-,-
78,Eliminated,15,20,8,1,6,27.0%,100,27.31,76.0%,42.0%,43.0%,35.0%,39.0%,27.0%,-,-,-,-,-
79,Eliminated,5,15,10,3,10,25.0%,100,19.57,85.0%,44.0%,49.0%,35.0%,36.0%,25.0%,-,-,-,-,-
80,Eliminated,10,10,8,1,8,24.0%,100,25.69,89.0%,45.0%,45.0%,34.0%,35.0%,24.0%,-,-,-,-,-
81,Eliminated,10,20,10,2,10,23.0%,100,20.61,91.0%,40.0%,38.0%,43.0%,35.0%,23.0%,-,-,-,-,-
82,Eliminated,5,10,10,3,10,22.0%,100,17.59,87.0%,35.0%,37.0%,36.0%,35.0%,22.0%,-,-,-,-,-
83,Eliminated,20,5,6,1,10,22.0%,100,19.68,86.0%,47.0%,35.0%,34.0%,35.0%,22.0%,-,-,-,-,-
84,Eliminated,5,0,6,1,10,20.0%,100,4.37,92.0%,48.0%,40.0%,38.0%,41.0%,20.0%,-,-,-,-,-
85,Eliminated,15,20,8,2,8,33.0%,100,17.63,90.0%,44.0%,39.0%,37.0%,33.0%,-,-,-,-,-,-
86,Eliminated,20,10,8,3,10,33.0%,100,17.48,86.0%,40.0%,35.0%,34.7%,33.0%,-,-,-,-,-,-
87,Eliminated,20,15,8,2,10,33.0%,100,19.88,89.0%,43.0%,43.0%,35.6%,33.0%,-,-,-,-,-,-
88,Eliminated,0,0,6,3,8,32.7%,101,1.75,90.0%,35.0%,34.0%,44.0%,32.7%,-,-,-,-,-,-
89,Eliminated,0,0,6,3,4,32.0%,100,1.30,78.0%,38.0%,39.6%,35.0%,32.0%,-,-,-,-,-,-
90,Eliminated,0,5,4,1,4,32.0%,100,11.41,81.0%,36.0%,42.0%,34.0%,32.0%,-,-,-,-,-,-
91,Eliminated,0,5,6,2,10,32.0%,100,10.81,89.0%,35.0%,35.0%,37.0%,32.0%,-,-,-,-,-,-
92,Eliminated,0,5,10,3,6,32.0%,100,7.89,86.0%,39.0%,40.0%,37.0%,32.0%,-,-,-,-,-,-
93,Eliminated,5,10,6,2,8,32.0%,100,16.25,85.0%,39.0%,38.0%,35.0%,32.0%,-,-,-,-,-,-
94,Eliminated,5,10,6,3,10,32.0%,100,15.88,81.0%,36.0%,34.0%,36.0%,32.0%,-,-,-,-,-,-
95,Eliminated,5,10,10,3,8,32.0%,100,14.85,90.0%,37.0%,44.0%,40.0%,32.0%,-,-,-,-,-,-
96,Eliminated,5,15,6,1,10,32.0%,100,19.58,79.0%,36.0%,37.0%,39.0%,32.0%,-,-,-,-,-,-
97,Eliminated,5,15,6,2,6,32.0%,100,17.42,70.0%,43.0%,36.0%,36.0%,32.0%,-,-,-,-,-,-
98,Eliminated,10,10,6,1,8,32.0%,100,20.04,82.0%,40.0%,36.0%,38.0%,32.0%,-,-,-,-,-,-
99,Eliminated,10,15,8,1,6,32.0%,100,21.97,88.0%,38.0%,34.0%,43.0%,32.0%,-,-,-,-,-,-
100,Eliminated,10,20,8,1,6,32.0%,100,22.03,77.0%,41.0%,52.0%,35.0%,32.0%,-,-,-,-,-,-
101,Eliminated,15,15,8,3,10,32.0%,100,18.10,93.0%,37.0%,37.0%,40.0%,32.0%,-,-,-,-,-,-
102,Eliminated,15,15,10,3,8,32.0%,100,17.06,84.0%,39.0%,38.0%,35.0%,32.0%,-,-,-,-,-,-
103,Eliminated,15,20,6,1,4,32.0%,100,21.43,74.0%,43.0%,36.0%,34.0%,32.0%,-,-,-,-,-,-
104,Eliminated,20,5,8,3,8,32.0%,100,13.36,91.0%,45.0%,37.0%,35.0%,32.0%,-,-,-,-,-,-
105,Eliminated,20,5,10,1,6,32.0%,100,18.25,84.0%,44.0%,45.5%,37.0%,32.0%,-,-,-,-,-,-
106,Eliminated,20,10,8,1,10,32.0%,100,22.19,85.0%,38.0%,49.0%,34.0%,32.0%,-,-,-,-,-,-
107,Eliminated,0,15,6,2,4,31.0%,100,14.95,77.0%,46.0%,42.0%,35.0%,31.0%,-,-,-,-,-,-
108,Eliminated,0,20,6,3,10,31.0%,100,15.17,83.0%,42.0%,39.0%,41.0%,31.0%,-,-,-,-,-,-
109,Eliminated,5,5,10,2,6,31.0%,100,10.45,78.0%,35.0%,39.0%,37.0%,31.0%,-,-,-,-,-,-
110,Eliminated,5,5,10,3,10,31.0%,100,12.31,90.0%,36.0%,42.0%,36.0%,31.0%,-,-,-,-,-,-
111,Eliminated,5,15,6,1,6,31.0%,100,20.25,79.0%,34.0%,36.0%,35.0%,31.0%,-,-,-,-,-,-
112,Eliminated,10,5,8,1,4,31.0%,100,13.62,78.0%,40.0%,36.0%,38.0%,31.0%,-,-,-,-,-,-
113,Eliminated,15,20,6,1,10,31.0%,100,20.09,89.0%,44.0%,53.0%,39.0%,31.0%,-,-,-,-,-,-
114,Eliminated,15,20,8,1,8,31.0%,100,23.57,89.0%,50.0%,40.0%,39.0%,31.0%,-,-,-,-,-,-
115,Eliminated,15,20,8,2,10,31.0%,100,18.51,85.0%,53.0%,39.0%,37.0%,31.0%,-,-,-,-,-,-
116,Eliminated,20,15,8,1,6,31.0%,100,22.39,85.0%,45.0%,36.0%,37.0%,31.0%,-,-,-,-,-,-
117,Eliminated,20,15,8,1,10,31.0%,100,21.43,85.0%,63.0%,37.0%,37.0%,31.0%,-,-,-,-,-,-
118,Eliminated,20,15,6,3,6,30.7%,101,17.37,70.0%,38.0%,40.0%,35.0%,30.7%,-,-,-,-,-,-
119,Eliminated,0,10,10,3,8,30.0%,100,12.40,87.0%,42.0%,34.0%,36.0%,30.0%,-,-,-,-,-,-
120,Eliminated,15,10,8,3,10,30.0%,100,16.69,84.0%,39.0%,40.0%,35.0%,30.0%,-,-,-,-,-,-
121,Eliminated,15,15,8,2,10,30.0%,100,17.83,92.0%,37.0%,34.0%,35.0%,30.0%,-,-,-,-,-,-
122,Eliminated,20,10,8,2,8,30.0%,100,15.69,92.0%,38.0%,35.0%,37.0%,30.0%,-,-,-,-,-,-
123,Eliminated,20,10,8,2,10,30.0%,100,17.37,85.0%,39.0%,36.6%,38.0%,30.0%,-,-,-,-,-,-
124,Eliminated,20,20,8,1,8,30.0%,100,22.56,90.0%,50.0%,35.0%,37.0%,30.0%,-,-,-,-,-,-
125,Eliminated,0,5,8,2,6,29.7%,101,9.71,79.0%,44.0%,36.0%,37.0%,29.7%,-,-,-,-,-,-
126,Eliminated,5,0,6,3,6,29.0%,100,2.55,93.0%,37.0%,35.0%,35.0%,29.0%,-,-,-,-,-,-
127,Eliminated,5,20,6,1,8,29.0%,100,20.05,80.0%,37.6%,37.0%,36.0%,29.0%,-,-,-,-,-,-
128,Eliminated,10,5,8,1,10,29.0%,100,17.45,86.0%,41.0%,36.0%,34.0%,29.0%,-,-,-,-,-,-
129,Eliminated,10,10,6,2,10,29.0%,100,16.76,92.0%,38.0%,40.0%,38.0%,29.0%,-,-,-,-,-,-
130,Eliminated,10,10,8,1,10,29.0%,100,20.83,83.0%,40.0%,36.0%,37.0%,29.0%,-,-,-,-,-,-
131,Eliminated,10,15,8,3,10,29.0%,100,17.43,92.0%,38.0%,41.0%,40.0%,29.0%,-,-,-,-,-,-
132,Eliminated,15,15,6,3,6,29.0%,100,17.06,79.0%,38.0%,34.0%,34.0%,29.0%,-,-,-,-,-,-
133,Eliminated,15,15,8,1,8,29.0%,100,22.92,90.0%,52.0%,36.0%,44.0%,29.0%,-,-,-,-,-,-
134,Eliminated,20,5,8,1,10,29.0%,100,17.46,88.0%,45.0%,55.0%,37.0%,29.0%,-,-,-,-,-,-
135,Eliminated,0,0,6,1,8,28.0%,100,2.50,88.0%,37.6%,42.0%,40.0%,28.0%,-,-,-,-,-,-
136,Eliminated,0,5,8,3,10,28.0%,100,9.56,84.0%,42.0%,34.0%,37.0%,28.0%,-,-,-,-,-,-
137,Eliminated,0,15,6,3,8,28.0%,100,14.55,84.0%,38.0%,35.0%,35.0%,28.0%,-,-,-,-,-,-
138,Eliminated,5,5,6,1,8,28.0%,100,15.84,86.0%,42.0%,43.0%,34.0%,28.0%,-,-,-,-,-,-
139,Eliminated,5,5,6,3,10,28.0%,100,13.03,92.0%,36.0%,37.0%,37.0%,28.0%,-,-,-,-,-,-
140,Eliminated,10,5,10,2,8,28.0%,100,12.63,90.0%,42.0%,38.0%,36.0%,28.0%,-,-,-,-,-,-
141,Eliminated,10,15,8,3,8,28.0%,100,17.72,86.0%,43.0%,38.0%,35.0%,28.0%,-,-,-,-,-,-
142,Eliminated,10,15,10,3,8,28.0%,100,16.95,81.0%,42.0%,47.0%,46.0%,28.0%,-,-,-,-,-,-
143,Eliminated,10,20,6,1,8,28.0%,100,21.23,88.0%,43.0%,34.0%,40.0%,28.0%,-,-,-,-,-,-
144,Eliminated,10,20,10,1,8,28.0%,100,24.12,82.0%,49.0%,37.0%,35.0%,28.0%,-,-,-,-,-,-
145,Eliminated,15,5,10,1,10,28.0%,100,19.29,85.0%,44.0%,37.0%,34.0%,28.0%,-,-,-,-,-,-
146,Eliminated,15,20,6,2,10,28.0%,100,17.59,88.0%,36.0%,37.0%,35.0%,28.0%,-,-,-,-,-,-
147,Eliminated,20,10,8,1,8,28.0%,100,22.16,90.0%,39.0%,38.0%,37.0%,28.0%,-,-,-,-,-,-
148,Eliminated,0,5,6,2,6,27.0%,100,9.64,82.0%,39.0%,39.0%,44.0%,27.0%,-,-,-,-,-,-
149,Eliminated,0,10,6,2,8,27.0%,100,14.11,84.0%,41.0%,37.0%,43.0%,27.0%,-,-,-,-,-,-
150,Eliminated,10,5,8,3,10,27.0%,100,13.38,87.0%,38.0%,36.0%,35.0%,27.0%,-,-,-,-,-,-
151,Eliminated,0,10,4,2,8,26.0%,100,13.19,80.0%,36.0%,34.0%,34.0%,26.0%,-,-,-,-,-,-
152,Eliminated,0,20,8,3,6,26.0%,100,15.22,79.0%,38.0%,47.0%,42.0%,26.0%,-,-,-,-,-,-
153,Eliminated,10,15,6,1,10,26.0%,100,20.40,87.0%,39.0%,41.0%,37.0%,26.0%,-,-,-,-,-,-
154,Eliminated,10,20,8,3,10,26.0%,100,17.17,91.0%,44.0%,38.0%,38.0%,26.0%,-,-,-,-,-,-
155,Eliminated,15,5,8,3,10,26.0%,100,12.92,83.0%,40.0%,40.0%,38.0%,26.0%,-,-,-,-,-,-
156,Eliminated,15,5,10,2,10,26.0%,100,12.50,88.0%,41.0%,38.0%,35.0%,26.0%,-,-,-,-,-,-
157,Eliminated,15,20,8,3,6,26.0%,100,17.05,85.0%,39.0%,38.0%,35.0%,26.0%,-,-,-,-,-,-
158,Eliminated,20,10,10,3,8,25.7%,101,16.47,83.0%,35.0%,42.0%,34.0%,25.7%,-,-,-,-,-,-
159,Eliminated,0,15,6,3,4,25.0%,100,13.21,69.0%,47.0%,39.0%,36.0%,25.0%,-,-,-,-,-,-
160,Eliminated,5,5,4,1,6,25.0%,100,14.10,73.0%,37.0%,35.0%,34.0%,25.0%,-,-,-,-,-,-
161,Eliminated,10,5,6,1,8,25.0%,100,16.32,86.0%,41.0%,48.0%,36.0%,25.0%,-,-,-,-,-,-
162,Eliminated,15,10,6,3,8,24.0%,100,16.81,85.0%,38.0%,34.0%,36.0%,24.0%,-,-,-,-,-,-
163,Eliminated,5,0,6,2,8,23.0%,100,2.99,93.0%,45.0%,35.0%,35.0%,23.0%,-,-,-,-,-,-
164,Eliminated,10,20,10,1,10,23.0%,100,22.35,84.0%,61.0%,46.0%,38.0%,23.0%,-,-,-,-,-,-
165,Eliminated,20,10,8,1,4,23.0%,100,19.18,73.0%,41.6%,40.0%,46.5%,23.0%,-,-,-,-,-,-
166,Eliminated,10,20,6,1,6,22.0%,100,22.68,82.0%,36.0%,44.0%,44.6%,22.0%,-,-,-,-,-,-
167,Eliminated,5,5,4,1,10,21.0%,100,14.83,82.0%,39.0%,40.0%,35.0%,21.0%,-,-,-,-,-,-
168,Eliminated,15,15,10,1,10,20.0%,100,23.35,82.0%,50.0%,37.0%,34.0%,20.0%,-,-,-,-,-,-
169,Eliminated,0,0,8,2,8,33.0%,100,1.31,93.0%,39.0%,38.0%,33.0%,-,-,-,-,-,-,-
170,Eliminated,0,15,8,3,6,33.0%,100,11.52,78.0%,44.0%,36.0%,33.0%,-,-,-,-,-,-,-
171,Eliminated,5,0,8,1,6,33.0%,100,2.49,90.0%,38.0%,40.0%,33.0%,-,-,-,-,-,-,-
172,Eliminated,5,5,6,1,4,33.0%,100,10.90,73.0%,35.0%,42.0%,33.0%,-,-,-,-,-,-,-
173,Eliminated,5,10,8,1,4,33.0%,100,13.98,75.0%,37.0%,41.0%,33.0%,-,-,-,-,-,-,-
174,Eliminated,5,10,8,1,6,33.0%,100,15.76,79.0%,44.0%,35.0%,33.0%,-,-,-,-,-,-,-
175,Eliminated,5,15,6,3,6,33.0%,100,12.21,77.0%,42.0%,38.0%,33.0%,-,-,-,-,-,-,-
176,Eliminated,5,15,10,3,8,33.0%,100,13.21,83.0%,36.0%,38.0%,33.0%,-,-,-,-,-,-,-
177,Eliminated,5,20,6,2,6,33.0%,100,12.98,85.0%,37.0%,38.0%,33.0%,-,-,-,-,-,-,-
178,Eliminated,5,20,6,2,10,33.0%,100,14.27,87.0%,45.0%,37.0%,33.0%,-,-,-,-,-,-,-
179,Eliminated,10,5,6,1,6,33.0%,100,12.52,91.0%,48.0%,55.0%,33.0%,-,-,-,-,-,-,-
180,Eliminated,10,5,8,2,10,33.0%,100,10.74,89.0%,40.0%,50.0%,33.0%,-,-,-,-,-,-,-
181,Eliminated,10,10,6,3,8,33.0%,100,12.89,83.0%,39.0%,35.0%,33.0%,-,-,-,-,-,-,-
182,Eliminated,10,20,8,1,8,33.0%,100,17.46,83.0%,47.0%,40.0%,33.0%,-,-,-,-,-,-,-
183,Eliminated,10,20,8,2,10,33.0%,100,14.00,86.0%,44.6%,43.0%,33.0%,-,-,-,-,-,-,-
184,Eliminated,10,20,10,1,6,33.0%,100,17.94,84.0%,46.0%,34.0%,33.0%,-,-,-,-,-,-,-
185,Eliminated,15,5,4,1,10,33.0%,100,11.52,80.0%,41.0%,40.0%,33.0%,-,-,-,-,-,-,-
186,Eliminated,15,5,6,1,4,33.0%,100,11.14,77.0%,34.0%,38.0%,33.0%,-,-,-,-,-,-,-
187,Eliminated,15,5,6,1,10,33.0%,100,13.36,93.0%,44.0%,57.0%,33.0%,-,-,-,-,-,-,-
188,Eliminated,15,20,8,1,4,33.0%,100,16.21,77.0%,39.0%,42.0%,33.0%,-,-,-,-,-,-,-
189,Eliminated,15,20,8,3,10,33.0%,100,13.69,85.0%,52.0%,40.0%,33.0%,-,-,-,-,-,-,-
190,Eliminated,20,10,6,1,10,33.0%,100,16.14,85.0%,40.0%,35.0%,33.0%,-,-,-,-,-,-,-
191,Eliminated,0,10,6,3,6,32.7%,101,9.48,75.0%,46.0%,36.0%,32.7%,-,-,-,-,-,-,-
192,Eliminated,20,15,8,1,8,32.7%,101,17.87,86.0%,45.0%,36.0%,32.7%,-,-,-,-,-,-,-
193,Eliminated,0,5,8,3,6,32.0%,100,6.50,86.0%,42.0%,38.0%,32.0%,-,-,-,-,-,-,-
194,Eliminated,0,10,8,3,8,32.0%,100,10.03,85.0%,34.0%,44.0%,32.0%,-,-,-,-,-,-,-
195,Eliminated,0,15,10,3,6,32.0%,100,10.83,76.0%,41.0%,41.0%,32.0%,-,-,-,-,-,-,-
196,Eliminated,0,15,10,3,10,32.0%,100,11.38,87.0%,44.0%,35.0%,32.0%,-,-,-,-,-,-,-
197,Eliminated,0,20,8,3,4,32.0%,100,10.35,68.0%,37.0%,37.0%,32.0%,-,-,-,-,-,-,-
198,Eliminated,5,5,6,2,10,32.0%,100,10.46,85.0%,38.0%,36.0%,32.0%,-,-,-,-,-,-,-
199,Eliminated,5,5,8,1,8,32.0%,100,14.05,88.0%,52.0%,34.0%,32.0%,-,-,-,-,-,-,-
200,Eliminated,5,5,8,1,10,32.0%,100,13.20,87.0%,45.0%,36.0%,32.0%,-,-,-,-,-,-,-
201,Eliminated,5,10,8,3,10,32.0%,100,12.23,87.0%,39.0%,39.0%,32.0%,-,-,-,-,-,-,-
202,Eliminated,5,15,8,2,6,32.0%,100,12.67,81.0%,35.0%,34.0%,32.0%,-,-,-,-,-,-,-
203,Eliminated,5,20,6,1,10,32.0%,100,15.86,87.0%,46.0%,37.0%,32.0%,-,-,-,-,-,-,-
204,Eliminated,5,20,8,2,6,32.0%,100,13.50,86.0%,42.0%,40.0%,32.0%,-,-,-,-,-,-,-
205,Eliminated,5,20,8,2,10,32.0%,100,14.55,90.0%,42.0%,44.0%,32.0%,-,-,-,-,-,-,-
206,Eliminated,10,0,8,2,10,32.0%,100,2.83,92.0%,55.0%,37.0%,32.0%,-,-,-,-,-,-,-
207,Eliminated,10,5,8,1,8,32.0%,100,13.68,86.0%,49.0%,40.0%,32.0%,-,-,-,-,-,-,-
208,Eliminated,10,10,8,2,8,32.0%,100,13.40,88.0%,46.0%,40.0%,32.0%,-,-,-,-,-,-,-
209,Eliminated,10,10,8,3,6,32.0%,100,12.33,79.0%,37.0%,36.0%,32.0%,-,-,-,-,-,-,-
210,Eliminated,10,20,8,1,4,32.0%,100,16.05,74.0%,44.0%,37.0%,32.0%,-,-,-,-,-,-,-
211,Eliminated,15,5,6,1,6,32.0%,100,12.26,84.0%,41.0%,49.0%,32.0%,-,-,-,-,-,-,-
212,Eliminated,15,5,6,1,8,32.0%,100,13.13,83.0%,46.0%,43.0%,32.0%,-,-,-,-,-,-,-
213,Eliminated,15,5,6,3,8,32.0%,100,10.67,91.0%,35.0%,35.0%,32.0%,-,-,-,-,-,-,-
214,Eliminated,15,5,6,3,10,32.0%,100,11.12,82.0%,43.0%,37.0%,32.0%,-,-,-,-,-,-,-
215,Eliminated,15,15,6,1,4,32.0%,100,15.70,73.0%,37.0%,40.0%,32.0%,-,-,-,-,-,-,-
216,Eliminated,15,15,8,1,4,32.0%,100,16.06,76.0%,41.0%,37.0%,32.0%,-,-,-,-,-,-,-
217,Eliminated,15,15,8,2,6,32.0%,100,13.19,85.0%,36.0%,41.0%,32.0%,-,-,-,-,-,-,-
218,Eliminated,20,10,6,1,8,32.0%,100,15.26,88.0%,44.0%,49.0%,32.0%,-,-,-,-,-,-,-
219,Eliminated,20,10,10,1,10,32.0%,100,17.91,82.0%,43.0%,38.0%,32.0%,-,-,-,-,-,-,-
220,Eliminated,0,10,8,2,4,31.0%,100,10.45,77.0%,54.0%,34.0%,31.0%,-,-,-,-,-,-,-
221,Eliminated,0,10,8,3,6,31.0%,100,9.78,79.0%,39.0%,36.0%,31.0%,-,-,-,-,-,-,-
222,Eliminated,0,20,8,1,10,31.0%,100,15.08,82.0%,38.0%,38.0%,31.0%,-,-,-,-,-,-,-
223,Eliminated,5,0,8,1,4,31.0%,100,2.24,85.0%,39.0%,36.0%,31.0%,-,-,-,-,-,-,-
224,Eliminated,5,0,10,1,8,31.0%,100,2.13,93.0%,43.0%,40.0%,31.0%,-,-,-,-,-,-,-
225,Eliminated,5,5,10,1,4,31.0%,100,13.35,81.0%,42.0%,34.0%,31.0%,-,-,-,-,-,-,-
226,Eliminated,5,15,6,1,8,31.0%,100,16.07,89.0%,37.0%,35.0%,31.0%,-,-,-,-,-,-,-
227,Eliminated,5,15,8,3,8,31.0%,100,13.34,86.0%,41.0%,34.0%,31.0%,-,-,-,-,-,-,-
228,Eliminated,5,20,6,1,6,31.0%,100,16.95,74.0%,43.0%,46.0%,31.0%,-,-,-,-,-,-,-
229,Eliminated,5,20,10,3,6,31.0%,100,12.20,75.0%,38.0%,39.0%,31.0%,-,-,-,-,-,-,-
230,Eliminated,5,20,10,3,8,31.0%,100,12.69,83.0%,50.0%,35.0%,31.0%,-,-,-,-,-,-,-
231,Eliminated,10,10,8,2,6,31.0%,100,12.28,84.0%,34.0%,37.0%,31.0%,-,-,-,-,-,-,-
232,Eliminated,10,10,10,1,6,31.0%,100,17.09,82.0%,35.0%,35.0%,31.0%,-,-,-,-,-,-,-
233,Eliminated,10,15,6,1,6,31.0%,100,16.76,88.0%,50.0%,34.0%,31.0%,-,-,-,-,-,-,-
234,Eliminated,10,20,8,2,8,31.0%,100,13.55,91.0%,39.0%,41.0%,31.0%,-,-,-,-,-,-,-
235,Eliminated,10,20,10,1,4,31.0%,100,17.60,80.0%,48.0%,49.0%,31.0%,-,-,-,-,-,-,-
236,Eliminated,10,20,10,3,10,31.0%,100,13.03,88.0%,42.0%,34.0%,31.0%,-,-,-,-,-,-,-
237,Eliminated,15,5,6,2,6,31.0%,100,9.97,79.0%,34.0%,38.0%,31.0%,-,-,-,-,-,-,-
238,Eliminated,15,5,6,3,6,31.0%,100,9.95,85.0%,38.0%,37.0%,31.0%,-,-,-,-,-,-,-
239,Eliminated,15,10,8,1,10,31.0%,100,16.70,87.0%,48.0%,41.0%,31.0%,-,-,-,-,-,-,-
240,Eliminated,15,10,8,3,8,31.0%,100,12.64,90.0%,43.0%,40.0%,31.0%,-,-,-,-,-,-,-
241,Eliminated,15,15,10,1,4,31.0%,100,17.16,78.0%,37.0%,34.0%,31.0%,-,-,-,-,-,-,-
242,Eliminated,15,20,6,3,10,31.0%,100,14.49,91.0%,37.0%,35.0%,31.0%,-,-,-,-,-,-,-
243,Eliminated,15,20,10,3,10,31.0%,100,13.25,89.0%,44.0%,36.0%,31.0%,-,-,-,-,-,-,-
244,Eliminated,20,10,10,2,10,31.0%,100,12.76,91.0%,42.0%,44.0%,31.0%,-,-,-,-,-,-,-
245,Eliminated,20,5,6,2,8,30.7%,101,10.69,83.0%,36.0%,41.6%,30.7%,-,-,-,-,-,-,-
246,Eliminated,0,0,6,1,2,30.0%,100,1.27,68.0%,36.0%,36.0%,30.0%,-,-,-,-,-,-,-
247,Eliminated,0,0,8,1,8,30.0%,100,2.02,88.0%,42.0%,39.0%,30.0%,-,-,-,-,-,-,-
248,Eliminated,0,5,4,1,6,30.0%,100,9.62,75.0%,35.0%,41.6%,30.0%,-,-,-,-,-,-,-
249,Eliminated,5,5,4,1,4,30.0%,100,10.21,70.0%,40.0%,44.0%,30.0%,-,-,-,-,-,-,-
250,Eliminated,5,5,10,2,8,30.0%,100,9.50,87.0%,40.0%,37.0%,30.0%,-,-,-,-,-,-,-
251,Eliminated,5,5,10,3,8,30.0%,100,9.80,84.0%,35.0%,40.0%,30.0%,-,-,-,-,-,-,-
252,Eliminated,5,10,6,2,10,30.0%,100,12.79,91.0%,36.0%,35.0%,30.0%,-,-,-,-,-,-,-
253,Eliminated,5,15,8,1,6,30.0%,100,16.74,79.0%,41.0%,35.0%,30.0%,-,-,-,-,-,-,-
254,Eliminated,5,20,8,1,8,30.0%,100,17.21,84.0%,48.0%,39.0%,30.0%,-,-,-,-,-,-,-
255,Eliminated,5,20,8,2,8,30.0%,100,14.69,86.0%,46.0%,43.0%,30.0%,-,-,-,-,-,-,-
256,Eliminated,5,20,8,3,8,30.0%,100,13.28,89.0%,36.0%,39.0%,30.0%,-,-,-,-,-,-,-
257,Eliminated,5,20,10,2,8,30.0%,100,13.87,82.0%,43.0%,39.0%,30.0%,-,-,-,-,-,-,-
258,Eliminated,10,5,10,1,6,30.0%,100,14.84,82.0%,46.0%,38.0%,30.0%,-,-,-,-,-,-,-
259,Eliminated,10,20,6,2,6,30.0%,100,13.46,81.0%,34.0%,36.0%,30.0%,-,-,-,-,-,-,-
260,Eliminated,10,20,10,3,8,30.0%,100,13.23,88.0%,45.0%,39.0%,30.0%,-,-,-,-,-,-,-
261,Eliminated,15,10,10,3,8,30.0%,100,12.14,86.0%,42.0%,42.0%,30.0%,-,-,-,-,-,-,-
262,Eliminated,15,15,6,1,8,30.0%,100,15.44,86.0%,48.0%,39.0%,30.0%,-,-,-,-,-,-,-
263,Eliminated,20,15,6,1,10,30.0%,100,16.83,85.0%,48.0%,35.0%,30.0%,-,-,-,-,-,-,-
264,Eliminated,0,20,8,2,8,29.7%,101,13.57,89.0%,42.0%,36.0%,29.7%,-,-,-,-,-,-,-
265,Eliminated,5,20,8,3,10,29.7%,101,13.14,87.0%,35.0%,48.0%,29.7%,-,-,-,-,-,-,-
266,Eliminated,0,0,6,2,8,29.0%,100,1.59,88.0%,40.0%,39.0%,29.0%,-,-,-,-,-,-,-
267,Eliminated,0,10,6,3,8,29.0%,100,10.38,85.0%,46.0%,39.0%,29.0%,-,-,-,-,-,-,-
268,Eliminated,0,15,6,3,6,29.0%,100,10.63,73.0%,56.0%,42.0%,29.0%,-,-,-,-,-,-,-
269,Eliminated,0,20,4,2,6,29.0%,100,12.77,76.0%,43.0%,35.0%,29.0%,-,-,-,-,-,-,-
270,Eliminated,5,5,8,2,6,29.0%,100,9.41,89.0%,37.0%,36.0%,29.0%,-,-,-,-,-,-,-
271,Eliminated,5,20,6,3,8,29.0%,100,12.52,79.0%,36.0%,44.0%,29.0%,-,-,-,-,-,-,-
272,Eliminated,5,20,10,1,4,29.0%,100,17.42,73.0%,42.0%,34.0%,29.0%,-,-,-,-,-,-,-
273,Eliminated,5,20,10,2,6,29.0%,100,13.88,74.0%,40.0%,39.0%,29.0%,-,-,-,-,-,-,-
274,Eliminated,10,10,10,3,10,29.0%,100,12.23,80.0%,40.0%,35.0%,29.0%,-,-,-,-,-,-,-
275,Eliminated,10,15,8,1,4,29.0%,100,14.79,82.0%,41.0%,39.0%,29.0%,-,-,-,-,-,-,-
276,Eliminated,10,20,8,2,6,29.0%,100,13.38,80.0%,38.0%,38.0%,29.0%,-,-,-,-,-,-,-
277,Eliminated,15,5,8,1,4,29.0%,100,10.54,80.0%,41.0%,36.0%,29.0%,-,-,-,-,-,-,-
278,Eliminated,15,20,6,2,8,29.0%,100,14.01,89.0%,42.0%,49.0%,29.0%,-,-,-,-,-,-,-
279,Eliminated,20,5,8,3,6,29.0%,100,10.07,88.0%,38.0%,35.0%,29.0%,-,-,-,-,-,-,-
280,Eliminated,20,20,10,1,6,29.0%,100,18.45,88.0%,42.0%,42.0%,29.0%,-,-,-,-,-,-,-
281,Eliminated,0,0,4,1,10,28.0%,100,1.85,88.0%,46.0%,34.0%,28.0%,-,-,-,-,-,-,-
282,Eliminated,0,15,6,2,10,28.0%,100,12.95,81.0%,43.0%,35.0%,28.0%,-,-,-,-,-,-,-
283,Eliminated,0,20,10,3,8,28.0%,100,11.13,87.0%,46.0%,36.0%,28.0%,-,-,-,-,-,-,-
284,Eliminated,5,5,4,2,10,28.0%,100,10.27,76.0%,42.0%,34.0%,28.0%,-,-,-,-,-,-,-
285,Eliminated,10,5,10,2,10,28.0%,100,9.71,92.0%,37.0%,36.0%,28.0%,-,-,-,-,-,-,-
286,Eliminated,15,5,8,2,10,28.0%,100,10.19,93.0%,42.0%,36.0%,28.0%,-,-,-,-,-,-,-
287,Eliminated,15,20,8,1,10,28.0%,100,16.70,88.0%,48.0%,45.0%,28.0%,-,-,-,-,-,-,-
288,Eliminated,15,20,10,1,8,28.0%,100,18.55,78.0%,44.0%,34.0%,28.0%,-,-,-,-,-,-,-
289,Eliminated,20,5,8,2,10,27.7%,101,10.94,88.0%,44.0%,35.0%,27.7%,-,-,-,-,-,-,-
290,Eliminated,0,10,4,2,6,27.0%,100,10.91,76.0%,41.0%,38.0%,27.0%,-,-,-,-,-,-,-
291,Eliminated,0,20,6,2,8,27.0%,100,13.10,88.0%,36.0%,42.0%,27.0%,-,-,-,-,-,-,-
292,Eliminated,0,20,10,3,6,27.0%,100,10.89,79.0%,38.0%,36.0%,27.0%,-,-,-,-,-,-,-
293,Eliminated,5,0,8,3,8,27.0%,100,2.38,97.0%,46.0%,38.0%,27.0%,-,-,-,-,-,-,-
294,Eliminated,5,5,10,1,6,27.0%,100,14.20,79.0%,48.0%,36.0%,27.0%,-,-,-,-,-,-,-
295,Eliminated,5,10,8,2,8,27.0%,100,13.44,81.0%,43.0%,36.0%,27.0%,-,-,-,-,-,-,-
296,Eliminated,5,15,6,2,8,27.0%,100,13.52,80.0%,39.0%,35.0%,27.0%,-,-,-,-,-,-,-
297,Eliminated,5,20,8,1,6,27.0%,100,17.80,82.0%,39.0%,40.0%,27.0%,-,-,-,-,-,-,-
298,Eliminated,5,20,8,1,10,27.0%,100,16.82,82.0%,47.0%,38.0%,27.0%,-,-,-,-,-,-,-
299,Eliminated,10,20,4,3,10,27.0%,100,13.44,81.0%,34.0%,35.0%,27.0%,-,-,-,-,-,-,-
300,Eliminated,10,20,10,2,8,27.0%,100,13.50,91.0%,45.0%,38.0%,27.0%,-,-,-,-,-,-,-
301,Eliminated,15,5,4,1,6,27.0%,100,11.79,77.0%,35.0%,36.0%,27.0%,-,-,-,-,-,-,-
302,Eliminated,0,5,4,1,8,26.0%,100,9.42,81.0%,36.0%,35.0%,26.0%,-,-,-,-,-,-,-
303,Eliminated,0,5,6,3,4,26.0%,100,6.14,68.0%,35.0%,39.0%,26.0%,-,-,-,-,-,-,-
304,Eliminated,0,10,10,3,10,26.0%,100,9.84,88.0%,40.0%,36.0%,26.0%,-,-,-,-,-,-,-
305,Eliminated,0,20,8,2,6,26.0%,100,13.16,77.0%,40.0%,35.0%,26.0%,-,-,-,-,-,-,-
306,Eliminated,10,5,10,1,10,26.0%,100,15.38,87.0%,42.0%,41.0%,26.0%,-,-,-,-,-,-,-
307,Eliminated,15,15,10,2,8,26.0%,100,13.18,84.0%,36.0%,37.0%,26.0%,-,-,-,-,-,-,-
308,Eliminated,15,20,10,1,6,26.0%,100,19.02,82.0%,51.0%,40.0%,26.0%,-,-,-,-,-,-,-
309,Eliminated,20,5,10,1,8,26.0%,100,15.68,86.0%,44.0%,35.0%,26.0%,-,-,-,-,-,-,-
310,Eliminated,20,15,10,2,8,26.0%,100,14.19,89.0%,44.0%,37.0%,26.0%,-,-,-,-,-,-,-
311,Eliminated,20,15,10,2,10,26.0%,100,13.94,84.0%,41.0%,36.0%,26.0%,-,-,-,-,-,-,-
312,Eliminated,0,20,4,1,6,25.0%,100,15.79,69.0%,35.0%,34.0%,25.0%,-,-,-,-,-,-,-
313,Eliminated,5,20,10,1,8,25.0%,100,17.32,83.0%,42.0%,36.0%,25.0%,-,-,-,-,-,-,-
314,Eliminated,10,0,4,1,10,25.0%,100,2.98,89.0%,38.0%,35.0%,25.0%,-,-,-,-,-,-,-
315,Eliminated,10,10,6,3,10,25.0%,100,12.69,85.0%,38.0%,35.0%,25.0%,-,-,-,-,-,-,-
316,Eliminated,15,0,10,1,8,25.0%,100,2.23,94.0%,40.0%,36.0%,25.0%,-,-,-,-,-,-,-
317,Eliminated,15,10,8,1,4,25.0%,100,15.19,80.0%,41.0%,34.0%,25.0%,-,-,-,-,-,-,-
318,Eliminated,15,20,10,1,10,25.0%,100,18.51,72.0%,44.0%,47.0%,25.0%,-,-,-,-,-,-,-
319,Eliminated,20,5,6,1,8,25.0%,100,13.00,85.0%,48.0%,44.0%,25.0%,-,-,-,-,-,-,-
320,Eliminated,20,10,10,1,8,25.0%,100,18.33,85.0%,49.0%,38.0%,25.0%,-,-,-,-,-,-,-
321,Eliminated,0,5,8,2,10,24.0%,100,9.09,88.0%,38.0%,36.0%,24.0%,-,-,-,-,-,-,-
322,Eliminated,5,0,10,2,10,24.0%,100,1.94,94.0%,39.0%,35.0%,24.0%,-,-,-,-,-,-,-
323,Eliminated,5,15,6,2,10,24.0%,100,13.96,83.0%,36.0%,39.0%,24.0%,-,-,-,-,-,-,-
324,Eliminated,10,15,8,3,6,24.0%,100,12.50,82.0%,36.0%,35.0%,24.0%,-,-,-,-,-,-,-
325,Eliminated,5,0,6,3,10,23.0%,100,2.68,93.0%,35.0%,40.0%,23.0%,-,-,-,-,-,-,-
326,Eliminated,5,10,6,1,8,23.0%,100,15.20,84.0%,36.6%,35.0%,23.0%,-,-,-,-,-,-,-
327,Eliminated,10,20,6,1,10,23.0%,100,15.93,91.0%,37.0%,37.0%,23.0%,-,-,-,-,-,-,-
328,Eliminated,5,20,10,1,6,22.0%,100,17.43,85.0%,48.0%,45.0%,22.0%,-,-,-,-,-,-,-
329,Eliminated,10,5,10,1,8,22.0%,100,15.14,72.0%,47.0%,35.0%,22.0%,-,-,-,-,-,-,-
330,Eliminated,15,20,4,1,10,22.0%,100,15.82,76.0%,45.0%,34.0%,22.0%,-,-,-,-,-,-,-
331,Eliminated,15,20,6,3,8,22.0%,100,13.08,85.0%,38.0%,34.0%,22.0%,-,-,-,-,-,-,-
332,Eliminated,15,0,8,1,10,21.0%,100,3.16,89.0%,49.0%,36.0%,21.0%,-,-,-,-,-,-,-
333,Eliminated,20,5,10,1,2,21.0%,100,12.97,68.0%,35.0%,37.0%,21.0%,-,-,-,-,-,-,-
334,Eliminated,15,0,10,1,10,20.0%,100,2.23,93.0%,51.0%,35.0%,20.0%,-,-,-,-,-,-,-
335,Eliminated,15,10,4,1,6,20.0%,100,13.78,88.0%,44.0%,38.0%,20.0%,-,-,-,-,-,-,-
336,Eliminated,20,0,8,1,10,20.0%,100,2.93,96.0%,50.0%,36.0%,20.0%,-,-,-,-,-,-,-
337,Eliminated,15,5,4,3,10,19.0%,100,10.82,78.0%,38.0%,34.0%,19.0%,-,-,-,-,-,-,-
338,Eliminated,20,0,10,2,10,34.0%,100,1.56,94.0%,46.0%,34.0%,-,-,-,-,-,-,-,-
339,Eliminated,20,5,6,1,6,34.0%,100,9.37,79.0%,39.0%,34.0%,-,-,-,-,-,-,-,-
340,Eliminated,20,5,8,2,8,34.0%,100,8.18,90.0%,45.0%,34.0%,-,-,-,-,-,-,-,-
341,Eliminated,20,10,10,1,6,34.0%,100,13.76,82.0%,42.6%,34.0%,-,-,-,-,-,-,-,-
342,Eliminated,20,15,8,1,4,34.0%,100,11.75,72.0%,42.0%,34.0%,-,-,-,-,-,-,-,-
343,Eliminated,20,20,4,1,4,34.0%,100,11.95,70.0%,40.0%,34.0%,-,-,-,-,-,-,-,-
344,Eliminated,20,20,8,2,8,34.0%,100,9.99,85.0%,41.6%,34.0%,-,-,-,-,-,-,-,-
345,Eliminated,20,20,8,3,10,34.0%,100,10.36,93.0%,36.6%,34.0%,-,-,-,-,-,-,-,-
346,Eliminated,5,10,10,3,6,33.7%,101,7.73,80.0%,36.0%,33.7%,-,-,-,-,-,-,-,-
347,Eliminated,0,0,6,3,10,33.0%,100,1.13,90.0%,40.0%,33.0%,-,-,-,-,-,-,-,-
348,Eliminated,0,0,8,2,10,33.0%,100,1.22,88.0%,41.0%,33.0%,-,-,-,-,-,-,-,-
349,Eliminated,0,5,6,1,4,33.0%,100,6.82,88.0%,39.0%,33.0%,-,-,-,-,-,-,-,-
350,Eliminated,0,5,6,1,8,33.0%,100,7.49,78.0%,42.0%,33.0%,-,-,-,-,-,-,-,-
351,Eliminated,0,5,6,3,6,33.0%,100,4.63,77.0%,35.0%,33.0%,-,-,-,-,-,-,-,-
352,Eliminated,0,5,8,3,8,33.0%,100,4.94,81.0%,41.0%,33.0%,-,-,-,-,-,-,-,-
353,Eliminated,0,10,4,3,4,33.0%,100,6.50,73.0%,48.0%,33.0%,-,-,-,-,-,-,-,-
354,Eliminated,0,15,8,2,4,33.0%,100,8.61,74.0%,46.0%,33.0%,-,-,-,-,-,-,-,-
355,Eliminated,0,15,8,3,8,33.0%,100,8.68,83.0%,44.0%,33.0%,-,-,-,-,-,-,-,-
356,Eliminated,5,0,4,3,10,33.0%,100,2.28,93.0%,36.0%,33.0%,-,-,-,-,-,-,-,-
357,Eliminated,5,0,8,2,6,33.0%,100,1.60,89.0%,35.0%,33.0%,-,-,-,-,-,-,-,-
358,Eliminated,5,0,8,2,8,33.0%,100,2.18,94.0%,36.0%,33.0%,-,-,-,-,-,-,-,-
359,Eliminated,5,0,8,3,10,33.0%,100,1.89,96.0%,39.0%,33.0%,-,-,-,-,-,-,-,-
360,Eliminated,5,10,6,1,10,33.0%,100,10.83,87.0%,38.0%,33.0%,-,-,-,-,-,-,-,-
361,Eliminated,5,10,10,2,10,33.0%,100,9.30,88.0%,35.0%,33.0%,-,-,-,-,-,-,-,-
362,Eliminated,5,15,6,3,8,33.0%,100,9.78,84.0%,43.0%,33.0%,-,-,-,-,-,-,-,-
363,Eliminated,5,15,8,2,8,33.0%,100,10.50,88.0%,43.0%,33.0%,-,-,-,-,-,-,-,-
364,Eliminated,10,0,8,1,10,33.0%,100,2.33,94.0%,52.0%,33.0%,-,-,-,-,-,-,-,-
365,Eliminated,10,5,4,1,10,33.0%,100,8.37,80.0%,40.0%,33.0%,-,-,-,-,-,-,-,-
366,Eliminated,10,5,10,1,4,33.0%,100,9.59,82.0%,34.0%,33.0%,-,-,-,-,-,-,-,-
367,Eliminated,10,10,8,1,4,33.0%,100,10.50,78.0%,41.0%,33.0%,-,-,-,-,-,-,-,-
368,Eliminated,10,10,10,2,8,33.0%,100,9.50,89.0%,37.0%,33.0%,-,-,-,-,-,-,-,-
369,Eliminated,10,15,10,3,10,33.0%,100,9.58,83.0%,45.0%,33.0%,-,-,-,-,-,-,-,-
370,Eliminated,15,5,4,1,8,33.0%,100,9.43,78.0%,34.0%,33.0%,-,-,-,-,-,-,-,-
371,Eliminated,15,5,10,1,8,33.0%,100,11.94,78.0%,46.0%,33.0%,-,-,-,-,-,-,-,-
372,Eliminated,15,10,6,2,6,33.0%,100,9.18,89.0%,44.6%,33.0%,-,-,-,-,-,-,-,-
373,Eliminated,15,10,10,3,6,33.0%,100,8.39,81.0%,35.0%,33.0%,-,-,-,-,-,-,-,-
374,Eliminated,20,0,6,1,8,33.0%,100,2.34,94.0%,44.0%,33.0%,-,-,-,-,-,-,-,-
375,Eliminated,20,0,8,3,10,33.0%,100,2.07,91.0%,49.0%,33.0%,-,-,-,-,-,-,-,-
376,Eliminated,20,0,10,1,10,33.0%,100,1.76,96.0%,39.0%,33.0%,-,-,-,-,-,-,-,-
377,Eliminated,20,5,4,1,6,33.0%,100,8.45,80.0%,36.0%,33.0%,-,-,-,-,-,-,-,-
378,Eliminated,20,15,4,1,8,33.0%,100,11.21,79.0%,35.0%,33.0%,-,-,-,-,-,-,-,-
379,Eliminated,20,15,10,1,6,33.0%,100,13.75,84.0%,48.0%,33.0%,-,-,-,-,-,-,-,-
380,Eliminated,20,15,10,1,10,33.0%,100,14.59,78.0%,35.0%,33.0%,-,-,-,-,-,-,-,-
381,Eliminated,20,15,10,3,10,33.0%,100,10.19,82.0%,41.0%,33.0%,-,-,-,-,-,-,-,-
382,Eliminated,20,20,6,1,8,33.0%,100,11.74,91.0%,43.0%,33.0%,-,-,-,-,-,-,-,-
383,Eliminated,20,20,10,3,10,33.0%,100,9.69,89.0%,37.0%,33.0%,-,-,-,-,-,-,-,-
384,Eliminated,0,0,4,1,8,32.7%,101,1.38,80.0%,39.0%,32.7%,-,-,-,-,-,-,-,-
385,Eliminated,10,15,6,1,4,32.7%,101,10.47,72.0%,39.0%,32.7%,-,-,-,-,-,-,-,-
386,Eliminated,15,20,10,2,8,32.7%,101,9.97,79.0%,38.0%,32.7%,-,-,-,-,-,-,-,-
387,Eliminated,0,5,4,3,4,32.0%,100,4.47,69.0%,36.0%,32.0%,-,-,-,-,-,-,-,-
388,Eliminated,0,5,8,2,4,32.0%,100,4.83,75.0%,37.0%,32.0%,-,-,-,-,-,-,-,-
389,Eliminated,0,15,8,3,10,32.0%,100,8.88,91.0%,38.0%,32.0%,-,-,-,-,-,-,-,-
390,Eliminated,0,20,6,2,6,32.0%,100,10.34,79.0%,53.0%,32.0%,-,-,-,-,-,-,-,-
391,Eliminated,0,20,6,3,6,32.0%,100,8.39,75.0%,44.0%,32.0%,-,-,-,-,-,-,-,-
392,Eliminated,0,20,6,3,8,32.0%,100,8.50,76.0%,43.0%,32.0%,-,-,-,-,-,-,-,-
393,Eliminated,0,20,8,3,10,32.0%,100,8.68,92.0%,46.0%,32.0%,-,-,-,-,-,-,-,-
394,Eliminated,0,20,10,1,6,32.0%,100,10.64,77.0%,39.0%,32.0%,-,-,-,-,-,-,-,-
395,Eliminated,5,0,8,1,10,32.0%,100,1.98,90.0%,47.0%,32.0%,-,-,-,-,-,-,-,-
396,Eliminated,5,10,6,2,6,32.0%,100,9.27,83.0%,40.0%,32.0%,-,-,-,-,-,-,-,-
397,Eliminated,5,15,8,1,4,32.0%,100,11.39,71.0%,40.0%,32.0%,-,-,-,-,-,-,-,-
398,Eliminated,5,15,8,3,6,32.0%,100,9.06,80.0%,39.0%,32.0%,-,-,-,-,-,-,-,-
399,Eliminated,5,20,6,2,8,32.0%,100,10.43,85.0%,39.0%,32.0%,-,-,-,-,-,-,-,-
400,Eliminated,5,20,10,1,10,32.0%,100,13.67,72.0%,53.0%,32.0%,-,-,-,-,-,-,-,-
401,Eliminated,10,5,10,3,10,32.0%,100,7.88,88.0%,47.0%,32.0%,-,-,-,-,-,-,-,-
402,Eliminated,10,10,6,3,6,32.0%,100,8.87,69.0%,35.0%,32.0%,-,-,-,-,-,-,-,-
403,Eliminated,10,10,8,3,4,32.0%,100,8.33,68.0%,40.0%,32.0%,-,-,-,-,-,-,-,-
404,Eliminated,10,20,8,3,8,32.0%,100,10.34,90.0%,41.0%,32.0%,-,-,-,-,-,-,-,-
405,Eliminated,15,0,10,2,10,32.0%,100,1.75,92.0%,52.0%,32.0%,-,-,-,-,-,-,-,-
406,Eliminated,15,5,8,3,8,32.0%,100,8.01,90.0%,44.0%,32.0%,-,-,-,-,-,-,-,-
407,Eliminated,15,15,6,2,10,32.0%,100,9.89,81.0%,37.0%,32.0%,-,-,-,-,-,-,-,-
408,Eliminated,15,15,6,3,10,32.0%,100,9.99,87.0%,38.0%,32.0%,-,-,-,-,-,-,-,-
409,Eliminated,15,15,10,1,6,32.0%,100,13.89,78.0%,43.0%,32.0%,-,-,-,-,-,-,-,-
410,Eliminated,15,20,10,2,10,32.0%,100,9.33,83.0%,48.0%,32.0%,-,-,-,-,-,-,-,-
411,Eliminated,15,20,10,3,8,32.0%,100,9.77,85.0%,39.0%,32.0%,-,-,-,-,-,-,-,-
412,Eliminated,20,0,8,2,8,32.0%,100,2.02,85.0%,47.0%,32.0%,-,-,-,-,-,-,-,-
413,Eliminated,20,5,10,3,10,32.0%,100,7.44,92.0%,40.0%,32.0%,-,-,-,-,-,-,-,-
414,Eliminated,20,15,10,3,8,32.0%,100,9.97,87.0%,39.0%,32.0%,-,-,-,-,-,-,-,-
415,Eliminated,20,20,6,1,10,32.0%,100,12.72,85.0%,41.0%,32.0%,-,-,-,-,-,-,-,-
416,Eliminated,0,0,6,2,10,31.7%,101,1.20,84.0%,41.0%,31.7%,-,-,-,-,-,-,-,-
417,Eliminated,10,10,4,1,10,31.7%,101,10.24,87.0%,40.0%,31.7%,-,-,-,-,-,-,-,-
418,Eliminated,20,20,6,3,10,31.7%,101,10.46,91.0%,40.0%,31.7%,-,-,-,-,-,-,-,-
419,Eliminated,0,0,8,3,6,31.0%,100,0.93,80.0%,41.0%,31.0%,-,-,-,-,-,-,-,-
420,Eliminated,0,0,8,3,8,31.0%,100,1.06,92.0%,42.0%,31.0%,-,-,-,-,-,-,-,-
421,Eliminated,0,5,8,2,8,31.0%,100,6.40,88.0%,35.0%,31.0%,-,-,-,-,-,-,-,-
422,Eliminated,0,5,8,3,4,31.0%,100,4.49,75.0%,43.0%,31.0%,-,-,-,-,-,-,-,-
423,Eliminated,0,10,8,1,4,31.0%,100,9.33,84.0%,38.0%,31.0%,-,-,-,-,-,-,-,-
424,Eliminated,0,10,8,1,6,31.0%,100,10.35,82.0%,35.6%,31.0%,-,-,-,-,-,-,-,-
425,Eliminated,0,20,4,2,8,31.0%,100,9.72,77.0%,40.0%,31.0%,-,-,-,-,-,-,-,-
426,Eliminated,5,0,6,2,10,31.0%,100,2.02,95.0%,40.0%,31.0%,-,-,-,-,-,-,-,-
427,Eliminated,5,5,8,3,10,31.0%,100,7.29,87.0%,42.0%,31.0%,-,-,-,-,-,-,-,-
428,Eliminated,5,10,4,1,4,31.0%,100,9.30,77.0%,38.0%,31.0%,-,-,-,-,-,-,-,-
429,Eliminated,5,10,4,1,8,31.0%,100,10.00,86.0%,41.0%,31.0%,-,-,-,-,-,-,-,-
430,Eliminated,5,15,10,1,6,31.0%,100,12.54,82.0%,41.0%,31.0%,-,-,-,-,-,-,-,-
431,Eliminated,10,0,10,1,8,31.0%,100,1.48,90.0%,41.0%,31.0%,-,-,-,-,-,-,-,-
432,Eliminated,10,5,8,3,6,31.0%,100,7.16,81.0%,39.0%,31.0%,-,-,-,-,-,-,-,-
433,Eliminated,10,10,6,1,4,31.0%,100,10.43,79.0%,35.0%,31.0%,-,-,-,-,-,-,-,-
434,Eliminated,10,15,6,3,10,31.0%,100,9.75,88.0%,36.0%,31.0%,-,-,-,-,-,-,-,-
435,Eliminated,10,15,10,2,6,31.0%,100,9.38,77.0%,35.0%,31.0%,-,-,-,-,-,-,-,-
436,Eliminated,15,0,8,2,8,31.0%,100,1.85,93.0%,53.0%,31.0%,-,-,-,-,-,-,-,-
437,Eliminated,15,0,8,3,8,31.0%,100,1.98,92.0%,40.0%,31.0%,-,-,-,-,-,-,-,-
438,Eliminated,15,0,8,3,10,31.0%,100,2.02,90.0%,43.0%,31.0%,-,-,-,-,-,-,-,-
439,Eliminated,15,10,6,3,6,31.0%,100,9.43,81.0%,39.0%,31.0%,-,-,-,-,-,-,-,-
440,Eliminated,15,10,8,1,8,31.0%,100,12.46,91.0%,46.0%,31.0%,-,-,-,-,-,-,-,-
441,Eliminated,15,10,10,2,10,31.0%,100,9.38,91.0%,38.0%,31.0%,-,-,-,-,-,-,-,-
442,Eliminated,15,15,6,2,8,31.0%,100,10.58,91.0%,38.0%,31.0%,-,-,-,-,-,-,-,-
443,Eliminated,15,15,8,1,6,31.0%,100,12.94,83.0%,44.0%,31.0%,-,-,-,-,-,-,-,-
444,Eliminated,15,20,6,1,6,31.0%,100,12.27,84.0%,47.0%,31.0%,-,-,-,-,-,-,-,-
445,Eliminated,20,0,6,1,10,31.0%,100,2.09,94.0%,41.0%,31.0%,-,-,-,-,-,-,-,-
446,Eliminated,20,0,6,2,10,31.0%,100,2.41,91.0%,56.0%,31.0%,-,-,-,-,-,-,-,-
447,Eliminated,20,5,6,3,8,31.0%,100,7.92,91.0%,37.0%,31.0%,-,-,-,-,-,-,-,-
448,Eliminated,20,5,10,2,8,31.0%,100,7.93,91.0%,40.0%,31.0%,-,-,-,-,-,-,-,-
449,Eliminated,20,10,10,2,6,31.0%,100,8.90,79.0%,37.0%,31.0%,-,-,-,-,-,-,-,-
450,Eliminated,20,20,6,1,4,31.0%,100,11.94,72.0%,43.0%,31.0%,-,-,-,-,-,-,-,-
451,Eliminated,20,20,8,2,10,31.0%,100,9.92,88.0%,36.0%,31.0%,-,-,-,-,-,-,-,-
452,Eliminated,0,5,4,3,8,30.0%,100,5.62,78.0%,34.0%,30.0%,-,-,-,-,-,-,-,-
453,Eliminated,0,10,8,3,10,30.0%,100,7.45,81.0%,42.0%,30.0%,-,-,-,-,-,-,-,-
454,Eliminated,0,15,4,2,6,30.0%,100,9.39,73.0%,40.0%,30.0%,-,-,-,-,-,-,-,-
455,Eliminated,0,20,4,2,10,30.0%,100,9.30,86.0%,39.0%,30.0%,-,-,-,-,-,-,-,-
456,Eliminated,0,20,4,3,4,30.0%,100,8.39,74.0%,51.0%,30.0%,-,-,-,-,-,-,-,-
457,Eliminated,0,20,8,1,8,30.0%,100,11.66,72.0%,36.0%,30.0%,-,-,-,-,-,-,-,-
458,Eliminated,0,20,8,2,10,30.0%,100,10.14,85.0%,36.0%,30.0%,-,-,-,-,-,-,-,-
459,Eliminated,5,10,8,1,8,30.0%,100,11.70,82.0%,41.0%,30.0%,-,-,-,-,-,-,-,-
460,Eliminated,10,0,6,3,10,30.0%,100,2.36,90.0%,35.0%,30.0%,-,-,-,-,-,-,-,-
461,Eliminated,10,5,6,2,6,30.0%,100,7.09,85.0%,34.0%,30.0%,-,-,-,-,-,-,-,-
462,Eliminated,10,10,4,1,8,30.0%,100,10.52,79.0%,37.0%,30.0%,-,-,-,-,-,-,-,-
463,Eliminated,10,15,6,1,8,30.0%,100,12.17,85.0%,42.0%,30.0%,-,-,-,-,-,-,-,-
464,Eliminated,10,15,8,1,8,30.0%,100,12.43,84.0%,48.0%,30.0%,-,-,-,-,-,-,-,-
465,Eliminated,10,15,8,1,10,30.0%,100,12.74,85.0%,46.0%,30.0%,-,-,-,-,-,-,-,-
466,Eliminated,10,15,8,2,6,30.0%,100,9.76,74.0%,36.0%,30.0%,-,-,-,-,-,-,-,-
467,Eliminated,10,20,6,3,10,30.0%,100,9.57,85.0%,36.0%,30.0%,-,-,-,-,-,-,-,-
468,Eliminated,15,10,10,1,10,30.0%,100,14.38,75.0%,45.0%,30.0%,-,-,-,-,-,-,-,-
469,Eliminated,20,5,4,1,8,30.0%,100,8.86,88.0%,47.0%,30.0%,-,-,-,-,-,-,-,-
470,Eliminated,20,5,6,2,6,30.0%,100,6.89,86.0%,37.0%,30.0%,-,-,-,-,-,-,-,-
471,Eliminated,20,10,6,2,6,30.0%,100,9.64,90.0%,35.0%,30.0%,-,-,-,-,-,-,-,-
472,Eliminated,20,15,10,1,4,30.0%,100,12.61,79.0%,39.0%,30.0%,-,-,-,-,-,-,-,-
473,Eliminated,20,20,6,1,6,30.0%,100,13.21,88.0%,39.0%,30.0%,-,-,-,-,-,-,-,-
474,Eliminated,10,0,10,2,10,29.7%,101,1.51,95.0%,43.0%,29.7%,-,-,-,-,-,-,-,-
475,Eliminated,20,10,10,1,4,29.7%,101,11.21,80.0%,56.0%,29.7%,-,-,-,-,-,-,-,-
476,Eliminated,0,5,6,1,6,29.0%,100,7.36,78.0%,39.0%,29.0%,-,-,-,-,-,-,-,-
477,Eliminated,0,5,6,3,8,29.0%,100,5.34,85.0%,34.0%,29.0%,-,-,-,-,-,-,-,-
478,Eliminated,0,5,8,1,10,29.0%,100,7.67,85.0%,35.0%,29.0%,-,-,-,-,-,-,-,-
479,Eliminated,0,15,6,2,8,29.0%,100,9.49,80.0%,42.0%,29.0%,-,-,-,-,-,-,-,-
480,Eliminated,0,15,10,3,8,29.0%,100,8.23,84.0%,39.0%,29.0%,-,-,-,-,-,-,-,-
481,Eliminated,0,20,10,1,8,29.0%,100,10.74,72.0%,40.0%,29.0%,-,-,-,-,-,-,-,-
482,Eliminated,0,20,10,2,2,29.0%,100,9.70,73.0%,36.0%,29.0%,-,-,-,-,-,-,-,-
483,Eliminated,5,0,6,1,6,29.0%,100,1.82,88.0%,38.0%,29.0%,-,-,-,-,-,-,-,-
484,Eliminated,5,0,8,1,8,29.0%,100,1.88,99.0%,43.0%,29.0%,-,-,-,-,-,-,-,-
485,Eliminated,5,5,6,2,8,29.0%,100,7.69,85.0%,38.0%,29.0%,-,-,-,-,-,-,-,-
486,Eliminated,5,5,10,1,10,29.0%,100,11.56,76.0%,37.0%,29.0%,-,-,-,-,-,-,-,-
487,Eliminated,5,10,10,1,6,29.0%,100,12.69,81.0%,36.0%,29.0%,-,-,-,-,-,-,-,-
488,Eliminated,5,10,10,2,8,29.0%,100,9.08,93.0%,46.0%,29.0%,-,-,-,-,-,-,-,-
489,Eliminated,5,15,4,3,10,29.0%,100,9.68,78.0%,38.0%,29.0%,-,-,-,-,-,-,-,-
490,Eliminated,5,15,8,2,10,29.0%,100,10.03,89.0%,38.0%,29.0%,-,-,-,-,-,-,-,-
491,Eliminated,10,0,4,3,8,29.0%,100,2.10,86.0%,35.0%,29.0%,-,-,-,-,-,-,-,-
492,Eliminated,10,0,6,2,8,29.0%,100,2.08,92.0%,50.5%,29.0%,-,-,-,-,-,-,-,-
493,Eliminated,10,5,6,1,4,29.0%,100,8.07,70.0%,44.0%,29.0%,-,-,-,-,-,-,-,-
494,Eliminated,10,5,8,2,6,29.0%,100,7.49,84.0%,40.0%,29.0%,-,-,-,-,-,-,-,-
495,Eliminated,10,10,6,2,6,29.0%,100,8.58,77.0%,34.0%,29.0%,-,-,-,-,-,-,-,-
496,Eliminated,10,10,6,2,8,29.0%,100,9.32,78.0%,41.0%,29.0%,-,-,-,-,-,-,-,-
497,Eliminated,10,10,8,3,10,29.0%,100,9.22,87.0%,38.0%,29.0%,-,-,-,-,-,-,-,-
498,Eliminated,10,15,4,1,4,29.0%,100,11.19,75.0%,34.0%,29.0%,-,-,-,-,-,-,-,-
499,Eliminated,10,15,10,1,10,29.0%,100,13.21,86.0%,43.0%,29.0%,-,-,-,-,-,-,-,-
500,Eliminated,15,0,6,1,8,29.0%,100,2.41,91.0%,53.0%,29.0%,-,-,-,-,-,-,-,-
501,Eliminated,15,0,10,2,8,29.0%,100,1.66,89.0%,46.0%,29.0%,-,-,-,-,-,-,-,-
502,Eliminated,15,0,10,3,10,29.0%,100,1.69,95.0%,46.0%,29.0%,-,-,-,-,-,-,-,-
503,Eliminated,15,5,8,2,6,29.0%,100,7.09,88.0%,41.0%,29.0%,-,-,-,-,-,-,-,-
504,Eliminated,15,10,10,1,8,29.0%,100,12.88,81.0%,45.0%,29.0%,-,-,-,-,-,-,-,-
505,Eliminated,15,20,10,1,4,29.0%,100,12.50,74.0%,50.0%,29.0%,-,-,-,-,-,-,-,-
506,Eliminated,15,20,10,2,6,29.0%,100,9.53,86.0%,39.0%,29.0%,-,-,-,-,-,-,-,-
507,Eliminated,20,0,8,2,10,29.0%,100,2.06,93.0%,57.0%,29.0%,-,-,-,-,-,-,-,-
508,Eliminated,20,0,10,3,8,29.0%,100,1.58,94.0%,48.0%,29.0%,-,-,-,-,-,-,-,-
509,Eliminated,20,5,6,3,6,29.0%,100,7.66,83.0%,36.0%,29.0%,-,-,-,-,-,-,-,-
510,Eliminated,20,5,8,3,10,29.0%,100,8.07,96.0%,41.0%,29.0%,-,-,-,-,-,-,-,-
511,Eliminated,20,15,6,3,10,29.0%,100,9.73,86.0%,44.0%,29.0%,-,-,-,-,-,-,-,-
512,Eliminated,20,20,6,2,8,29.0%,100,10.44,80.0%,38.0%,29.0%,-,-,-,-,-,-,-,-
513,Eliminated,20,20,8,1,4,29.0%,100,12.32,75.0%,41.0%,29.0%,-,-,-,-,-,-,-,-
514,Eliminated,0,0,4,2,10,28.0%,100,1.16,91.0%,34.0%,28.0%,-,-,-,-,-,-,-,-
515,Eliminated,0,10,6,2,10,28.0%,100,8.52,84.0%,42.0%,28.0%,-,-,-,-,-,-,-,-
516,Eliminated,0,15,4,3,6,28.0%,100,8.31,73.0%,46.0%,28.0%,-,-,-,-,-,-,-,-
517,Eliminated,0,20,10,1,10,28.0%,100,10.29,79.0%,36.6%,28.0%,-,-,-,-,-,-,-,-
518,Eliminated,5,0,10,1,10,28.0%,100,1.49,90.0%,41.0%,28.0%,-,-,-,-,-,-,-,-
519,Eliminated,5,10,8,2,10,28.0%,100,9.57,85.0%,50.0%,28.0%,-,-,-,-,-,-,-,-
520,Eliminated,5,15,8,3,4,28.0%,100,8.36,68.0%,37.0%,28.0%,-,-,-,-,-,-,-,-
521,Eliminated,5,20,4,2,8,28.0%,100,10.02,84.0%,34.0%,28.0%,-,-,-,-,-,-,-,-
522,Eliminated,5,20,6,1,4,28.0%,100,11.28,70.0%,36.0%,28.0%,-,-,-,-,-,-,-,-
523,Eliminated,10,0,6,1,6,28.0%,100,1.78,88.0%,42.0%,28.0%,-,-,-,-,-,-,-,-
524,Eliminated,10,0,8,1,8,28.0%,100,2.08,93.0%,51.0%,28.0%,-,-,-,-,-,-,-,-
525,Eliminated,10,0,8,2,8,28.0%,100,1.71,95.0%,42.0%,28.0%,-,-,-,-,-,-,-,-
526,Eliminated,10,0,8,3,10,28.0%,100,2.14,92.0%,55.0%,28.0%,-,-,-,-,-,-,-,-
527,Eliminated,10,0,10,3,8,28.0%,100,1.59,92.0%,39.0%,28.0%,-,-,-,-,-,-,-,-
528,Eliminated,10,5,4,1,6,28.0%,100,8.17,75.0%,39.0%,28.0%,-,-,-,-,-,-,-,-
529,Eliminated,10,5,4,3,10,28.0%,100,8.00,80.0%,42.0%,28.0%,-,-,-,-,-,-,-,-
530,Eliminated,10,10,6,1,10,28.0%,100,11.49,87.0%,46.0%,28.0%,-,-,-,-,-,-,-,-
531,Eliminated,10,15,4,1,6,28.0%,100,10.47,76.0%,38.0%,28.0%,-,-,-,-,-,-,-,-
532,Eliminated,10,15,10,2,8,28.0%,100,9.48,85.0%,40.0%,28.0%,-,-,-,-,-,-,-,-
533,Eliminated,15,10,6,1,8,28.0%,100,11.10,88.0%,49.0%,28.0%,-,-,-,-,-,-,-,-
534,Eliminated,15,10,10,1,6,28.0%,100,13.61,84.0%,38.0%,28.0%,-,-,-,-,-,-,-,-
535,Eliminated,15,10,10,2,8,28.0%,100,9.36,79.0%,36.0%,28.0%,-,-,-,-,-,-,-,-
536,Eliminated,15,15,6,1,6,28.0%,100,13.27,81.0%,47.0%,28.0%,-,-,-,-,-,-,-,-
537,Eliminated,15,15,10,3,10,28.0%,100,9.61,85.0%,40.0%,28.0%,-,-,-,-,-,-,-,-
538,Eliminated,15,20,4,3,10,28.0%,100,9.97,79.0%,36.0%,28.0%,-,-,-,-,-,-,-,-
539,Eliminated,20,0,10,1,8,28.0%,100,1.85,91.0%,47.0%,28.0%,-,-,-,-,-,-,-,-
540,Eliminated,20,5,4,1,10,28.0%,100,9.03,77.0%,41.0%,28.0%,-,-,-,-,-,-,-,-
541,Eliminated,20,5,6,2,10,28.0%,100,7.75,92.0%,37.0%,28.0%,-,-,-,-,-,-,-,-
542,Eliminated,20,10,10,3,10,28.0%,100,8.74,84.0%,37.0%,28.0%,-,-,-,-,-,-,-,-
543,Eliminated,0,10,4,3,8,27.0%,100,7.87,79.0%,34.0%,27.0%,-,-,-,-,-,-,-,-
544,Eliminated,5,0,6,1,8,27.0%,100,2.12,95.0%,54.0%,27.0%,-,-,-,-,-,-,-,-
545,Eliminated,5,0,8,2,10,27.0%,100,1.75,89.0%,51.0%,27.0%,-,-,-,-,-,-,-,-
546,Eliminated,5,0,10,3,6,27.0%,100,1.27,89.0%,34.0%,27.0%,-,-,-,-,-,-,-,-
547,Eliminated,5,5,2,1,10,27.0%,100,8.23,73.0%,42.0%,27.0%,-,-,-,-,-,-,-,-
548,Eliminated,10,0,10,2,6,27.0%,100,1.71,85.0%,34.0%,27.0%,-,-,-,-,-,-,-,-
549,Eliminated,10,15,10,1,6,27.0%,100,13.55,81.0%,36.0%,27.0%,-,-,-,-,-,-,-,-
550,Eliminated,10,20,4,1,6,27.0%,100,11.51,76.0%,35.0%,27.0%,-,-,-,-,-,-,-,-
551,Eliminated,10,20,10,2,6,27.0%,100,9.24,78.0%,38.0%,27.0%,-,-,-,-,-,-,-,-
552,Eliminated,15,0,4,1,8,27.0%,100,2.15,88.0%,34.0%,27.0%,-,-,-,-,-,-,-,-
553,Eliminated,15,0,8,2,10,27.0%,100,2.08,92.0%,44.0%,27.0%,-,-,-,-,-,-,-,-
554,Eliminated,15,5,6,3,4,27.0%,100,6.61,81.0%,34.0%,27.0%,-,-,-,-,-,-,-,-
555,Eliminated,15,5,10,3,10,27.0%,100,7.48,88.0%,42.0%,27.0%,-,-,-,-,-,-,-,-
556,Eliminated,15,15,6,1,10,27.0%,100,11.86,83.0%,53.0%,27.0%,-,-,-,-,-,-,-,-
557,Eliminated,15,15,6,2,6,27.0%,100,9.89,79.0%,38.0%,27.0%,-,-,-,-,-,-,-,-
558,Eliminated,15,15,8,3,8,27.0%,100,9.70,91.0%,46.0%,27.0%,-,-,-,-,-,-,-,-
559,Eliminated,15,20,4,1,6,27.0%,100,10.80,77.0%,43.0%,27.0%,-,-,-,-,-,-,-,-
560,Eliminated,20,0,6,2,8,27.0%,100,2.09,96.0%,46.0%,27.0%,-,-,-,-,-,-,-,-
561,Eliminated,20,0,10,3,10,27.0%,100,1.59,94.0%,35.0%,27.0%,-,-,-,-,-,-,-,-
562,Eliminated,20,10,10,1,2,27.0%,100,11.37,72.0%,43.0%,27.0%,-,-,-,-,-,-,-,-
563,Eliminated,20,15,4,1,10,27.0%,100,10.95,80.0%,35.0%,27.0%,-,-,-,-,-,-,-,-
564,Eliminated,5,0,4,2,8,26.7%,101,1.83,85.0%,34.0%,26.7%,-,-,-,-,-,-,-,-
565,Eliminated,0,0,10,3,8,26.0%,100,0.97,90.0%,35.0%,26.0%,-,-,-,-,-,-,-,-
566,Eliminated,0,5,6,3,10,26.0%,100,5.91,82.0%,39.0%,26.0%,-,-,-,-,-,-,-,-
567,Eliminated,0,15,4,2,8,26.0%,100,8.78,80.0%,36.0%,26.0%,-,-,-,-,-,-,-,-
568,Eliminated,0,20,10,2,10,26.0%,100,10.82,72.0%,45.0%,26.0%,-,-,-,-,-,-,-,-
569,Eliminated,5,0,4,2,10,26.0%,100,1.82,88.0%,40.0%,26.0%,-,-,-,-,-,-,-,-
570,Eliminated,5,0,10,1,6,26.0%,100,1.68,88.0%,37.0%,26.0%,-,-,-,-,-,-,-,-
571,Eliminated,5,0,10,2,8,26.0%,100,1.49,90.0%,41.0%,26.0%,-,-,-,-,-,-,-,-
572,Eliminated,5,0,10,3,8,26.0%,100,1.53,90.0%,34.0%,26.0%,-,-,-,-,-,-,-,-
573,Eliminated,5,0,10,3,10,26.0%,100,1.32,94.0%,37.0%,26.0%,-,-,-,-,-,-,-,-
574,Eliminated,5,5,6,2,4,26.0%,100,6.16,74.0%,35.0%,26.0%,-,-,-,-,-,-,-,-
575,Eliminated,5,10,4,2,4,26.0%,100,8.55,74.0%,34.0%,26.0%,-,-,-,-,-,-,-,-
576,Eliminated,5,15,4,1,10,26.0%,100,10.95,90.0%,34.0%,26.0%,-,-,-,-,-,-,-,-
577,Eliminated,5,15,10,2,10,26.0%,100,9.50,86.0%,36.0%,26.0%,-,-,-,-,-,-,-,-
578,Eliminated,5,20,4,2,10,26.0%,100,10.02,78.0%,38.0%,26.0%,-,-,-,-,-,-,-,-
579,Eliminated,10,0,6,1,8,26.0%,100,2.36,92.0%,44.6%,26.0%,-,-,-,-,-,-,-,-
580,Eliminated,10,0,6,2,10,26.0%,100,2.18,94.0%,50.0%,26.0%,-,-,-,-,-,-,-,-
581,Eliminated,10,0,8,3,8,26.0%,100,2.02,96.0%,43.0%,26.0%,-,-,-,-,-,-,-,-
582,Eliminated,10,0,10,2,8,26.0%,100,1.47,90.0%,40.0%,26.0%,-,-,-,-,-,-,-,-
583,Eliminated,10,15,4,2,8,26.0%,100,9.58,85.0%,40.0%,26.0%,-,-,-,-,-,-,-,-
584,Eliminated,10,20,4,2,8,26.0%,100,9.91,82.0%,37.0%,26.0%,-,-,-,-,-,-,-,-
585,Eliminated,15,0,4,2,10,26.0%,100,2.13,92.0%,38.0%,26.0%,-,-,-,-,-,-,-,-
586,Eliminated,15,10,6,3,10,26.0%,100,9.62,87.0%,35.0%,26.0%,-,-,-,-,-,-,-,-
587,Eliminated,15,10,8,2,10,26.0%,100,9.44,90.0%,53.0%,26.0%,-,-,-,-,-,-,-,-
588,Eliminated,15,20,4,2,8,26.0%,100,9.69,83.0%,37.0%,26.0%,-,-,-,-,-,-,-,-
589,Eliminated,20,5,6,1,4,26.0%,100,8.07,84.0%,37.0%,26.0%,-,-,-,-,-,-,-,-
590,Eliminated,20,5,8,1,4,26.0%,100,7.93,76.0%,35.0%,26.0%,-,-,-,-,-,-,-,-
591,Eliminated,20,10,10,2,8,26.0%,100,9.32,89.0%,43.0%,26.0%,-,-,-,-,-,-,-,-
592,Eliminated,20,15,10,1,2,26.0%,100,12.05,69.0%,41.0%,26.0%,-,-,-,-,-,-,-,-
593,Eliminated,20,20,8,1,10,26.0%,100,12.88,84.0%,40.0%,26.0%,-,-,-,-,-,-,-,-
594,Eliminated,15,5,10,1,6,25.7%,101,10.89,85.0%,42.0%,25.7%,-,-,-,-,-,-,-,-
595,Eliminated,0,10,4,3,6,25.0%,100,7.15,71.0%,40.0%,25.0%,-,-,-,-,-,-,-,-
596,Eliminated,0,15,8,2,8,25.0%,100,10.37,78.0%,36.0%,25.0%,-,-,-,-,-,-,-,-
597,Eliminated,0,20,4,3,8,25.0%,100,8.79,68.0%,43.0%,25.0%,-,-,-,-,-,-,-,-
598,Eliminated,5,0,6,3,8,25.0%,100,1.83,88.0%,35.0%,25.0%,-,-,-,-,-,-,-,-
599,Eliminated,5,5,4,1,8,25.0%,100,8.64,83.0%,38.0%,25.0%,-,-,-,-,-,-,-,-
600,Eliminated,5,5,10,1,8,25.0%,100,11.52,84.0%,36.0%,25.0%,-,-,-,-,-,-,-,-
601,Eliminated,5,20,6,3,10,25.0%,100,9.30,81.0%,40.0%,25.0%,-,-,-,-,-,-,-,-
602,Eliminated,5,20,10,2,10,25.0%,100,9.90,88.0%,46.0%,25.0%,-,-,-,-,-,-,-,-
603,Eliminated,10,0,10,3,6,25.0%,100,1.47,93.0%,34.0%,25.0%,-,-,-,-,-,-,-,-
604,Eliminated,10,5,4,2,10,25.0%,100,8.14,82.0%,41.0%,25.0%,-,-,-,-,-,-,-,-
605,Eliminated,10,20,10,3,6,25.0%,100,9.26,73.0%,40.0%,25.0%,-,-,-,-,-,-,-,-
606,Eliminated,15,0,6,2,10,25.0%,100,2.24,90.0%,46.0%,25.0%,-,-,-,-,-,-,-,-
607,Eliminated,15,0,6,3,8,25.0%,100,2.51,86.0%,42.0%,25.0%,-,-,-,-,-,-,-,-
608,Eliminated,15,0,8,1,6,25.0%,100,2.01,90.0%,35.0%,25.0%,-,-,-,-,-,-,-,-
609,Eliminated,15,0,8,1,8,25.0%,100,2.32,97.0%,45.0%,25.0%,-,-,-,-,-,-,-,-
610,Eliminated,15,0,10,3,8,25.0%,100,1.50,92.0%,39.0%,25.0%,-,-,-,-,-,-,-,-
611,Eliminated,15,5,10,3,8,25.0%,100,7.91,91.0%,36.0%,25.0%,-,-,-,-,-,-,-,-
612,Eliminated,20,20,4,1,10,25.0%,100,11.12,85.0%,37.0%,25.0%,-,-,-,-,-,-,-,-
613,Eliminated,0,20,8,2,4,24.8%,101,9.86,71.0%,43.0%,24.8%,-,-,-,-,-,-,-,-
614,Eliminated,20,10,8,2,6,24.8%,101,8.38,79.0%,37.0%,24.8%,-,-,-,-,-,-,-,-
615,Eliminated,0,5,4,2,8,24.0%,100,5.72,76.0%,36.0%,24.0%,-,-,-,-,-,-,-,-
616,Eliminated,0,15,4,3,10,24.0%,100,8.52,78.0%,46.0%,24.0%,-,-,-,-,-,-,-,-
617,Eliminated,0,20,4,3,10,24.0%,100,9.27,78.0%,39.0%,24.0%,-,-,-,-,-,-,-,-
618,Eliminated,5,10,8,3,4,24.0%,100,7.41,74.0%,38.0%,24.0%,-,-,-,-,-,-,-,-
619,Eliminated,10,0,4,3,6,24.0%,100,1.85,89.0%,34.0%,24.0%,-,-,-,-,-,-,-,-
620,Eliminated,10,20,6,2,10,24.0%,100,9.69,84.0%,35.0%,24.0%,-,-,-,-,-,-,-,-
621,Eliminated,20,0,8,1,8,24.0%,100,2.04,91.0%,52.0%,24.0%,-,-,-,-,-,-,-,-
622,Eliminated,20,10,6,3,4,24.0%,100,8.32,80.0%,36.0%,24.0%,-,-,-,-,-,-,-,-
623,Eliminated,0,0,2,1,10,23.8%,101,1.11,78.0%,37.0%,23.8%,-,-,-,-,-,-,-,-
624,Eliminated,0,15,2,2,8,23.0%,100,8.35,72.0%,37.0%,23.0%,-,-,-,-,-,-,-,-
625,Eliminated,0,15,4,3,8,23.0%,100,8.10,73.0%,39.0%,23.0%,-,-,-,-,-,-,-,-
626,Eliminated,5,0,6,2,6,23.0%,100,1.65,93.0%,42.0%,23.0%,-,-,-,-,-,-,-,-
627,Eliminated,5,5,10,3,6,23.0%,100,6.72,78.0%,44.0%,23.0%,-,-,-,-,-,-,-,-
628,Eliminated,5,10,8,1,10,23.0%,100,11.55,84.0%,46.5%,23.0%,-,-,-,-,-,-,-,-
629,Eliminated,5,15,8,1,10,23.0%,100,11.73,87.0%,38.0%,23.0%,-,-,-,-,-,-,-,-
630,Eliminated,5,20,4,1,8,23.0%,100,11.21,78.0%,34.0%,23.0%,-,-,-,-,-,-,-,-
631,Eliminated,10,0,6,1,10,23.0%,100,2.25,90.0%,56.0%,23.0%,-,-,-,-,-,-,-,-
632,Eliminated,10,0,8,1,6,23.0%,100,1.90,94.0%,36.0%,23.0%,-,-,-,-,-,-,-,-
633,Eliminated,15,0,6,1,10,23.0%,100,2.22,94.0%,49.0%,23.0%,-,-,-,-,-,-,-,-
634,Eliminated,15,0,6,2,6,23.0%,100,1.91,95.0%,36.0%,23.0%,-,-,-,-,-,-,-,-
635,Eliminated,15,0,6,3,10,23.0%,100,2.29,91.0%,43.0%,23.0%,-,-,-,-,-,-,-,-
636,Eliminated,15,5,4,3,8,23.0%,100,7.69,86.0%,42.0%,23.0%,-,-,-,-,-,-,-,-
637,Eliminated,15,15,10,1,8,23.0%,100,13.95,78.0%,40.0%,23.0%,-,-,-,-,-,-,-,-
638,Eliminated,20,0,6,2,6,23.0%,100,2.01,93.0%,43.0%,23.0%,-,-,-,-,-,-,-,-
639,Eliminated,20,0,6,3,10,23.0%,100,2.37,91.0%,47.0%,23.0%,-,-,-,-,-,-,-,-
640,Eliminated,20,5,4,2,4,23.0%,100,6.65,70.0%,35.0%,23.0%,-,-,-,-,-,-,-,-
641,Eliminated,20,10,10,2,4,23.0%,100,7.74,72.0%,35.6%,23.0%,-,-,-,-,-,-,-,-
642,Eliminated,20,10,10,3,6,23.0%,100,9.13,87.0%,41.0%,23.0%,-,-,-,-,-,-,-,-
643,Eliminated,20,20,4,1,6,23.0%,100,11.85,76.0%,39.0%,23.0%,-,-,-,-,-,-,-,-
644,Eliminated,5,5,4,2,8,22.0%,100,7.95,81.0%,34.0%,22.0%,-,-,-,-,-,-,-,-
645,Eliminated,10,15,10,1,8,22.0%,100,14.06,84.0%,34.0%,22.0%,-,-,-,-,-,-,-,-
646,Eliminated,15,0,4,3,10,22.0%,100,2.14,91.0%,40.0%,22.0%,-,-,-,-,-,-,-,-
647,Eliminated,15,0,8,2,6,22.0%,100,1.97,89.0%,38.0%,22.0%,-,-,-,-,-,-,-,-
648,Eliminated,15,5,2,1,10,22.0%,100,8.59,79.0%,37.0%,22.0%,-,-,-,-,-,-,-,-
649,Eliminated,20,0,4,2,10,22.0%,100,2.25,87.0%,44.0%,22.0%,-,-,-,-,-,-,-,-
650,Eliminated,20,5,4,2,10,22.0%,100,7.90,84.0%,37.0%,22.0%,-,-,-,-,-,-,-,-
651,Eliminated,0,0,4,2,8,21.8%,101,1.01,81.0%,39.0%,21.8%,-,-,-,-,-,-,-,-
652,Eliminated,10,0,10,1,10,21.0%,100,1.88,92.0%,48.0%,21.0%,-,-,-,-,-,-,-,-
653,Eliminated,10,10,10,1,8,21.0%,100,12.23,82.0%,36.0%,21.0%,-,-,-,-,-,-,-,-
654,Eliminated,15,5,6,2,8,21.0%,100,8.01,85.0%,40.0%,21.0%,-,-,-,-,-,-,-,-
655,Eliminated,20,0,4,3,10,21.0%,100,2.08,93.0%,45.0%,21.0%,-,-,-,-,-,-,-,-
656,Eliminated,20,0,6,3,8,21.0%,100,2.42,92.0%,40.0%,21.0%,-,-,-,-,-,-,-,-
657,Eliminated,10,0,6,3,6,20.0%,100,2.00,89.0%,36.0%,20.0%,-,-,-,-,-,-,-,-
658,Eliminated,10,0,8,2,6,20.0%,100,1.87,84.0%,37.0%,20.0%,-,-,-,-,-,-,-,-
659,Eliminated,15,0,4,1,10,20.0%,100,2.00,90.0%,37.0%,20.0%,-,-,-,-,-,-,-,-
660,Eliminated,20,0,8,3,8,20.0%,100,2.12,97.0%,46.0%,20.0%,-,-,-,-,-,-,-,-
661,Eliminated,10,0,4,3,10,19.0%,100,2.15,85.0%,34.0%,19.0%,-,-,-,-,-,-,-,-
662,Eliminated,10,10,8,2,4,19.0%,100,8.16,72.0%,34.0%,19.0%,-,-,-,-,-,-,-,-
663,Eliminated,0,0,10,1,6,18.0%,100,1.56,81.0%,35.0%,18.0%,-,-,-,-,-,-,-,-
664,Eliminated,0,20,10,2,8,18.0%,100,10.75,76.0%,45.0%,18.0%,-,-,-,-,-,-,-,-
665,Eliminated,10,0,6,2,6,18.0%,100,2.03,90.0%,35.0%,18.0%,-,-,-,-,-,-,-,-
666,Eliminated,10,0,6,3,8,18.0%,100,2.01,93.0%,45.0%,18.0%,-,-,-,-,-,-,-,-
667,Eliminated,10,0,10,3,10,18.0%,100,1.56,92.0%,39.0%,18.0%,-,-,-,-,-,-,-,-
668,Eliminated,15,0,4,3,8,18.0%,100,2.34,86.0%,43.0%,18.0%,-,-,-,-,-,-,-,-
669,Eliminated,15,0,6,2,8,18.0%,100,2.15,92.0%,48.0%,18.0%,-,-,-,-,-,-,-,-
670,Eliminated,15,0,10,3,6,18.0%,100,1.73,82.0%,36.0%,18.0%,-,-,-,-,-,-,-,-
671,Eliminated,20,0,8,1,6,17.0%,100,1.95,88.0%,41.0%,17.0%,-,-,-,-,-,-,-,-
672,Eliminated,20,0,4,1,10,16.0%,100,2.14,90.0%,40.0%,16.0%,-,-,-,-,-,-,-,-
673,Eliminated,5,0,2,1,10,15.0%,100,2.14,80.0%,34.0%,15.0%,-,-,-,-,-,-,-,-
674,Eliminated,20,0,4,3,8,15.0%,100,2.28,88.0%,35.0%,15.0%,-,-,-,-,-,-,-,-
675,Eliminated,20,0,4,1,8,13.0%,100,2.15,86.0%,35.0%,13.0%,-,-,-,-,-,-,-,-
676,Eliminated,15,5,10,3,6,34.0%,100,4.75,82.0%,34.0%,-,-,-,-,-,-,-,-,-
677,Eliminated,15,10,4,1,10,34.0%,100,7.32,88.0%,34.0%,-,-,-,-,-,-,-,-,-
678,Eliminated,15,10,10,3,10,34.0%,100,5.78,86.0%,34.0%,-,-,-,-,-,-,-,-,-
679,Eliminated,15,15,10,3,6,34.0%,100,5.88,82.0%,34.0%,-,-,-,-,-,-,-,-,-
680,Eliminated,20,0,6,3,6,34.0%,100,1.13,92.0%,34.0%,-,-,-,-,-,-,-,-,-
681,Eliminated,20,5,4,3,6,34.0%,100,5.52,73.0%,34.0%,-,-,-,-,-,-,-,-,-
682,Eliminated,20,5,10,1,10,34.0%,100,7.87,83.0%,34.0%,-,-,-,-,-,-,-,-,-
683,Eliminated,20,15,8,2,8,34.0%,100,6.39,87.0%,34.0%,-,-,-,-,-,-,-,-,-
684,Eliminated,20,15,10,2,6,34.0%,100,5.98,80.0%,34.0%,-,-,-,-,-,-,-,-,-
685,Eliminated,20,20,8,2,6,34.0%,100,6.78,79.0%,34.0%,-,-,-,-,-,-,-,-,-
686,Eliminated,20,20,10,1,8,34.0%,100,8.65,82.0%,34.0%,-,-,-,-,-,-,-,-,-
687,Eliminated,20,20,10,2,10,34.0%,100,6.51,86.0%,34.0%,-,-,-,-,-,-,-,-,-
688,Eliminated,0,0,6,3,6,33.0%,100,0.62,88.0%,33.0%,-,-,-,-,-,-,-,-,-
689,Eliminated,0,0,10,2,8,33.0%,100,0.54,94.0%,33.0%,-,-,-,-,-,-,-,-,-
690,Eliminated,0,0,10,3,4,33.0%,100,0.58,73.0%,33.0%,-,-,-,-,-,-,-,-,-
691,Eliminated,0,5,4,2,4,33.0%,100,3.33,71.0%,33.0%,-,-,-,-,-,-,-,-,-
692,Eliminated,0,5,4,3,10,33.0%,100,3.93,83.0%,33.0%,-,-,-,-,-,-,-,-,-
693,Eliminated,0,5,10,2,6,33.0%,100,5.12,81.0%,33.0%,-,-,-,-,-,-,-,-,-
694,Eliminated,0,10,6,1,8,33.0%,100,7.66,83.0%,33.0%,-,-,-,-,-,-,-,-,-
695,Eliminated,0,15,2,3,8,33.0%,100,5.04,72.0%,33.0%,-,-,-,-,-,-,-,-,-
696,Eliminated,0,15,4,2,10,33.0%,100,6.38,75.0%,33.0%,-,-,-,-,-,-,-,-,-
697,Eliminated,5,0,6,1,4,33.0%,100,0.99,83.0%,33.0%,-,-,-,-,-,-,-,-,-
698,Eliminated,5,10,4,3,8,33.0%,100,6.08,77.0%,33.0%,-,-,-,-,-,-,-,-,-
699,Eliminated,5,10,6,3,8,33.0%,100,5.54,87.0%,33.0%,-,-,-,-,-,-,-,-,-
700,Eliminated,5,10,10,2,4,33.0%,100,5.37,68.0%,33.0%,-,-,-,-,-,-,-,-,-
701,Eliminated,5,10,10,2,6,33.0%,100,5.89,82.0%,33.0%,-,-,-,-,-,-,-,-,-
702,Eliminated,5,15,4,3,6,33.0%,100,5.77,70.0%,33.0%,-,-,-,-,-,-,-,-,-
703,Eliminated,5,15,6,1,4,33.0%,100,7.78,75.0%,33.0%,-,-,-,-,-,-,-,-,-
704,Eliminated,5,15,8,2,4,33.0%,100,5.84,80.0%,33.0%,-,-,-,-,-,-,-,-,-
705,Eliminated,5,20,4,1,6,33.0%,100,7.00,81.0%,33.0%,-,-,-,-,-,-,-,-,-
706,Eliminated,5,20,8,2,4,33.0%,100,5.82,76.0%,33.0%,-,-,-,-,-,-,-,-,-
707,Eliminated,10,0,4,2,10,33.0%,100,1.28,93.0%,33.0%,-,-,-,-,-,-,-,-,-
708,Eliminated,10,5,2,1,10,33.0%,100,5.74,80.0%,33.0%,-,-,-,-,-,-,-,-,-
709,Eliminated,10,5,6,3,8,33.0%,100,5.05,84.0%,33.0%,-,-,-,-,-,-,-,-,-
710,Eliminated,10,5,8,3,8,33.0%,100,5.39,89.0%,33.0%,-,-,-,-,-,-,-,-,-
711,Eliminated,10,10,4,1,6,33.0%,100,6.91,81.0%,33.0%,-,-,-,-,-,-,-,-,-
712,Eliminated,10,10,6,3,4,33.0%,100,5.86,70.0%,33.0%,-,-,-,-,-,-,-,-,-
713,Eliminated,10,10,10,3,8,33.0%,100,5.56,89.0%,33.0%,-,-,-,-,-,-,-,-,-
714,Eliminated,10,15,10,1,4,33.0%,100,8.16,78.0%,33.0%,-,-,-,-,-,-,-,-,-
715,Eliminated,10,15,10,2,10,33.0%,100,6.45,87.0%,33.0%,-,-,-,-,-,-,-,-,-
716,Eliminated,10,20,6,2,8,33.0%,100,6.59,90.0%,33.0%,-,-,-,-,-,-,-,-,-
717,Eliminated,15,0,4,3,6,33.0%,100,1.41,78.0%,33.0%,-,-,-,-,-,-,-,-,-
718,Eliminated,15,0,6,1,6,33.0%,100,1.20,88.0%,33.0%,-,-,-,-,-,-,-,-,-
719,Eliminated,15,5,4,1,4,33.0%,100,5.27,72.0%,33.0%,-,-,-,-,-,-,-,-,-
720,Eliminated,15,5,8,3,6,33.0%,100,4.97,83.0%,33.0%,-,-,-,-,-,-,-,-,-
721,Eliminated,15,5,10,2,8,33.0%,100,5.08,88.0%,33.0%,-,-,-,-,-,-,-,-,-
722,Eliminated,15,10,8,2,6,33.0%,100,6.11,78.0%,33.0%,-,-,-,-,-,-,-,-,-
723,Eliminated,15,15,6,3,8,33.0%,100,6.17,83.0%,33.0%,-,-,-,-,-,-,-,-,-
724,Eliminated,20,0,4,1,6,33.0%,100,1.34,88.0%,33.0%,-,-,-,-,-,-,-,-,-
725,Eliminated,20,0,10,2,8,33.0%,100,1.00,95.0%,33.0%,-,-,-,-,-,-,-,-,-
726,Eliminated,20,5,4,1,4,33.0%,100,5.72,71.0%,33.0%,-,-,-,-,-,-,-,-,-
727,Eliminated,20,5,4,3,8,33.0%,100,4.95,83.0%,33.0%,-,-,-,-,-,-,-,-,-
728,Eliminated,20,5,10,1,4,33.0%,100,6.85,80.0%,33.0%,-,-,-,-,-,-,-,-,-
729,Eliminated,20,5,10,2,10,33.0%,100,5.35,87.0%,33.0%,-,-,-,-,-,-,-,-,-
730,Eliminated,20,10,6,2,10,33.0%,100,6.37,86.0%,33.0%,-,-,-,-,-,-,-,-,-
731,Eliminated,20,15,10,3,6,33.0%,100,6.03,83.0%,33.0%,-,-,-,-,-,-,-,-,-
732,Eliminated,20,20,4,3,8,33.0%,100,6.27,75.0%,33.0%,-,-,-,-,-,-,-,-,-
733,Eliminated,20,20,6,2,10,33.0%,100,6.32,87.0%,33.0%,-,-,-,-,-,-,-,-,-
734,Eliminated,20,20,10,1,4,33.0%,100,8.67,75.0%,33.0%,-,-,-,-,-,-,-,-,-
735,Eliminated,10,10,10,2,6,32.7%,101,5.67,83.0%,32.7%,-,-,-,-,-,-,-,-,-
736,Eliminated,20,5,10,3,8,32.7%,101,4.97,90.0%,32.7%,-,-,-,-,-,-,-,-,-
737,Eliminated,20,15,8,3,8,32.7%,101,6.20,87.0%,32.7%,-,-,-,-,-,-,-,-,-
738,Eliminated,0,0,2,1,8,32.0%,100,1.03,75.0%,32.0%,-,-,-,-,-,-,-,-,-
739,Eliminated,0,0,6,2,4,32.0%,100,0.53,70.0%,32.0%,-,-,-,-,-,-,-,-,-
740,Eliminated,0,5,2,1,8,32.0%,100,5.02,71.0%,32.0%,-,-,-,-,-,-,-,-,-
741,Eliminated,0,5,4,1,10,32.0%,100,5.14,74.0%,32.0%,-,-,-,-,-,-,-,-,-
742,Eliminated,0,5,4,2,6,32.0%,100,3.96,78.0%,32.0%,-,-,-,-,-,-,-,-,-
743,Eliminated,0,5,8,1,8,32.0%,100,5.35,89.0%,32.0%,-,-,-,-,-,-,-,-,-
744,Eliminated,0,10,2,2,10,32.0%,100,4.83,75.0%,32.0%,-,-,-,-,-,-,-,-,-
745,Eliminated,0,10,6,3,10,32.0%,100,5.13,87.0%,32.0%,-,-,-,-,-,-,-,-,-
746,Eliminated,0,15,8,2,10,32.0%,100,6.61,87.0%,32.0%,-,-,-,-,-,-,-,-,-
747,Eliminated,5,0,4,1,6,32.0%,100,1.20,88.0%,32.0%,-,-,-,-,-,-,-,-,-
748,Eliminated,5,0,4,1,8,32.0%,100,1.21,89.0%,32.0%,-,-,-,-,-,-,-,-,-
749,Eliminated,5,0,4,1,10,32.0%,100,1.42,89.0%,32.0%,-,-,-,-,-,-,-,-,-
750,Eliminated,5,0,10,2,6,32.0%,100,0.98,92.0%,32.0%,-,-,-,-,-,-,-,-,-
751,Eliminated,5,5,6,3,8,32.0%,100,5.00,83.0%,32.0%,-,-,-,-,-,-,-,-,-
752,Eliminated,5,10,8,3,6,32.0%,100,5.68,85.0%,32.0%,-,-,-,-,-,-,-,-,-
753,Eliminated,5,15,4,3,8,32.0%,100,6.16,69.0%,32.0%,-,-,-,-,-,-,-,-,-
754,Eliminated,5,15,6,3,10,32.0%,100,5.96,80.0%,32.0%,-,-,-,-,-,-,-,-,-
755,Eliminated,5,15,8,1,8,32.0%,100,8.12,84.0%,32.0%,-,-,-,-,-,-,-,-,-
756,Eliminated,5,15,10,3,4,32.0%,100,5.03,68.0%,32.0%,-,-,-,-,-,-,-,-,-
757,Eliminated,5,20,4,1,10,32.0%,100,6.90,84.0%,32.0%,-,-,-,-,-,-,-,-,-
758,Eliminated,10,5,2,3,10,32.0%,100,5.18,76.0%,32.0%,-,-,-,-,-,-,-,-,-
759,Eliminated,10,5,10,3,6,32.0%,100,4.64,88.0%,32.0%,-,-,-,-,-,-,-,-,-
760,Eliminated,10,10,4,1,4,32.0%,100,6.67,73.0%,32.0%,-,-,-,-,-,-,-,-,-
761,Eliminated,10,10,8,3,8,32.0%,100,6.61,86.0%,32.0%,-,-,-,-,-,-,-,-,-
762,Eliminated,10,15,4,1,10,32.0%,100,7.03,87.0%,32.0%,-,-,-,-,-,-,-,-,-
763,Eliminated,10,20,2,2,8,32.0%,100,6.03,73.0%,32.0%,-,-,-,-,-,-,-,-,-
764,Eliminated,10,20,6,1,4,32.0%,100,7.89,71.0%,32.0%,-,-,-,-,-,-,-,-,-
765,Eliminated,10,20,6,3,8,32.0%,100,6.72,76.0%,32.0%,-,-,-,-,-,-,-,-,-
766,Eliminated,15,0,4,2,8,32.0%,100,1.38,91.0%,32.0%,-,-,-,-,-,-,-,-,-
767,Eliminated,15,0,8,3,6,32.0%,100,1.38,90.0%,32.0%,-,-,-,-,-,-,-,-,-
768,Eliminated,15,5,2,2,10,32.0%,100,5.36,73.0%,32.0%,-,-,-,-,-,-,-,-,-
769,Eliminated,15,5,6,2,10,32.0%,100,5.10,91.0%,32.0%,-,-,-,-,-,-,-,-,-
770,Eliminated,15,5,10,1,2,32.0%,100,6.37,75.0%,32.0%,-,-,-,-,-,-,-,-,-
771,Eliminated,15,10,6,2,8,32.0%,100,6.05,80.0%,32.0%,-,-,-,-,-,-,-,-,-
772,Eliminated,15,10,6,2,10,32.0%,100,6.27,80.0%,32.0%,-,-,-,-,-,-,-,-,-
773,Eliminated,15,10,8,3,4,32.0%,100,5.74,70.0%,32.0%,-,-,-,-,-,-,-,-,-
774,Eliminated,15,15,4,1,8,32.0%,100,6.89,79.0%,32.0%,-,-,-,-,-,-,-,-,-
775,Eliminated,15,20,4,2,6,32.0%,100,6.50,75.0%,32.0%,-,-,-,-,-,-,-,-,-
776,Eliminated,15,20,10,3,6,32.0%,100,5.27,80.0%,32.0%,-,-,-,-,-,-,-,-,-
777,Eliminated,20,0,8,2,6,32.0%,100,1.25,91.0%,32.0%,-,-,-,-,-,-,-,-,-
778,Eliminated,20,0,10,2,6,32.0%,100,0.99,91.0%,32.0%,-,-,-,-,-,-,-,-,-
779,Eliminated,20,5,6,2,4,32.0%,100,4.29,70.0%,32.0%,-,-,-,-,-,-,-,-,-
780,Eliminated,20,5,6,3,10,32.0%,100,5.67,91.0%,32.0%,-,-,-,-,-,-,-,-,-
781,Eliminated,20,5,10,2,6,32.0%,100,4.56,77.0%,32.0%,-,-,-,-,-,-,-,-,-
782,Eliminated,20,10,4,3,10,32.0%,100,6.16,83.0%,32.0%,-,-,-,-,-,-,-,-,-
783,Eliminated,20,10,6,3,8,32.0%,100,6.19,80.0%,32.0%,-,-,-,-,-,-,-,-,-
784,Eliminated,20,10,6,3,10,32.0%,100,6.53,85.0%,32.0%,-,-,-,-,-,-,-,-,-
785,Eliminated,20,10,8,3,6,32.0%,100,6.07,82.0%,32.0%,-,-,-,-,-,-,-,-,-
786,Eliminated,20,15,4,2,10,32.0%,100,6.07,82.0%,32.0%,-,-,-,-,-,-,-,-,-
787,Eliminated,20,15,4,3,10,32.0%,100,6.46,77.0%,32.0%,-,-,-,-,-,-,-,-,-
788,Eliminated,20,15,10,1,8,32.0%,100,8.86,77.0%,32.0%,-,-,-,-,-,-,-,-,-
789,Eliminated,20,20,10,2,8,32.0%,100,6.41,79.0%,32.0%,-,-,-,-,-,-,-,-,-
790,Eliminated,15,10,8,3,6,31.7%,101,5.78,81.0%,31.7%,-,-,-,-,-,-,-,-,-
791,Eliminated,20,20,10,2,6,31.7%,101,5.83,83.0%,31.7%,-,-,-,-,-,-,-,-,-
792,Eliminated,0,0,4,3,6,31.0%,100,0.66,84.0%,31.0%,-,-,-,-,-,-,-,-,-
793,Eliminated,0,0,8,2,4,31.0%,100,0.59,74.0%,31.0%,-,-,-,-,-,-,-,-,-
794,Eliminated,0,10,2,3,10,31.0%,100,4.84,70.0%,31.0%,-,-,-,-,-,-,-,-,-
795,Eliminated,0,10,4,3,10,31.0%,100,4.76,83.0%,31.0%,-,-,-,-,-,-,-,-,-
796,Eliminated,0,10,8,1,8,31.0%,100,6.63,78.0%,31.0%,-,-,-,-,-,-,-,-,-
797,Eliminated,0,10,10,2,8,31.0%,100,6.43,85.0%,31.0%,-,-,-,-,-,-,-,-,-
798,Eliminated,0,20,6,1,4,31.0%,100,8.38,75.0%,31.0%,-,-,-,-,-,-,-,-,-
799,Eliminated,0,20,8,1,4,31.0%,100,7.87,78.0%,31.0%,-,-,-,-,-,-,-,-,-
800,Eliminated,5,0,10,1,4,31.0%,100,0.84,78.0%,31.0%,-,-,-,-,-,-,-,-,-
801,Eliminated,5,10,10,1,10,31.0%,100,8.37,83.0%,31.0%,-,-,-,-,-,-,-,-,-
802,Eliminated,5,15,10,1,8,31.0%,100,8.67,79.0%,31.0%,-,-,-,-,-,-,-,-,-
803,Eliminated,5,15,10,2,6,31.0%,100,6.24,80.0%,31.0%,-,-,-,-,-,-,-,-,-
804,Eliminated,5,20,2,2,10,31.0%,100,6.01,76.0%,31.0%,-,-,-,-,-,-,-,-,-
805,Eliminated,5,20,4,3,10,31.0%,100,6.19,82.0%,31.0%,-,-,-,-,-,-,-,-,-
806,Eliminated,10,0,4,2,6,31.0%,100,1.32,81.0%,31.0%,-,-,-,-,-,-,-,-,-
807,Eliminated,10,5,4,1,4,31.0%,100,5.37,76.0%,31.0%,-,-,-,-,-,-,-,-,-
808,Eliminated,10,5,4,2,6,31.0%,100,5.06,71.0%,31.0%,-,-,-,-,-,-,-,-,-
809,Eliminated,10,5,6,2,8,31.0%,100,5.21,86.0%,31.0%,-,-,-,-,-,-,-,-,-
810,Eliminated,10,15,4,2,10,31.0%,100,6.46,85.0%,31.0%,-,-,-,-,-,-,-,-,-
811,Eliminated,10,20,4,1,10,31.0%,100,6.92,76.0%,31.0%,-,-,-,-,-,-,-,-,-
812,Eliminated,15,5,2,3,8,31.0%,100,5.21,71.0%,31.0%,-,-,-,-,-,-,-,-,-
813,Eliminated,15,5,4,2,8,31.0%,100,5.19,85.0%,31.0%,-,-,-,-,-,-,-,-,-
814,Eliminated,15,5,4,3,6,31.0%,100,5.36,78.0%,31.0%,-,-,-,-,-,-,-,-,-
815,Eliminated,15,10,2,1,8,31.0%,100,6.32,69.0%,31.0%,-,-,-,-,-,-,-,-,-
816,Eliminated,15,15,4,1,6,31.0%,100,7.24,77.0%,31.0%,-,-,-,-,-,-,-,-,-
817,Eliminated,15,15,4,3,10,31.0%,100,6.06,71.0%,31.0%,-,-,-,-,-,-,-,-,-
818,Eliminated,15,15,8,3,6,31.0%,100,6.38,77.0%,31.0%,-,-,-,-,-,-,-,-,-
819,Eliminated,15,15,10,2,10,31.0%,100,5.94,89.0%,31.0%,-,-,-,-,-,-,-,-,-
820,Eliminated,15,20,4,2,10,31.0%,100,6.10,81.0%,31.0%,-,-,-,-,-,-,-,-,-
821,Eliminated,20,0,2,3,10,31.0%,100,1.23,81.0%,31.0%,-,-,-,-,-,-,-,-,-
822,Eliminated,20,5,4,2,6,31.0%,100,4.70,73.0%,31.0%,-,-,-,-,-,-,-,-,-
823,Eliminated,20,15,4,1,4,31.0%,100,7.27,75.0%,31.0%,-,-,-,-,-,-,-,-,-
824,Eliminated,20,20,10,3,6,31.0%,100,5.95,87.0%,31.0%,-,-,-,-,-,-,-,-,-
825,Eliminated,0,0,4,3,10,30.0%,100,0.77,81.0%,30.0%,-,-,-,-,-,-,-,-,-
826,Eliminated,0,0,10,2,4,30.0%,100,0.48,72.0%,30.0%,-,-,-,-,-,-,-,-,-
827,Eliminated,0,0,10,3,10,30.0%,100,0.67,91.0%,30.0%,-,-,-,-,-,-,-,-,-
828,Eliminated,0,5,2,3,10,30.0%,100,4.10,68.0%,30.0%,-,-,-,-,-,-,-,-,-
829,Eliminated,0,5,10,1,4,30.0%,100,4.72,81.0%,30.0%,-,-,-,-,-,-,-,-,-
830,Eliminated,0,5,10,1,8,30.0%,100,5.26,83.0%,30.0%,-,-,-,-,-,-,-,-,-
831,Eliminated,0,5,10,2,4,30.0%,100,4.62,78.0%,30.0%,-,-,-,-,-,-,-,-,-
832,Eliminated,0,10,4,1,8,30.0%,100,6.27,69.0%,30.0%,-,-,-,-,-,-,-,-,-
833,Eliminated,0,10,4,1,10,30.0%,100,6.76,75.0%,30.0%,-,-,-,-,-,-,-,-,-
834,Eliminated,0,10,4,2,10,30.0%,100,5.25,85.0%,30.0%,-,-,-,-,-,-,-,-,-
835,Eliminated,0,15,6,1,8,30.0%,100,7.38,75.0%,30.0%,-,-,-,-,-,-,-,-,-
836,Eliminated,0,20,6,2,10,30.0%,100,6.47,88.0%,30.0%,-,-,-,-,-,-,-,-,-
837,Eliminated,0,20,10,3,10,30.0%,100,5.24,84.0%,30.0%,-,-,-,-,-,-,-,-,-
838,Eliminated,5,0,2,3,8,30.0%,100,1.36,81.0%,30.0%,-,-,-,-,-,-,-,-,-
839,Eliminated,5,0,4,1,4,30.0%,100,0.92,73.0%,30.0%,-,-,-,-,-,-,-,-,-
840,Eliminated,5,0,4,3,8,30.0%,100,1.44,86.0%,30.0%,-,-,-,-,-,-,-,-,-
841,Eliminated,5,5,4,2,6,30.0%,100,4.93,74.0%,30.0%,-,-,-,-,-,-,-,-,-
842,Eliminated,5,5,6,3,6,30.0%,100,4.64,83.0%,30.0%,-,-,-,-,-,-,-,-,-
843,Eliminated,5,10,4,2,8,30.0%,100,6.18,87.0%,30.0%,-,-,-,-,-,-,-,-,-
844,Eliminated,5,10,4,3,10,30.0%,100,5.82,78.0%,30.0%,-,-,-,-,-,-,-,-,-
845,Eliminated,5,10,6,1,4,30.0%,100,6.77,69.0%,30.0%,-,-,-,-,-,-,-,-,-
846,Eliminated,5,10,6,3,6,30.0%,100,5.22,82.0%,30.0%,-,-,-,-,-,-,-,-,-
847,Eliminated,5,15,4,2,8,30.0%,100,6.32,77.0%,30.0%,-,-,-,-,-,-,-,-,-
848,Eliminated,5,15,4,2,10,30.0%,100,6.11,79.0%,30.0%,-,-,-,-,-,-,-,-,-
849,Eliminated,5,15,8,3,10,30.0%,100,6.19,84.0%,30.0%,-,-,-,-,-,-,-,-,-
850,Eliminated,10,0,8,3,6,30.0%,100,1.05,90.0%,30.0%,-,-,-,-,-,-,-,-,-
851,Eliminated,10,10,2,1,10,30.0%,100,6.20,69.0%,30.0%,-,-,-,-,-,-,-,-,-
852,Eliminated,10,10,10,1,10,30.0%,100,8.44,86.0%,30.0%,-,-,-,-,-,-,-,-,-
853,Eliminated,10,15,2,3,10,30.0%,100,5.76,79.0%,30.0%,-,-,-,-,-,-,-,-,-
854,Eliminated,10,15,4,3,8,30.0%,100,6.17,85.0%,30.0%,-,-,-,-,-,-,-,-,-
855,Eliminated,10,15,6,3,6,30.0%,100,6.37,80.0%,30.0%,-,-,-,-,-,-,-,-,-
856,Eliminated,10,15,8,2,4,30.0%,100,5.36,69.0%,30.0%,-,-,-,-,-,-,-,-,-
857,Eliminated,10,20,4,2,4,30.0%,100,6.33,73.0%,30.0%,-,-,-,-,-,-,-,-,-
858,Eliminated,10,20,6,3,6,30.0%,100,6.55,81.0%,30.0%,-,-,-,-,-,-,-,-,-
859,Eliminated,10,20,8,3,6,30.0%,100,6.37,80.0%,30.0%,-,-,-,-,-,-,-,-,-
860,Eliminated,15,0,10,2,6,30.0%,100,1.11,93.0%,30.0%,-,-,-,-,-,-,-,-,-
861,Eliminated,15,5,10,3,4,30.0%,100,4.17,75.0%,30.0%,-,-,-,-,-,-,-,-,-
862,Eliminated,15,10,4,2,10,30.0%,100,6.03,82.0%,30.0%,-,-,-,-,-,-,-,-,-
863,Eliminated,15,20,4,1,8,30.0%,100,7.07,87.0%,30.0%,-,-,-,-,-,-,-,-,-
864,Eliminated,20,0,4,2,6,30.0%,100,1.33,81.0%,30.0%,-,-,-,-,-,-,-,-,-
865,Eliminated,20,5,2,3,10,30.0%,100,5.23,74.0%,30.0%,-,-,-,-,-,-,-,-,-
866,Eliminated,20,5,4,2,8,30.0%,100,5.28,87.0%,30.0%,-,-,-,-,-,-,-,-,-
867,Eliminated,20,5,4,3,10,30.0%,100,5.23,86.0%,30.0%,-,-,-,-,-,-,-,-,-
868,Eliminated,20,10,4,1,8,30.0%,100,6.71,86.0%,30.0%,-,-,-,-,-,-,-,-,-
869,Eliminated,20,10,6,1,4,30.0%,100,7.16,78.0%,30.0%,-,-,-,-,-,-,-,-,-
870,Eliminated,20,10,6,3,6,30.0%,100,6.33,79.0%,30.0%,-,-,-,-,-,-,-,-,-
871,Eliminated,20,15,6,1,4,30.0%,100,7.83,78.0%,30.0%,-,-,-,-,-,-,-,-,-
872,Eliminated,20,15,8,2,6,30.0%,100,5.93,80.0%,30.0%,-,-,-,-,-,-,-,-,-
873,Eliminated,20,15,8,3,4,30.0%,100,5.74,72.0%,30.0%,-,-,-,-,-,-,-,-,-
874,Eliminated,20,15,8,3,6,30.0%,100,6.65,86.0%,30.0%,-,-,-,-,-,-,-,-,-
875,Eliminated,20,15,8,3,10,30.0%,100,6.42,84.0%,30.0%,-,-,-,-,-,-,-,-,-
876,Eliminated,20,20,4,1,8,30.0%,100,7.43,76.0%,30.0%,-,-,-,-,-,-,-,-,-
877,Eliminated,20,20,10,1,10,30.0%,100,9.20,78.0%,30.0%,-,-,-,-,-,-,-,-,-
878,Eliminated,20,20,10,3,8,30.0%,100,6.71,89.0%,30.0%,-,-,-,-,-,-,-,-,-
879,Eliminated,0,0,0,2,10,29.7%,101,0.79,75.0%,29.7%,-,-,-,-,-,-,-,-,-
880,Eliminated,0,15,2,2,10,29.7%,101,5.80,76.0%,29.7%,-,-,-,-,-,-,-,-,-
881,Eliminated,10,10,10,2,10,29.7%,101,5.81,91.0%,29.7%,-,-,-,-,-,-,-,-,-
882,Eliminated,15,15,4,1,10,29.7%,101,7.08,82.0%,29.7%,-,-,-,-,-,-,-,-,-
883,Eliminated,20,10,4,1,4,29.7%,101,6.95,68.0%,29.7%,-,-,-,-,-,-,-,-,-
884,Eliminated,20,10,4,1,10,29.7%,101,6.90,84.0%,29.7%,-,-,-,-,-,-,-,-,-
885,Eliminated,0,0,4,3,8,29.0%,100,0.85,84.0%,29.0%,-,-,-,-,-,-,-,-,-
886,Eliminated,0,0,10,2,10,29.0%,100,0.51,92.0%,29.0%,-,-,-,-,-,-,-,-,-
887,Eliminated,0,0,10,3,6,29.0%,100,0.51,86.0%,29.0%,-,-,-,-,-,-,-,-,-
888,Eliminated,0,5,4,2,10,29.0%,100,4.05,77.0%,29.0%,-,-,-,-,-,-,-,-,-
889,Eliminated,0,5,10,1,10,29.0%,100,5.31,78.0%,29.0%,-,-,-,-,-,-,-,-,-
890,Eliminated,0,5,10,2,2,29.0%,100,4.99,70.0%,29.0%,-,-,-,-,-,-,-,-,-
891,Eliminated,0,5,10,2,8,29.0%,100,4.86,81.0%,29.0%,-,-,-,-,-,-,-,-,-
892,Eliminated,0,5,10,2,10,29.0%,100,4.85,89.0%,29.0%,-,-,-,-,-,-,-,-,-
893,Eliminated,0,10,4,1,4,29.0%,100,6.51,69.0%,29.0%,-,-,-,-,-,-,-,-,-
894,Eliminated,0,10,6,1,4,29.0%,100,6.86,72.0%,29.0%,-,-,-,-,-,-,-,-,-
895,Eliminated,0,10,6,1,6,29.0%,100,6.64,85.0%,29.0%,-,-,-,-,-,-,-,-,-
896,Eliminated,0,20,10,2,6,29.0%,100,7.03,76.0%,29.0%,-,-,-,-,-,-,-,-,-
897,Eliminated,5,5,4,3,4,29.0%,100,4.53,69.0%,29.0%,-,-,-,-,-,-,-,-,-
898,Eliminated,5,5,8,1,2,29.0%,100,4.50,72.0%,29.0%,-,-,-,-,-,-,-,-,-
899,Eliminated,5,10,4,1,10,29.0%,100,6.23,83.0%,29.0%,-,-,-,-,-,-,-,-,-
900,Eliminated,5,10,4,2,6,29.0%,100,5.89,73.0%,29.0%,-,-,-,-,-,-,-,-,-
901,Eliminated,5,10,4,3,6,29.0%,100,5.74,74.0%,29.0%,-,-,-,-,-,-,-,-,-
902,Eliminated,5,20,2,3,10,29.0%,100,6.23,73.0%,29.0%,-,-,-,-,-,-,-,-,-
903,Eliminated,5,20,4,2,6,29.0%,100,6.14,77.0%,29.0%,-,-,-,-,-,-,-,-,-
904,Eliminated,5,20,4,3,8,29.0%,100,6.15,83.0%,29.0%,-,-,-,-,-,-,-,-,-
905,Eliminated,5,20,6,2,4,29.0%,100,6.14,70.0%,29.0%,-,-,-,-,-,-,-,-,-
906,Eliminated,10,5,0,1,8,29.0%,100,4.76,68.0%,29.0%,-,-,-,-,-,-,-,-,-
907,Eliminated,10,5,2,3,6,29.0%,100,4.76,71.0%,29.0%,-,-,-,-,-,-,-,-,-
908,Eliminated,10,5,4,2,8,29.0%,100,5.02,78.0%,29.0%,-,-,-,-,-,-,-,-,-
909,Eliminated,10,5,4,3,6,29.0%,100,5.03,75.0%,29.0%,-,-,-,-,-,-,-,-,-
910,Eliminated,10,5,4,3,8,29.0%,100,5.44,83.0%,29.0%,-,-,-,-,-,-,-,-,-
911,Eliminated,10,5,8,2,4,29.0%,100,4.21,71.0%,29.0%,-,-,-,-,-,-,-,-,-
912,Eliminated,10,10,2,3,10,29.0%,100,5.88,79.0%,29.0%,-,-,-,-,-,-,-,-,-
913,Eliminated,10,10,4,2,10,29.0%,100,5.82,82.0%,29.0%,-,-,-,-,-,-,-,-,-
914,Eliminated,10,10,4,3,8,29.0%,100,5.93,77.0%,29.0%,-,-,-,-,-,-,-,-,-
915,Eliminated,10,10,10,1,4,29.0%,100,8.00,82.0%,29.0%,-,-,-,-,-,-,-,-,-
916,Eliminated,10,15,4,1,8,29.0%,100,6.79,81.0%,29.0%,-,-,-,-,-,-,-,-,-
917,Eliminated,15,5,4,2,6,29.0%,100,5.19,71.0%,29.0%,-,-,-,-,-,-,-,-,-
918,Eliminated,15,10,10,2,6,29.0%,100,6.13,78.0%,29.0%,-,-,-,-,-,-,-,-,-
919,Eliminated,15,15,2,2,10,29.0%,100,5.82,77.0%,29.0%,-,-,-,-,-,-,-,-,-
920,Eliminated,15,15,4,2,10,29.0%,100,5.95,77.0%,29.0%,-,-,-,-,-,-,-,-,-
921,Eliminated,15,20,2,1,8,29.0%,100,5.57,69.0%,29.0%,-,-,-,-,-,-,-,-,-
922,Eliminated,20,0,10,1,6,29.0%,100,1.17,88.0%,29.0%,-,-,-,-,-,-,-,-,-
923,Eliminated,20,5,8,2,6,29.0%,100,4.65,80.0%,29.0%,-,-,-,-,-,-,-,-,-
924,Eliminated,20,10,4,2,8,29.0%,100,6.21,87.0%,29.0%,-,-,-,-,-,-,-,-,-
925,Eliminated,20,10,4,2,10,29.0%,100,5.65,77.0%,29.0%,-,-,-,-,-,-,-,-,-
926,Eliminated,20,10,4,3,8,29.0%,100,6.21,77.0%,29.0%,-,-,-,-,-,-,-,-,-
927,Eliminated,20,15,4,2,8,29.0%,100,6.08,83.0%,29.0%,-,-,-,-,-,-,-,-,-
928,Eliminated,20,15,6,2,6,29.0%,100,6.03,77.0%,29.0%,-,-,-,-,-,-,-,-,-
929,Eliminated,20,15,6,3,8,29.0%,100,6.73,82.0%,29.0%,-,-,-,-,-,-,-,-,-
930,Eliminated,20,20,4,2,10,29.0%,100,6.20,84.0%,29.0%,-,-,-,-,-,-,-,-,-
931,Eliminated,0,0,8,3,4,28.0%,100,0.51,80.0%,28.0%,-,-,-,-,-,-,-,-,-
932,Eliminated,0,0,10,1,10,28.0%,100,1.25,88.0%,28.0%,-,-,-,-,-,-,-,-,-
933,Eliminated,0,5,6,1,10,28.0%,100,5.11,89.0%,28.0%,-,-,-,-,-,-,-,-,-
934,Eliminated,0,5,10,3,8,28.0%,100,3.85,91.0%,28.0%,-,-,-,-,-,-,-,-,-
935,Eliminated,0,15,10,1,6,28.0%,100,7.16,74.0%,28.0%,-,-,-,-,-,-,-,-,-
936,Eliminated,0,15,10,2,4,28.0%,100,7.12,75.0%,28.0%,-,-,-,-,-,-,-,-,-
937,Eliminated,5,0,4,3,6,28.0%,100,1.47,87.0%,28.0%,-,-,-,-,-,-,-,-,-
938,Eliminated,5,5,2,2,10,28.0%,100,4.81,74.0%,28.0%,-,-,-,-,-,-,-,-,-
939,Eliminated,5,10,2,1,8,28.0%,100,6.14,70.0%,28.0%,-,-,-,-,-,-,-,-,-
940,Eliminated,5,10,2,2,10,28.0%,100,5.58,79.0%,28.0%,-,-,-,-,-,-,-,-,-
941,Eliminated,5,15,2,2,10,28.0%,100,6.40,76.0%,28.0%,-,-,-,-,-,-,-,-,-
942,Eliminated,5,15,10,1,10,28.0%,100,8.76,86.0%,28.0%,-,-,-,-,-,-,-,-,-
943,Eliminated,5,20,6,3,6,28.0%,100,5.90,85.0%,28.0%,-,-,-,-,-,-,-,-,-
944,Eliminated,10,0,4,1,8,28.0%,100,1.37,91.0%,28.0%,-,-,-,-,-,-,-,-,-
945,Eliminated,10,0,8,2,4,28.0%,100,1.04,71.0%,28.0%,-,-,-,-,-,-,-,-,-
946,Eliminated,10,5,0,1,10,28.0%,100,4.97,71.0%,28.0%,-,-,-,-,-,-,-,-,-
947,Eliminated,10,5,4,1,8,28.0%,100,5.53,84.0%,28.0%,-,-,-,-,-,-,-,-,-
948,Eliminated,10,10,4,3,6,28.0%,100,5.88,82.0%,28.0%,-,-,-,-,-,-,-,-,-
949,Eliminated,10,10,4,3,10,28.0%,100,5.92,80.0%,28.0%,-,-,-,-,-,-,-,-,-
950,Eliminated,10,10,10,1,2,28.0%,100,7.75,74.0%,28.0%,-,-,-,-,-,-,-,-,-
951,Eliminated,10,10,10,2,4,28.0%,100,4.99,72.0%,28.0%,-,-,-,-,-,-,-,-,-
952,Eliminated,10,15,2,2,8,28.0%,100,5.87,69.0%,28.0%,-,-,-,-,-,-,-,-,-
953,Eliminated,10,15,2,3,8,28.0%,100,6.18,72.0%,28.0%,-,-,-,-,-,-,-,-,-
954,Eliminated,10,15,4,3,10,28.0%,100,6.67,80.0%,28.0%,-,-,-,-,-,-,-,-,-
955,Eliminated,10,15,6,2,8,28.0%,100,6.57,77.0%,28.0%,-,-,-,-,-,-,-,-,-
956,Eliminated,10,15,6,3,8,28.0%,100,6.36,83.0%,28.0%,-,-,-,-,-,-,-,-,-
957,Eliminated,10,20,4,1,4,28.0%,100,7.65,70.0%,28.0%,-,-,-,-,-,-,-,-,-
958,Eliminated,10,20,4,1,8,28.0%,100,7.54,76.0%,28.0%,-,-,-,-,-,-,-,-,-
959,Eliminated,15,0,2,1,10,28.0%,100,1.23,84.0%,28.0%,-,-,-,-,-,-,-,-,-
960,Eliminated,15,0,10,1,6,28.0%,100,0.87,91.0%,28.0%,-,-,-,-,-,-,-,-,-
961,Eliminated,15,5,6,2,4,28.0%,100,4.34,72.0%,28.0%,-,-,-,-,-,-,-,-,-
962,Eliminated,15,10,4,1,8,28.0%,100,6.99,73.0%,28.0%,-,-,-,-,-,-,-,-,-
963,Eliminated,15,10,4,3,6,28.0%,100,6.22,69.0%,28.0%,-,-,-,-,-,-,-,-,-
964,Eliminated,15,10,8,2,8,28.0%,100,6.24,92.0%,28.0%,-,-,-,-,-,-,-,-,-
965,Eliminated,15,15,4,2,4,28.0%,100,6.03,69.0%,28.0%,-,-,-,-,-,-,-,-,-
966,Eliminated,15,20,4,3,6,28.0%,100,5.98,78.0%,28.0%,-,-,-,-,-,-,-,-,-
967,Eliminated,15,20,6,3,6,28.0%,100,6.00,71.0%,28.0%,-,-,-,-,-,-,-,-,-
968,Eliminated,20,0,4,3,6,28.0%,100,1.23,83.0%,28.0%,-,-,-,-,-,-,-,-,-
969,Eliminated,20,0,6,1,6,28.0%,100,1.29,89.0%,28.0%,-,-,-,-,-,-,-,-,-
970,Eliminated,20,5,2,2,10,28.0%,100,5.13,83.0%,28.0%,-,-,-,-,-,-,-,-,-
971,Eliminated,20,5,6,3,4,28.0%,100,4.37,76.0%,28.0%,-,-,-,-,-,-,-,-,-
972,Eliminated,20,5,10,2,4,28.0%,100,4.05,80.0%,28.0%,-,-,-,-,-,-,-,-,-
973,Eliminated,20,5,10,3,4,28.0%,100,4.19,68.0%,28.0%,-,-,-,-,-,-,-,-,-
974,Eliminated,20,10,2,1,8,28.0%,100,6.32,74.0%,28.0%,-,-,-,-,-,-,-,-,-
975,Eliminated,20,15,2,1,8,28.0%,100,6.37,74.0%,28.0%,-,-,-,-,-,-,-,-,-
976,Eliminated,20,15,4,3,6,28.0%,100,6.17,78.0%,28.0%,-,-,-,-,-,-,-,-,-
977,Eliminated,20,15,6,2,8,28.0%,100,6.67,83.0%,28.0%,-,-,-,-,-,-,-,-,-
978,Eliminated,20,20,6,3,8,28.0%,100,6.73,85.0%,28.0%,-,-,-,-,-,-,-,-,-
979,Eliminated,5,0,4,2,6,27.7%,101,1.16,81.0%,27.7%,-,-,-,-,-,-,-,-,-
980,Eliminated,0,0,8,3,10,27.0%,100,0.72,89.0%,27.0%,-,-,-,-,-,-,-,-,-
981,Eliminated,0,0,10,1,4,27.0%,100,1.15,77.0%,27.0%,-,-,-,-,-,-,-,-,-
982,Eliminated,0,5,10,3,10,27.0%,100,3.91,84.0%,27.0%,-,-,-,-,-,-,-,-,-
983,Eliminated,0,10,2,2,8,27.0%,100,5.37,69.0%,27.0%,-,-,-,-,-,-,-,-,-
984,Eliminated,0,10,8,1,10,27.0%,100,7.28,87.0%,27.0%,-,-,-,-,-,-,-,-,-
985,Eliminated,0,10,10,2,4,27.0%,100,6.22,77.0%,27.0%,-,-,-,-,-,-,-,-,-
986,Eliminated,0,15,8,1,8,27.0%,100,7.19,79.0%,27.0%,-,-,-,-,-,-,-,-,-
987,Eliminated,5,0,4,3,4,27.0%,100,0.93,73.0%,27.0%,-,-,-,-,-,-,-,-,-
988,Eliminated,5,0,8,3,6,27.0%,100,1.15,89.0%,27.0%,-,-,-,-,-,-,-,-,-
989,Eliminated,5,5,8,2,4,27.0%,100,4.20,69.0%,27.0%,-,-,-,-,-,-,-,-,-
990,Eliminated,5,15,4,2,6,27.0%,100,6.11,72.0%,27.0%,-,-,-,-,-,-,-,-,-
991,Eliminated,5,15,6,2,4,27.0%,100,5.59,71.0%,27.0%,-,-,-,-,-,-,-,-,-
992,Eliminated,5,15,10,2,4,27.0%,100,5.66,76.0%,27.0%,-,-,-,-,-,-,-,-,-
993,Eliminated,10,0,2,2,8,27.0%,100,1.27,84.0%,27.0%,-,-,-,-,-,-,-,-,-
994,Eliminated,10,0,2,2,10,27.0%,100,1.36,86.0%,27.0%,-,-,-,-,-,-,-,-,-
995,Eliminated,10,0,2,3,10,27.0%,100,1.20,86.0%,27.0%,-,-,-,-,-,-,-,-,-
996,Eliminated,10,5,6,2,4,27.0%,100,4.17,73.0%,27.0%,-,-,-,-,-,-,-,-,-
997,Eliminated,10,5,10,2,6,27.0%,100,4.63,80.0%,27.0%,-,-,-,-,-,-,-,-,-
998,Eliminated,10,10,0,2,8,27.0%,100,5.40,73.0%,27.0%,-,-,-,-,-,-,-,-,-
999,Eliminated,10,10,4,2,6,27.0%,100,5.96,74.0%,27.0%,-,-,-,-,-,-,-,-,-
1000,Eliminated,10,10,4,2,8,27.0%,100,6.22,81.0%,27.0%,-,-,-,-,-,-,-,-,-
1001,Eliminated,15,0,4,2,6,27.0%,100,1.15,88.0%,27.0%,-,-,-,-,-,-,-,-,-
1002,Eliminated,15,0,6,3,6,27.0%,100,1.28,89.0%,27.0%,-,-,-,-,-,-,-,-,-
1003,Eliminated,15,5,4,2,10,27.0%,100,5.12,79.0%,27.0%,-,-,-,-,-,-,-,-,-
1004,Eliminated,15,5,10,2,4,27.0%,100,3.82,70.0%,27.0%,-,-,-,-,-,-,-,-,-
1005,Eliminated,15,5,10,2,6,27.0%,100,4.81,87.0%,27.0%,-,-,-,-,-,-,-,-,-
1006,Eliminated,15,10,4,2,4,27.0%,100,5.52,68.0%,27.0%,-,-,-,-,-,-,-,-,-
1007,Eliminated,15,10,6,3,4,27.0%,100,5.58,73.0%,27.0%,-,-,-,-,-,-,-,-,-
1008,Eliminated,15,15,2,3,8,27.0%,100,5.73,76.0%,27.0%,-,-,-,-,-,-,-,-,-
1009,Eliminated,15,15,10,2,6,27.0%,100,5.72,86.0%,27.0%,-,-,-,-,-,-,-,-,-
1010,Eliminated,15,20,4,3,8,27.0%,100,6.07,78.0%,27.0%,-,-,-,-,-,-,-,-,-
1011,Eliminated,15,20,8,2,6,27.0%,100,5.87,82.0%,27.0%,-,-,-,-,-,-,-,-,-
1012,Eliminated,15,20,8,3,4,27.0%,100,5.37,70.0%,27.0%,-,-,-,-,-,-,-,-,-
1013,Eliminated,20,5,0,2,8,27.0%,100,4.87,71.0%,27.0%,-,-,-,-,-,-,-,-,-
1014,Eliminated,20,5,2,3,8,27.0%,100,4.91,71.0%,27.0%,-,-,-,-,-,-,-,-,-
1015,Eliminated,20,5,10,3,6,27.0%,100,5.10,79.0%,27.0%,-,-,-,-,-,-,-,-,-
1016,Eliminated,20,10,8,2,4,27.0%,100,5.58,69.0%,27.0%,-,-,-,-,-,-,-,-,-
1017,Eliminated,20,15,4,1,6,27.0%,100,7.51,79.0%,27.0%,-,-,-,-,-,-,-,-,-
1018,Eliminated,20,15,4,2,6,27.0%,100,6.17,76.0%,27.0%,-,-,-,-,-,-,-,-,-
1019,Eliminated,20,15,10,3,4,27.0%,100,5.24,71.0%,27.0%,-,-,-,-,-,-,-,-,-
1020,Eliminated,20,20,6,3,6,27.0%,100,6.32,81.0%,27.0%,-,-,-,-,-,-,-,-,-
1021,Eliminated,5,10,0,1,8,26.7%,101,5.68,71.0%,26.7%,-,-,-,-,-,-,-,-,-
1022,Eliminated,15,20,6,2,6,26.7%,101,6.05,78.0%,26.7%,-,-,-,-,-,-,-,-,-
1023,Eliminated,0,0,4,2,6,26.0%,100,0.67,81.0%,26.0%,-,-,-,-,-,-,-,-,-
1024,Eliminated,0,0,10,2,6,26.0%,100,0.62,85.0%,26.0%,-,-,-,-,-,-,-,-,-
1025,Eliminated,0,5,10,1,2,26.0%,100,4.94,75.0%,26.0%,-,-,-,-,-,-,-,-,-
1026,Eliminated,0,10,8,2,10,26.0%,100,6.32,90.0%,26.0%,-,-,-,-,-,-,-,-,-
1027,Eliminated,0,15,4,1,4,26.0%,100,7.44,72.0%,26.0%,-,-,-,-,-,-,-,-,-
1028,Eliminated,0,15,8,1,6,26.0%,100,7.77,75.0%,26.0%,-,-,-,-,-,-,-,-,-
1029,Eliminated,0,20,2,2,10,26.0%,100,5.77,72.0%,26.0%,-,-,-,-,-,-,-,-,-
1030,Eliminated,5,5,4,3,8,26.0%,100,5.29,81.0%,26.0%,-,-,-,-,-,-,-,-,-
1031,Eliminated,5,10,4,2,10,26.0%,100,5.97,79.0%,26.0%,-,-,-,-,-,-,-,-,-
1032,Eliminated,5,15,10,3,6,26.0%,100,6.29,78.0%,26.0%,-,-,-,-,-,-,-,-,-
1033,Eliminated,5,20,4,3,6,26.0%,100,5.63,77.0%,26.0%,-,-,-,-,-,-,-,-,-
1034,Eliminated,5,20,6,3,4,26.0%,100,5.50,68.0%,26.0%,-,-,-,-,-,-,-,-,-
1035,Eliminated,10,0,0,1,10,26.0%,100,1.24,77.0%,26.0%,-,-,-,-,-,-,-,-,-
1036,Eliminated,10,5,2,2,10,26.0%,100,5.29,72.0%,26.0%,-,-,-,-,-,-,-,-,-
1037,Eliminated,10,5,4,3,4,26.0%,100,4.47,74.0%,26.0%,-,-,-,-,-,-,-,-,-
1038,Eliminated,10,5,6,3,10,26.0%,100,5.63,90.0%,26.0%,-,-,-,-,-,-,-,-,-
1039,Eliminated,10,20,2,1,8,26.0%,100,6.53,70.0%,26.0%,-,-,-,-,-,-,-,-,-
1040,Eliminated,10,20,4,2,6,26.0%,100,6.49,77.0%,26.0%,-,-,-,-,-,-,-,-,-
1041,Eliminated,10,20,4,2,10,26.0%,100,6.53,79.0%,26.0%,-,-,-,-,-,-,-,-,-
1042,Eliminated,10,20,4,3,8,26.0%,100,6.69,81.0%,26.0%,-,-,-,-,-,-,-,-,-
1043,Eliminated,15,0,4,1,6,26.0%,100,1.19,87.0%,26.0%,-,-,-,-,-,-,-,-,-
1044,Eliminated,15,0,6,1,4,26.0%,100,1.09,81.0%,26.0%,-,-,-,-,-,-,-,-,-
1045,Eliminated,15,10,2,1,10,26.0%,100,5.98,85.0%,26.0%,-,-,-,-,-,-,-,-,-
1046,Eliminated,15,10,2,3,8,26.0%,100,5.72,71.0%,26.0%,-,-,-,-,-,-,-,-,-
1047,Eliminated,15,10,4,2,6,26.0%,100,5.43,72.0%,26.0%,-,-,-,-,-,-,-,-,-
1048,Eliminated,15,10,4,3,8,26.0%,100,5.94,79.0%,26.0%,-,-,-,-,-,-,-,-,-
1049,Eliminated,15,15,10,3,4,26.0%,100,5.72,69.0%,26.0%,-,-,-,-,-,-,-,-,-
1050,Eliminated,15,20,0,3,10,26.0%,100,5.76,72.0%,26.0%,-,-,-,-,-,-,-,-,-
1051,Eliminated,20,0,0,2,10,26.0%,100,1.25,83.0%,26.0%,-,-,-,-,-,-,-,-,-
1052,Eliminated,20,0,0,3,10,26.0%,100,1.14,75.0%,26.0%,-,-,-,-,-,-,-,-,-
1053,Eliminated,20,0,2,1,10,26.0%,100,1.27,84.0%,26.0%,-,-,-,-,-,-,-,-,-
1054,Eliminated,20,0,4,3,4,26.0%,100,0.94,75.0%,26.0%,-,-,-,-,-,-,-,-,-
1055,Eliminated,20,5,2,1,10,26.0%,100,5.48,80.0%,26.0%,-,-,-,-,-,-,-,-,-
1056,Eliminated,20,10,4,3,6,26.0%,100,5.78,71.0%,26.0%,-,-,-,-,-,-,-,-,-
1057,Eliminated,20,15,4,3,8,26.0%,100,6.33,75.0%,26.0%,-,-,-,-,-,-,-,-,-
1058,Eliminated,20,15,6,2,10,26.0%,100,6.15,73.0%,26.0%,-,-,-,-,-,-,-,-,-
1059,Eliminated,20,15,6,3,4,26.0%,100,5.58,72.0%,26.0%,-,-,-,-,-,-,-,-,-
1060,Eliminated,20,15,10,2,4,26.0%,100,5.06,72.0%,26.0%,-,-,-,-,-,-,-,-,-
1061,Eliminated,20,20,2,3,10,26.0%,100,6.20,69.0%,26.0%,-,-,-,-,-,-,-,-,-
1062,Eliminated,20,20,6,2,6,26.0%,100,6.39,78.0%,26.0%,-,-,-,-,-,-,-,-,-
1063,Eliminated,10,15,10,3,6,25.7%,101,5.78,82.0%,25.7%,-,-,-,-,-,-,-,-,-
1064,Eliminated,20,0,4,2,8,25.7%,101,1.25,79.0%,25.7%,-,-,-,-,-,-,-,-,-
1065,Eliminated,0,15,6,1,4,25.0%,100,8.07,73.0%,25.0%,-,-,-,-,-,-,-,-,-
1066,Eliminated,5,0,0,1,10,25.0%,100,1.22,84.0%,25.0%,-,-,-,-,-,-,-,-,-
1067,Eliminated,5,0,2,2,10,25.0%,100,1.19,88.0%,25.0%,-,-,-,-,-,-,-,-,-
1068,Eliminated,5,0,8,3,4,25.0%,100,0.95,80.0%,25.0%,-,-,-,-,-,-,-,-,-
1069,Eliminated,5,5,2,3,8,25.0%,100,5.20,76.0%,25.0%,-,-,-,-,-,-,-,-,-
1070,Eliminated,5,5,2,3,10,25.0%,100,5.01,79.0%,25.0%,-,-,-,-,-,-,-,-,-
1071,Eliminated,5,5,4,3,10,25.0%,100,5.25,78.0%,25.0%,-,-,-,-,-,-,-,-,-
1072,Eliminated,5,10,0,2,10,25.0%,100,5.45,70.0%,25.0%,-,-,-,-,-,-,-,-,-
1073,Eliminated,5,10,4,1,6,25.0%,100,6.89,81.0%,25.0%,-,-,-,-,-,-,-,-,-
1074,Eliminated,5,10,10,1,8,25.0%,100,8.62,73.0%,25.0%,-,-,-,-,-,-,-,-,-
1075,Eliminated,5,15,0,3,10,25.0%,100,5.74,76.0%,25.0%,-,-,-,-,-,-,-,-,-
1076,Eliminated,5,15,10,1,4,25.0%,100,8.38,70.0%,25.0%,-,-,-,-,-,-,-,-,-
1077,Eliminated,5,20,8,3,6,25.0%,100,5.74,73.0%,25.0%,-,-,-,-,-,-,-,-,-
1078,Eliminated,10,0,4,1,4,25.0%,100,1.27,76.0%,25.0%,-,-,-,-,-,-,-,-,-
1079,Eliminated,10,0,6,1,4,25.0%,100,1.21,86.0%,25.0%,-,-,-,-,-,-,-,-,-
1080,Eliminated,10,5,4,2,4,25.0%,100,4.10,76.0%,25.0%,-,-,-,-,-,-,-,-,-
1081,Eliminated,10,15,2,1,10,25.0%,100,5.99,81.0%,25.0%,-,-,-,-,-,-,-,-,-
1082,Eliminated,10,15,4,3,4,25.0%,100,6.10,69.0%,25.0%,-,-,-,-,-,-,-,-,-
1083,Eliminated,10,15,10,2,4,25.0%,100,5.91,73.0%,25.0%,-,-,-,-,-,-,-,-,-
1084,Eliminated,15,0,0,3,10,25.0%,100,1.42,79.0%,25.0%,-,-,-,-,-,-,-,-,-
1085,Eliminated,15,0,2,3,8,25.0%,100,1.31,80.0%,25.0%,-,-,-,-,-,-,-,-,-
1086,Eliminated,15,0,2,3,10,25.0%,100,1.40,76.0%,25.0%,-,-,-,-,-,-,-,-,-
1087,Eliminated,15,5,0,1,8,25.0%,100,4.88,71.0%,25.0%,-,-,-,-,-,-,-,-,-
1088,Eliminated,15,15,2,3,10,25.0%,100,5.57,73.0%,25.0%,-,-,-,-,-,-,-,-,-
1089,Eliminated,15,20,2,3,10,25.0%,100,6.22,68.0%,25.0%,-,-,-,-,-,-,-,-,-
1090,Eliminated,15,20,4,1,4,25.0%,100,7.22,76.0%,25.0%,-,-,-,-,-,-,-,-,-
1091,Eliminated,15,20,4,3,4,25.0%,100,5.91,72.0%,25.0%,-,-,-,-,-,-,-,-,-
1092,Eliminated,20,0,10,3,6,25.0%,100,1.09,91.0%,25.0%,-,-,-,-,-,-,-,-,-
1093,Eliminated,20,5,8,2,4,25.0%,100,4.39,74.0%,25.0%,-,-,-,-,-,-,-,-,-
1094,Eliminated,20,10,6,2,8,25.0%,100,6.02,75.0%,25.0%,-,-,-,-,-,-,-,-,-
1095,Eliminated,5,15,2,3,10,24.8%,101,5.76,71.0%,24.8%,-,-,-,-,-,-,-,-,-
1096,Eliminated,0,0,0,1,10,24.0%,100,0.55,77.0%,24.0%,-,-,-,-,-,-,-,-,-
1097,Eliminated,0,0,2,3,10,24.0%,100,0.56,82.0%,24.0%,-,-,-,-,-,-,-,-,-
1098,Eliminated,0,0,4,2,4,24.0%,100,0.65,73.0%,24.0%,-,-,-,-,-,-,-,-,-
1099,Eliminated,0,0,4,3,4,24.0%,100,0.61,71.0%,24.0%,-,-,-,-,-,-,-,-,-
1100,Eliminated,0,10,0,2,10,24.0%,100,4.81,68.0%,24.0%,-,-,-,-,-,-,-,-,-
1101,Eliminated,0,10,10,2,6,24.0%,100,6.52,84.0%,24.0%,-,-,-,-,-,-,-,-,-
1102,Eliminated,0,20,6,1,6,24.0%,100,8.29,78.0%,24.0%,-,-,-,-,-,-,-,-,-
1103,Eliminated,5,5,2,2,4,24.0%,100,4.55,69.0%,24.0%,-,-,-,-,-,-,-,-,-
1104,Eliminated,5,5,4,3,6,24.0%,100,4.95,68.0%,24.0%,-,-,-,-,-,-,-,-,-
1105,Eliminated,5,10,2,1,10,24.0%,100,6.08,83.0%,24.0%,-,-,-,-,-,-,-,-,-
1106,Eliminated,5,15,2,1,10,24.0%,100,6.03,68.0%,24.0%,-,-,-,-,-,-,-,-,-
1107,Eliminated,5,15,10,2,8,24.0%,100,6.21,86.0%,24.0%,-,-,-,-,-,-,-,-,-
1108,Eliminated,5,20,2,1,8,24.0%,100,6.60,77.0%,24.0%,-,-,-,-,-,-,-,-,-
1109,Eliminated,10,0,2,1,8,24.0%,100,1.32,81.0%,24.0%,-,-,-,-,-,-,-,-,-
1110,Eliminated,10,0,4,1,6,24.0%,100,1.15,83.0%,24.0%,-,-,-,-,-,-,-,-,-
1111,Eliminated,10,0,6,3,4,24.0%,100,1.13,83.0%,24.0%,-,-,-,-,-,-,-,-,-
1112,Eliminated,10,0,10,1,6,24.0%,100,1.11,89.0%,24.0%,-,-,-,-,-,-,-,-,-
1113,Eliminated,10,20,2,3,8,24.0%,100,5.91,75.0%,24.0%,-,-,-,-,-,-,-,-,-
1114,Eliminated,15,0,0,1,10,24.0%,100,1.28,89.0%,24.0%,-,-,-,-,-,-,-,-,-
1115,Eliminated,15,5,0,1,10,24.0%,100,5.26,68.0%,24.0%,-,-,-,-,-,-,-,-,-
1116,Eliminated,15,5,4,2,4,24.0%,100,4.27,72.0%,24.0%,-,-,-,-,-,-,-,-,-
1117,Eliminated,15,10,0,1,10,24.0%,100,5.56,73.0%,24.0%,-,-,-,-,-,-,-,-,-
1118,Eliminated,15,10,4,1,4,24.0%,100,7.33,69.0%,24.0%,-,-,-,-,-,-,-,-,-
1119,Eliminated,15,10,4,2,8,24.0%,100,5.82,82.0%,24.0%,-,-,-,-,-,-,-,-,-
1120,Eliminated,15,10,8,2,4,24.0%,100,5.59,72.0%,24.0%,-,-,-,-,-,-,-,-,-
1121,Eliminated,15,15,2,1,8,24.0%,100,5.97,75.0%,24.0%,-,-,-,-,-,-,-,-,-
1122,Eliminated,15,15,6,3,4,24.0%,100,5.80,68.0%,24.0%,-,-,-,-,-,-,-,-,-
1123,Eliminated,20,0,2,1,8,24.0%,100,1.42,78.0%,24.0%,-,-,-,-,-,-,-,-,-
1124,Eliminated,20,5,2,1,8,24.0%,100,5.23,76.0%,24.0%,-,-,-,-,-,-,-,-,-
1125,Eliminated,20,20,4,3,10,24.0%,100,6.67,77.0%,24.0%,-,-,-,-,-,-,-,-,-
1126,Eliminated,20,20,8,3,6,24.0%,100,7.07,83.0%,24.0%,-,-,-,-,-,-,-,-,-
1127,Eliminated,5,0,2,3,10,23.8%,101,1.27,82.0%,23.8%,-,-,-,-,-,-,-,-,-
1128,Eliminated,0,5,2,1,10,23.0%,100,5.06,77.0%,23.0%,-,-,-,-,-,-,-,-,-
1129,Eliminated,0,5,2,2,10,23.0%,100,3.90,73.0%,23.0%,-,-,-,-,-,-,-,-,-
1130,Eliminated,0,5,10,1,6,23.0%,100,5.52,83.0%,23.0%,-,-,-,-,-,-,-,-,-
1131,Eliminated,0,15,4,1,8,23.0%,100,7.87,79.0%,23.0%,-,-,-,-,-,-,-,-,-
1132,Eliminated,5,0,0,3,8,23.0%,100,1.24,77.0%,23.0%,-,-,-,-,-,-,-,-,-
1133,Eliminated,5,0,0,3,10,23.0%,100,1.27,77.0%,23.0%,-,-,-,-,-,-,-,-,-
1134,Eliminated,5,0,2,1,6,23.0%,100,1.06,78.0%,23.0%,-,-,-,-,-,-,-,-,-
1135,Eliminated,5,0,2,2,8,23.0%,100,1.21,86.0%,23.0%,-,-,-,-,-,-,-,-,-
1136,Eliminated,5,5,8,3,4,23.0%,100,4.13,73.0%,23.0%,-,-,-,-,-,-,-,-,-
1137,Eliminated,5,10,2,2,8,23.0%,100,5.72,75.0%,23.0%,-,-,-,-,-,-,-,-,-
1138,Eliminated,5,15,4,1,6,23.0%,100,7.24,79.0%,23.0%,-,-,-,-,-,-,-,-,-
1139,Eliminated,10,5,2,1,8,23.0%,100,5.55,70.0%,23.0%,-,-,-,-,-,-,-,-,-
1140,Eliminated,10,5,2,2,8,23.0%,100,5.16,80.0%,23.0%,-,-,-,-,-,-,-,-,-
1141,Eliminated,10,5,6,3,4,23.0%,100,4.04,71.0%,23.0%,-,-,-,-,-,-,-,-,-
1142,Eliminated,10,10,4,2,4,23.0%,100,5.49,69.0%,23.0%,-,-,-,-,-,-,-,-,-
1143,Eliminated,15,0,2,1,8,23.0%,100,1.40,73.0%,23.0%,-,-,-,-,-,-,-,-,-
1144,Eliminated,15,10,4,3,10,23.0%,100,6.82,82.0%,23.0%,-,-,-,-,-,-,-,-,-
1145,Eliminated,15,10,6,2,4,23.0%,100,5.79,72.0%,23.0%,-,-,-,-,-,-,-,-,-
1146,Eliminated,15,15,8,2,4,23.0%,100,5.50,69.0%,23.0%,-,-,-,-,-,-,-,-,-
1147,Eliminated,15,20,0,2,10,23.0%,100,5.72,69.0%,23.0%,-,-,-,-,-,-,-,-,-
1148,Eliminated,20,0,2,2,8,23.0%,100,1.45,77.0%,23.0%,-,-,-,-,-,-,-,-,-
1149,Eliminated,20,0,2,2,10,23.0%,100,1.30,85.0%,23.0%,-,-,-,-,-,-,-,-,-
1150,Eliminated,20,0,4,1,4,23.0%,100,1.14,81.0%,23.0%,-,-,-,-,-,-,-,-,-
1151,Eliminated,20,0,6,2,4,23.0%,100,0.97,84.0%,23.0%,-,-,-,-,-,-,-,-,-
1152,Eliminated,20,0,8,3,6,23.0%,100,1.25,89.0%,23.0%,-,-,-,-,-,-,-,-,-
1153,Eliminated,20,5,8,3,4,23.0%,100,4.61,68.0%,23.0%,-,-,-,-,-,-,-,-,-
1154,Eliminated,20,15,0,1,10,23.0%,100,5.74,69.0%,23.0%,-,-,-,-,-,-,-,-,-
1155,Eliminated,20,15,2,2,10,23.0%,100,5.74,74.0%,23.0%,-,-,-,-,-,-,-,-,-
1156,Eliminated,0,10,6,1,10,22.0%,100,7.25,81.0%,22.0%,-,-,-,-,-,-,-,-,-
1157,Eliminated,0,10,10,1,4,22.0%,100,6.44,84.0%,22.0%,-,-,-,-,-,-,-,-,-
1158,Eliminated,0,15,4,1,6,22.0%,100,7.81,80.0%,22.0%,-,-,-,-,-,-,-,-,-
1159,Eliminated,0,15,4,1,10,22.0%,100,7.50,72.0%,22.0%,-,-,-,-,-,-,-,-,-
1160,Eliminated,0,15,10,1,4,22.0%,100,7.30,69.0%,22.0%,-,-,-,-,-,-,-,-,-
1161,Eliminated,0,15,10,2,6,22.0%,100,7.00,87.0%,22.0%,-,-,-,-,-,-,-,-,-
1162,Eliminated,5,0,2,2,6,22.0%,100,1.34,79.0%,22.0%,-,-,-,-,-,-,-,-,-
1163,Eliminated,5,0,4,2,4,22.0%,100,0.84,83.0%,22.0%,-,-,-,-,-,-,-,-,-
1164,Eliminated,5,0,6,2,4,22.0%,100,0.89,76.0%,22.0%,-,-,-,-,-,-,-,-,-
1165,Eliminated,5,5,10,2,4,22.0%,100,3.88,74.0%,22.0%,-,-,-,-,-,-,-,-,-
1166,Eliminated,5,10,2,3,8,22.0%,100,5.34,76.0%,22.0%,-,-,-,-,-,-,-,-,-
1167,Eliminated,10,0,2,1,10,22.0%,100,1.30,84.0%,22.0%,-,-,-,-,-,-,-,-,-
1168,Eliminated,10,0,4,3,4,22.0%,100,1.12,81.0%,22.0%,-,-,-,-,-,-,-,-,-
1169,Eliminated,10,0,8,3,4,22.0%,100,1.04,79.0%,22.0%,-,-,-,-,-,-,-,-,-
1170,Eliminated,10,0,10,2,4,22.0%,100,0.89,82.0%,22.0%,-,-,-,-,-,-,-,-,-
1171,Eliminated,10,10,0,3,8,22.0%,100,5.78,68.0%,22.0%,-,-,-,-,-,-,-,-,-
1172,Eliminated,10,10,2,1,8,22.0%,100,6.09,69.0%,22.0%,-,-,-,-,-,-,-,-,-
1173,Eliminated,10,15,0,3,10,22.0%,100,5.31,74.0%,22.0%,-,-,-,-,-,-,-,-,-
1174,Eliminated,10,15,6,3,4,22.0%,100,5.90,72.0%,22.0%,-,-,-,-,-,-,-,-,-
1175,Eliminated,10,20,2,2,10,22.0%,100,5.99,75.0%,22.0%,-,-,-,-,-,-,-,-,-
1176,Eliminated,10,20,4,3,6,22.0%,100,6.12,73.0%,22.0%,-,-,-,-,-,-,-,-,-
1177,Eliminated,15,0,4,2,4,22.0%,100,1.18,80.0%,22.0%,-,-,-,-,-,-,-,-,-
1178,Eliminated,15,0,6,2,4,22.0%,100,1.09,82.0%,22.0%,-,-,-,-,-,-,-,-,-
1179,Eliminated,15,5,2,2,8,22.0%,100,5.37,70.0%,22.0%,-,-,-,-,-,-,-,-,-
1180,Eliminated,15,10,2,2,10,22.0%,100,5.68,81.0%,22.0%,-,-,-,-,-,-,-,-,-
1181,Eliminated,15,10,10,2,4,22.0%,100,5.17,74.0%,22.0%,-,-,-,-,-,-,-,-,-
1182,Eliminated,15,15,2,1,10,22.0%,100,6.25,77.0%,22.0%,-,-,-,-,-,-,-,-,-
1183,Eliminated,15,15,4,3,8,22.0%,100,6.31,83.0%,22.0%,-,-,-,-,-,-,-,-,-
1184,Eliminated,15,15,8,3,4,22.0%,100,6.12,71.0%,22.0%,-,-,-,-,-,-,-,-,-
1185,Eliminated,20,0,2,3,8,22.0%,100,1.24,83.0%,22.0%,-,-,-,-,-,-,-,-,-
1186,Eliminated,20,0,8,3,4,22.0%,100,1.08,76.0%,22.0%,-,-,-,-,-,-,-,-,-
1187,Eliminated,20,15,2,1,10,22.0%,100,6.00,82.0%,22.0%,-,-,-,-,-,-,-,-,-
1188,Eliminated,20,15,2,3,10,22.0%,100,5.65,77.0%,22.0%,-,-,-,-,-,-,-,-,-
1189,Eliminated,20,15,8,2,4,22.0%,100,5.64,72.0%,22.0%,-,-,-,-,-,-,-,-,-
1190,Eliminated,20,20,4,2,8,22.0%,100,6.85,78.0%,22.0%,-,-,-,-,-,-,-,-,-
1191,Eliminated,20,15,0,2,10,21.8%,101,5.78,71.0%,21.8%,-,-,-,-,-,-,-,-,-
1192,Eliminated,20,20,6,2,4,21.8%,101,5.72,72.0%,21.8%,-,-,-,-,-,-,-,-,-
1193,Eliminated,0,0,2,2,8,21.0%,100,0.74,70.0%,21.0%,-,-,-,-,-,-,-,-,-
1194,Eliminated,0,10,2,1,10,21.0%,100,6.72,69.0%,21.0%,-,-,-,-,-,-,-,-,-
1195,Eliminated,0,10,10,2,10,21.0%,100,6.79,77.0%,21.0%,-,-,-,-,-,-,-,-,-
1196,Eliminated,0,15,10,1,8,21.0%,100,7.43,69.0%,21.0%,-,-,-,-,-,-,-,-,-
1197,Eliminated,0,15,10,2,8,21.0%,100,6.89,81.0%,21.0%,-,-,-,-,-,-,-,-,-
1198,Eliminated,5,0,8,2,4,21.0%,100,0.87,75.0%,21.0%,-,-,-,-,-,-,-,-,-
1199,Eliminated,5,10,10,3,4,21.0%,100,4.82,68.0%,21.0%,-,-,-,-,-,-,-,-,-
1200,Eliminated,5,15,0,2,10,21.0%,100,5.86,69.0%,21.0%,-,-,-,-,-,-,-,-,-
1201,Eliminated,5,20,2,2,8,21.0%,100,6.16,70.0%,21.0%,-,-,-,-,-,-,-,-,-
1202,Eliminated,10,0,0,2,8,21.0%,100,1.14,80.0%,21.0%,-,-,-,-,-,-,-,-,-
1203,Eliminated,10,0,0,2,10,21.0%,100,1.20,78.0%,21.0%,-,-,-,-,-,-,-,-,-
1204,Eliminated,10,0,0,3,8,21.0%,100,1.25,69.0%,21.0%,-,-,-,-,-,-,-,-,-
1205,Eliminated,10,0,2,3,8,21.0%,100,1.33,84.0%,21.0%,-,-,-,-,-,-,-,-,-
1206,Eliminated,10,0,4,2,8,21.0%,100,1.50,88.0%,21.0%,-,-,-,-,-,-,-,-,-
1207,Eliminated,10,5,10,2,4,21.0%,100,4.02,77.0%,21.0%,-,-,-,-,-,-,-,-,-
1208,Eliminated,10,5,10,3,4,21.0%,100,4.04,79.0%,21.0%,-,-,-,-,-,-,-,-,-
1209,Eliminated,10,15,2,3,6,21.0%,100,5.62,72.0%,21.0%,-,-,-,-,-,-,-,-,-
1210,Eliminated,15,0,8,3,4,21.0%,100,1.12,83.0%,21.0%,-,-,-,-,-,-,-,-,-
1211,Eliminated,15,15,4,2,6,21.0%,100,6.44,76.0%,21.0%,-,-,-,-,-,-,-,-,-
1212,Eliminated,15,15,10,2,4,21.0%,100,5.42,68.0%,21.0%,-,-,-,-,-,-,-,-,-
1213,Eliminated,15,20,0,3,8,21.0%,100,5.55,72.0%,21.0%,-,-,-,-,-,-,-,-,-
1214,Eliminated,15,20,2,1,10,21.0%,100,6.20,76.0%,21.0%,-,-,-,-,-,-,-,-,-
1215,Eliminated,15,20,2,2,10,21.0%,100,5.93,72.0%,21.0%,-,-,-,-,-,-,-,-,-
1216,Eliminated,20,0,0,2,8,21.0%,100,1.41,74.0%,21.0%,-,-,-,-,-,-,-,-,-
1217,Eliminated,20,5,4,3,4,21.0%,100,4.56,71.0%,21.0%,-,-,-,-,-,-,-,-,-
1218,Eliminated,20,10,4,2,6,21.0%,100,5.84,71.0%,21.0%,-,-,-,-,-,-,-,-,-
1219,Eliminated,20,20,2,3,8,21.0%,100,6.38,69.0%,21.0%,-,-,-,-,-,-,-,-,-
1220,Eliminated,20,20,2,2,10,20.8%,101,5.73,76.0%,20.8%,-,-,-,-,-,-,-,-,-
1221,Eliminated,0,5,2,2,8,20.0%,100,3.92,73.0%,20.0%,-,-,-,-,-,-,-,-,-
1222,Eliminated,0,15,6,1,6,20.0%,100,7.86,76.0%,20.0%,-,-,-,-,-,-,-,-,-
1223,Eliminated,0,15,10,2,10,20.0%,100,7.30,75.0%,20.0%,-,-,-,-,-,-,-,-,-
1224,Eliminated,0,20,2,1,6,20.0%,100,7.54,71.0%,20.0%,-,-,-,-,-,-,-,-,-
1225,Eliminated,0,20,2,1,8,20.0%,100,7.74,68.0%,20.0%,-,-,-,-,-,-,-,-,-
1226,Eliminated,5,0,0,2,8,20.0%,100,1.13,73.0%,20.0%,-,-,-,-,-,-,-,-,-
1227,Eliminated,5,5,0,3,10,20.0%,100,5.03,68.0%,20.0%,-,-,-,-,-,-,-,-,-
1228,Eliminated,5,15,4,1,8,20.0%,100,7.05,75.0%,20.0%,-,-,-,-,-,-,-,-,-
1229,Eliminated,10,10,0,1,8,20.0%,100,5.54,68.0%,20.0%,-,-,-,-,-,-,-,-,-
1230,Eliminated,10,10,2,3,8,20.0%,100,5.76,69.0%,20.0%,-,-,-,-,-,-,-,-,-
1231,Eliminated,10,20,8,2,4,20.0%,100,6.39,74.0%,20.0%,-,-,-,-,-,-,-,-,-
1232,Eliminated,15,0,2,2,8,20.0%,100,1.22,81.0%,20.0%,-,-,-,-,-,-,-,-,-
1233,Eliminated,15,0,8,1,4,20.0%,100,1.09,75.0%,20.0%,-,-,-,-,-,-,-,-,-
1234,Eliminated,15,5,0,3,10,20.0%,100,5.02,77.0%,20.0%,-,-,-,-,-,-,-,-,-
1235,Eliminated,15,5,2,3,10,20.0%,100,5.16,80.0%,20.0%,-,-,-,-,-,-,-,-,-
1236,Eliminated,15,15,2,3,6,20.0%,100,5.54,71.0%,20.0%,-,-,-,-,-,-,-,-,-
1237,Eliminated,20,0,8,1,4,20.0%,100,1.07,76.0%,20.0%,-,-,-,-,-,-,-,-,-
1238,Eliminated,20,5,0,3,10,20.0%,100,5.59,68.0%,20.0%,-,-,-,-,-,-,-,-,-
1239,Eliminated,20,20,0,1,10,20.0%,100,5.88,70.0%,20.0%,-,-,-,-,-,-,-,-,-
1240,Eliminated,0,0,2,2,10,19.0%,100,0.81,69.0%,19.0%,-,-,-,-,-,-,-,-,-
1241,Eliminated,0,0,10,1,8,19.0%,100,0.98,77.0%,19.0%,-,-,-,-,-,-,-,-,-
1242,Eliminated,0,20,6,1,8,19.0%,100,8.57,79.0%,19.0%,-,-,-,-,-,-,-,-,-
1243,Eliminated,5,0,2,1,8,19.0%,100,1.22,85.0%,19.0%,-,-,-,-,-,-,-,-,-
1244,Eliminated,5,5,0,1,8,19.0%,100,5.07,69.0%,19.0%,-,-,-,-,-,-,-,-,-
1245,Eliminated,5,10,2,3,6,19.0%,100,5.68,68.0%,19.0%,-,-,-,-,-,-,-,-,-
1246,Eliminated,5,20,0,1,10,19.0%,100,5.98,70.0%,19.0%,-,-,-,-,-,-,-,-,-
1247,Eliminated,10,0,2,1,6,19.0%,100,1.29,80.0%,19.0%,-,-,-,-,-,-,-,-,-
1248,Eliminated,10,0,4,2,4,19.0%,100,1.10,78.0%,19.0%,-,-,-,-,-,-,-,-,-
1249,Eliminated,10,5,0,2,10,19.0%,100,5.25,68.0%,19.0%,-,-,-,-,-,-,-,-,-
1250,Eliminated,10,10,0,2,10,19.0%,100,5.37,80.0%,19.0%,-,-,-,-,-,-,-,-,-
1251,Eliminated,10,10,2,1,6,19.0%,100,5.76,68.0%,19.0%,-,-,-,-,-,-,-,-,-
1252,Eliminated,10,10,10,3,4,19.0%,100,5.22,73.0%,19.0%,-,-,-,-,-,-,-,-,-
1253,Eliminated,10,15,2,1,8,19.0%,100,6.23,76.0%,19.0%,-,-,-,-,-,-,-,-,-
1254,Eliminated,15,0,0,3,8,19.0%,100,1.08,73.0%,19.0%,-,-,-,-,-,-,-,-,-
1255,Eliminated,15,0,2,2,10,19.0%,100,1.14,83.0%,19.0%,-,-,-,-,-,-,-,-,-
1256,Eliminated,15,15,4,3,6,19.0%,100,6.48,76.0%,19.0%,-,-,-,-,-,-,-,-,-
1257,Eliminated,15,20,2,2,8,19.0%,100,5.90,71.0%,19.0%,-,-,-,-,-,-,-,-,-
1258,Eliminated,0,0,2,3,8,18.0%,100,0.84,76.0%,18.0%,-,-,-,-,-,-,-,-,-
1259,Eliminated,0,20,4,1,8,18.0%,100,7.91,72.0%,18.0%,-,-,-,-,-,-,-,-,-
1260,Eliminated,5,0,0,1,8,18.0%,100,1.15,78.0%,18.0%,-,-,-,-,-,-,-,-,-
1261,Eliminated,5,0,2,1,4,18.0%,100,1.03,73.0%,18.0%,-,-,-,-,-,-,-,-,-
1262,Eliminated,5,5,2,2,6,18.0%,100,4.42,70.0%,18.0%,-,-,-,-,-,-,-,-,-
1263,Eliminated,5,10,2,3,10,18.0%,100,5.80,77.0%,18.0%,-,-,-,-,-,-,-,-,-
1264,Eliminated,10,0,0,1,8,18.0%,100,1.05,76.0%,18.0%,-,-,-,-,-,-,-,-,-
1265,Eliminated,10,0,2,2,6,18.0%,100,1.24,72.0%,18.0%,-,-,-,-,-,-,-,-,-
1266,Eliminated,10,0,8,1,4,18.0%,100,1.11,78.0%,18.0%,-,-,-,-,-,-,-,-,-
1267,Eliminated,10,0,10,3,4,18.0%,100,1.06,80.0%,18.0%,-,-,-,-,-,-,-,-,-
1268,Eliminated,10,10,2,2,10,18.0%,100,6.02,68.0%,18.0%,-,-,-,-,-,-,-,-,-
1269,Eliminated,10,20,2,3,10,18.0%,100,6.30,73.0%,18.0%,-,-,-,-,-,-,-,-,-
1270,Eliminated,15,0,2,1,6,18.0%,100,0.99,83.0%,18.0%,-,-,-,-,-,-,-,-,-
1271,Eliminated,15,0,2,3,6,18.0%,100,1.04,74.0%,18.0%,-,-,-,-,-,-,-,-,-
1272,Eliminated,15,0,6,3,4,18.0%,100,1.16,88.0%,18.0%,-,-,-,-,-,-,-,-,-
1273,Eliminated,15,0,10,3,4,18.0%,100,1.03,90.0%,18.0%,-,-,-,-,-,-,-,-,-
1274,Eliminated,15,5,2,2,6,18.0%,100,4.68,68.0%,18.0%,-,-,-,-,-,-,-,-,-
1275,Eliminated,15,10,0,3,10,18.0%,100,6.11,68.0%,18.0%,-,-,-,-,-,-,-,-,-
1276,Eliminated,20,0,6,3,4,18.0%,100,1.15,80.0%,18.0%,-,-,-,-,-,-,-,-,-
1277,Eliminated,20,0,10,1,4,18.0%,100,0.82,83.0%,18.0%,-,-,-,-,-,-,-,-,-
1278,Eliminated,20,5,0,1,10,18.0%,100,4.90,71.0%,18.0%,-,-,-,-,-,-,-,-,-
1279,Eliminated,20,10,2,2,8,18.0%,100,5.89,70.0%,18.0%,-,-,-,-,-,-,-,-,-
1280,Eliminated,20,10,2,3,8,18.0%,100,5.78,70.0%,18.0%,-,-,-,-,-,-,-,-,-
1281,Eliminated,20,20,2,1,10,18.0%,100,6.12,75.0%,18.0%,-,-,-,-,-,-,-,-,-
1282,Eliminated,20,0,6,1,4,17.8%,101,1.04,83.0%,17.8%,-,-,-,-,-,-,-,-,-
1283,Eliminated,0,15,10,1,10,17.0%,100,7.00,78.0%,17.0%,-,-,-,-,-,-,-,-,-
1284,Eliminated,5,0,0,2,10,17.0%,100,1.28,78.0%,17.0%,-,-,-,-,-,-,-,-,-
1285,Eliminated,5,20,0,1,8,17.0%,100,5.85,69.0%,17.0%,-,-,-,-,-,-,-,-,-
1286,Eliminated,10,5,0,2,8,17.0%,100,5.10,68.0%,17.0%,-,-,-,-,-,-,-,-,-
1287,Eliminated,10,10,0,1,10,17.0%,100,5.97,69.0%,17.0%,-,-,-,-,-,-,-,-,-
1288,Eliminated,10,15,0,2,10,17.0%,100,5.58,68.0%,17.0%,-,-,-,-,-,-,-,-,-
1289,Eliminated,15,0,10,1,4,17.0%,100,0.97,76.0%,17.0%,-,-,-,-,-,-,-,-,-
1290,Eliminated,15,5,4,3,4,17.0%,100,4.60,76.0%,17.0%,-,-,-,-,-,-,-,-,-
1291,Eliminated,15,15,0,1,10,17.0%,100,5.36,69.0%,17.0%,-,-,-,-,-,-,-,-,-
1292,Eliminated,15,15,0,3,10,17.0%,100,5.47,73.0%,17.0%,-,-,-,-,-,-,-,-,-
1293,Eliminated,15,15,2,2,8,17.0%,100,5.84,69.0%,17.0%,-,-,-,-,-,-,-,-,-
1294,Eliminated,15,15,4,2,8,17.0%,100,6.36,76.0%,17.0%,-,-,-,-,-,-,-,-,-
1295,Eliminated,15,20,6,3,4,17.0%,100,5.44,70.0%,17.0%,-,-,-,-,-,-,-,-,-
1296,Eliminated,20,0,0,1,6,17.0%,100,1.14,68.0%,17.0%,-,-,-,-,-,-,-,-,-
1297,Eliminated,20,0,0,1,10,17.0%,100,1.33,81.0%,17.0%,-,-,-,-,-,-,-,-,-
1298,Eliminated,20,10,0,3,10,17.0%,100,5.83,68.0%,17.0%,-,-,-,-,-,-,-,-,-
1299,Eliminated,20,10,2,1,10,17.0%,100,5.69,73.0%,17.0%,-,-,-,-,-,-,-,-,-
1300,Eliminated,20,15,0,2,8,17.0%,100,5.69,70.0%,17.0%,-,-,-,-,-,-,-,-,-
1301,Eliminated,0,20,6,1,10,16.8%,101,7.85,74.0%,16.8%,-,-,-,-,-,-,-,-,-
1302,Eliminated,0,15,8,1,10,16.0%,100,7.70,75.0%,16.0%,-,-,-,-,-,-,-,-,-
1303,Eliminated,5,0,0,2,6,16.0%,100,1.13,68.0%,16.0%,-,-,-,-,-,-,-,-,-
1304,Eliminated,5,0,2,3,4,16.0%,100,1.00,70.0%,16.0%,-,-,-,-,-,-,-,-,-
1305,Eliminated,5,0,6,3,4,16.0%,100,1.10,80.0%,16.0%,-,-,-,-,-,-,-,-,-
1306,Eliminated,5,5,2,3,6,16.0%,100,4.62,70.0%,16.0%,-,-,-,-,-,-,-,-,-
1307,Eliminated,10,0,0,3,10,16.0%,100,1.28,79.0%,16.0%,-,-,-,-,-,-,-,-,-
1308,Eliminated,10,0,2,2,4,16.0%,100,0.91,72.0%,16.0%,-,-,-,-,-,-,-,-,-
1309,Eliminated,15,0,0,2,10,16.0%,100,1.08,81.0%,16.0%,-,-,-,-,-,-,-,-,-
1310,Eliminated,15,0,8,2,4,16.0%,100,1.16,82.0%,16.0%,-,-,-,-,-,-,-,-,-
1311,Eliminated,15,5,0,2,8,16.0%,100,4.87,68.0%,16.0%,-,-,-,-,-,-,-,-,-
1312,Eliminated,15,10,2,3,10,16.0%,100,5.69,81.0%,16.0%,-,-,-,-,-,-,-,-,-
1313,Eliminated,20,0,2,1,6,16.0%,100,1.18,76.0%,16.0%,-,-,-,-,-,-,-,-,-
1314,Eliminated,20,0,2,2,6,16.0%,100,1.25,74.0%,16.0%,-,-,-,-,-,-,-,-,-
1315,Eliminated,20,0,2,3,6,16.0%,100,1.18,73.0%,16.0%,-,-,-,-,-,-,-,-,-
1316,Eliminated,20,0,4,2,4,16.0%,100,1.19,88.0%,16.0%,-,-,-,-,-,-,-,-,-
1317,Eliminated,20,0,8,2,4,16.0%,100,1.06,81.0%,16.0%,-,-,-,-,-,-,-,-,-
1318,Eliminated,20,5,0,2,10,16.0%,100,5.41,68.0%,16.0%,-,-,-,-,-,-,-,-,-
1319,Eliminated,20,5,2,2,6,16.0%,100,5.15,68.0%,16.0%,-,-,-,-,-,-,-,-,-
1320,Eliminated,20,15,2,3,8,16.0%,100,6.03,75.0%,16.0%,-,-,-,-,-,-,-,-,-
1321,Eliminated,0,10,10,1,8,15.0%,100,6.43,80.0%,15.0%,-,-,-,-,-,-,-,-,-
1322,Eliminated,5,0,10,3,4,15.0%,100,0.72,79.0%,15.0%,-,-,-,-,-,-,-,-,-
1323,Eliminated,10,0,10,1,4,15.0%,100,1.02,86.0%,15.0%,-,-,-,-,-,-,-,-,-
1324,Eliminated,15,0,0,1,6,15.0%,100,1.00,71.0%,15.0%,-,-,-,-,-,-,-,-,-
1325,Eliminated,15,0,4,1,4,15.0%,100,1.06,72.0%,15.0%,-,-,-,-,-,-,-,-,-
1326,Eliminated,15,5,2,1,6,15.0%,100,5.17,69.0%,15.0%,-,-,-,-,-,-,-,-,-
1327,Eliminated,15,20,2,3,8,15.0%,100,5.61,74.0%,15.0%,-,-,-,-,-,-,-,-,-
1328,Eliminated,20,0,0,1,8,15.0%,100,1.54,79.0%,15.0%,-,-,-,-,-,-,-,-,-
1329,Eliminated,20,0,10,2,4,15.0%,100,0.76,79.0%,15.0%,-,-,-,-,-,-,-,-,-
1330,Eliminated,20,15,2,2,8,15.0%,100,6.08,69.0%,15.0%,-,-,-,-,-,-,-,-,-
1331,Eliminated,0,10,10,1,6,14.0%,100,6.77,81.0%,14.0%,-,-,-,-,-,-,-,-,-
1332,Eliminated,5,15,0,1,8,14.0%,100,5.94,69.0%,14.0%,-,-,-,-,-,-,-,-,-
1333,Eliminated,10,0,6,2,4,14.0%,100,1.05,80.0%,14.0%,-,-,-,-,-,-,-,-,-
1334,Eliminated,15,0,2,3,4,14.0%,100,0.99,68.0%,14.0%,-,-,-,-,-,-,-,-,-
1335,Eliminated,20,0,0,3,8,14.0%,100,1.19,77.0%,14.0%,-,-,-,-,-,-,-,-,-
1336,Eliminated,0,10,10,1,10,13.0%,100,7.13,88.0%,13.0%,-,-,-,-,-,-,-,-,-
1337,Eliminated,0,15,6,1,10,13.0%,100,7.41,79.0%,13.0%,-,-,-,-,-,-,-,-,-
1338,Eliminated,5,10,0,3,10,13.0%,100,5.23,71.0%,13.0%,-,-,-,-,-,-,-,-,-
1339,Eliminated,15,0,0,1,8,13.0%,100,1.26,76.0%,13.0%,-,-,-,-,-,-,-,-,-
1340,Eliminated,15,0,4,3,4,13.0%,100,1.00,79.0%,13.0%,-,-,-,-,-,-,-,-,-
1341,Eliminated,15,0,10,2,4,13.0%,100,1.01,77.0%,13.0%,-,-,-,-,-,-,-,-,-
1342,Eliminated,20,0,10,3,4,13.0%,100,1.00,79.0%,13.0%,-,-,-,-,-,-,-,-,-
1343,Eliminated,0,0,0,3,8,12.0%,100,0.73,75.0%,12.0%,-,-,-,-,-,-,-,-,-
1344,Eliminated,20,20,0,3,10,11.9%,101,5.62,69.0%,11.9%,-,-,-,-,-,-,-,-,-
1345,Eliminated,5,0,10,2,4,11.0%,100,0.73,78.0%,11.0%,-,-,-,-,-,-,-,-,-
1346,Eliminated,10,0,2,3,6,11.0%,100,1.11,82.0%,11.0%,-,-,-,-,-,-,-,-,-
1347,Eliminated,20,10,0,1,10,11.0%,100,6.02,71.0%,11.0%,-,-,-,-,-,-,-,-,-
1348,Eliminated,0,5,0,2,10,9.0%,100,3.95,75.0%,9.0%,-,-,-,-,-,-,-,-,-
1349,Eliminated,20,0,2,3,4,9.0%,100,1.12,69.0%,9.0%,-,-,-,-,-,-,-,-,-
1350,Eliminated,10,20,0,3,8,8.0%,100,5.56,70.0%,8.0%,-,-,-,-,-,-,-,-,-
1351,Eliminated,20,10,6,2,4,68.0%,100,2.81,68.0%,-,-,-,-,-,-,-,-,-,-
1352,Eliminated,20,20,0,2,8,68.0%,100,2.87,68.0%,-,-,-,-,-,-,-,-,-,-
1353,Eliminated,20,20,6,3,4,68.0%,100,3.35,68.0%,-,-,-,-,-,-,-,-,-,-
1354,Eliminated,0,0,0,3,10,67.0%,100,0.46,67.0%,-,-,-,-,-,-,-,-,-,-
1355,Eliminated,0,0,2,2,6,67.0%,100,0.34,67.0%,-,-,-,-,-,-,-,-,-,-
1356,Eliminated,0,5,2,1,2,67.0%,100,2.32,67.0%,-,-,-,-,-,-,-,-,-,-
1357,Eliminated,0,5,2,3,8,67.0%,100,2.14,67.0%,-,-,-,-,-,-,-,-,-,-
1358,Eliminated,0,5,6,2,4,67.0%,100,1.81,67.0%,-,-,-,-,-,-,-,-,-,-
1359,Eliminated,0,5,10,3,4,67.0%,100,1.55,67.0%,-,-,-,-,-,-,-,-,-,-
1360,Eliminated,0,10,4,1,6,67.0%,100,3.30,67.0%,-,-,-,-,-,-,-,-,-,-
1361,Eliminated,0,10,6,1,2,67.0%,100,3.20,67.0%,-,-,-,-,-,-,-,-,-,-
1362,Eliminated,0,15,0,2,10,67.0%,100,2.65,67.0%,-,-,-,-,-,-,-,-,-,-
1363,Eliminated,0,15,2,1,2,67.0%,100,3.95,67.0%,-,-,-,-,-,-,-,-,-,-
1364,Eliminated,0,15,4,2,4,67.0%,100,3.19,67.0%,-,-,-,-,-,-,-,-,-,-
1365,Eliminated,0,20,4,1,10,67.0%,100,4.18,67.0%,-,-,-,-,-,-,-,-,-,-
1366,Eliminated,5,15,0,1,10,67.0%,100,2.82,67.0%,-,-,-,-,-,-,-,-,-,-
1367,Eliminated,5,20,10,2,4,67.0%,100,3.28,67.0%,-,-,-,-,-,-,-,-,-,-
1368,Eliminated,10,15,0,2,8,67.0%,100,2.92,67.0%,-,-,-,-,-,-,-,-,-,-
1369,Eliminated,10,15,2,2,10,67.0%,100,2.64,67.0%,-,-,-,-,-,-,-,-,-,-
1370,Eliminated,10,15,4,3,6,67.0%,100,2.93,67.0%,-,-,-,-,-,-,-,-,-,-
1371,Eliminated,10,20,2,1,10,67.0%,100,2.98,67.0%,-,-,-,-,-,-,-,-,-,-
1372,Eliminated,15,0,0,2,6,67.0%,100,0.57,67.0%,-,-,-,-,-,-,-,-,-,-
1373,Eliminated,15,0,0,2,8,67.0%,100,0.67,67.0%,-,-,-,-,-,-,-,-,-,-
1374,Eliminated,15,5,2,1,8,67.0%,100,2.88,67.0%,-,-,-,-,-,-,-,-,-,-
1375,Eliminated,15,5,8,3,4,67.0%,100,2.37,67.0%,-,-,-,-,-,-,-,-,-,-
1376,Eliminated,15,10,2,2,8,67.0%,100,2.95,67.0%,-,-,-,-,-,-,-,-,-,-
1377,Eliminated,15,10,10,1,2,67.0%,100,3.74,67.0%,-,-,-,-,-,-,-,-,-,-
1378,Eliminated,20,0,0,2,6,67.0%,100,0.59,67.0%,-,-,-,-,-,-,-,-,-,-
1379,Eliminated,20,0,0,3,6,67.0%,100,0.65,67.0%,-,-,-,-,-,-,-,-,-,-
1380,Eliminated,20,5,0,3,8,67.0%,100,2.70,67.0%,-,-,-,-,-,-,-,-,-,-
1381,Eliminated,20,10,2,3,10,67.0%,100,2.96,67.0%,-,-,-,-,-,-,-,-,-,-
1382,Eliminated,20,10,4,2,4,67.0%,100,2.98,67.0%,-,-,-,-,-,-,-,-,-,-
1383,Eliminated,20,15,6,2,4,67.0%,100,3.06,67.0%,-,-,-,-,-,-,-,-,-,-
1384,Eliminated,20,15,8,1,2,67.0%,100,3.05,67.0%,-,-,-,-,-,-,-,-,-,-
1385,Eliminated,20,20,0,2,10,67.0%,100,2.88,67.0%,-,-,-,-,-,-,-,-,-,-
1386,Eliminated,20,20,2,1,8,67.0%,100,2.83,67.0%,-,-,-,-,-,-,-,-,-,-
1387,Eliminated,20,20,2,3,4,67.0%,100,2.97,67.0%,-,-,-,-,-,-,-,-,-,-
1388,Eliminated,0,0,2,3,6,66.0%,100,0.26,66.0%,-,-,-,-,-,-,-,-,-,-
1389,Eliminated,0,5,2,1,6,66.0%,100,2.35,66.0%,-,-,-,-,-,-,-,-,-,-
1390,Eliminated,0,5,4,3,6,66.0%,100,1.96,66.0%,-,-,-,-,-,-,-,-,-,-
1391,Eliminated,0,10,6,2,4,66.0%,100,2.85,66.0%,-,-,-,-,-,-,-,-,-,-
1392,Eliminated,0,10,8,1,2,66.0%,100,3.03,66.0%,-,-,-,-,-,-,-,-,-,-
1393,Eliminated,0,15,0,1,10,66.0%,100,3.84,66.0%,-,-,-,-,-,-,-,-,-,-
1394,Eliminated,0,15,0,3,10,66.0%,100,2.45,66.0%,-,-,-,-,-,-,-,-,-,-
1395,Eliminated,0,20,4,1,4,66.0%,100,4.21,66.0%,-,-,-,-,-,-,-,-,-,-
1396,Eliminated,5,5,2,1,4,66.0%,100,2.55,66.0%,-,-,-,-,-,-,-,-,-,-
1397,Eliminated,5,5,2,1,6,66.0%,100,2.86,66.0%,-,-,-,-,-,-,-,-,-,-
1398,Eliminated,5,5,2,1,8,66.0%,100,2.62,66.0%,-,-,-,-,-,-,-,-,-,-
1399,Eliminated,5,5,2,2,8,66.0%,100,2.75,66.0%,-,-,-,-,-,-,-,-,-,-
1400,Eliminated,5,5,4,2,4,66.0%,100,2.21,66.0%,-,-,-,-,-,-,-,-,-,-
1401,Eliminated,5,5,10,1,2,66.0%,100,3.46,66.0%,-,-,-,-,-,-,-,-,-,-
1402,Eliminated,5,10,0,1,10,66.0%,100,2.88,66.0%,-,-,-,-,-,-,-,-,-,-
1403,Eliminated,5,10,10,1,4,66.0%,100,3.81,66.0%,-,-,-,-,-,-,-,-,-,-
1404,Eliminated,5,15,2,3,8,66.0%,100,2.80,66.0%,-,-,-,-,-,-,-,-,-,-
1405,Eliminated,5,15,4,1,4,66.0%,100,3.88,66.0%,-,-,-,-,-,-,-,-,-,-
1406,Eliminated,10,0,8,3,2,66.0%,100,0.44,66.0%,-,-,-,-,-,-,-,-,-,-
1407,Eliminated,10,5,0,3,10,66.0%,100,2.78,66.0%,-,-,-,-,-,-,-,-,-,-
1408,Eliminated,10,5,8,1,2,66.0%,100,2.21,66.0%,-,-,-,-,-,-,-,-,-,-
1409,Eliminated,10,10,2,2,6,66.0%,100,3.08,66.0%,-,-,-,-,-,-,-,-,-,-
1410,Eliminated,10,15,6,2,4,66.0%,100,3.13,66.0%,-,-,-,-,-,-,-,-,-,-
1411,Eliminated,10,20,0,2,8,66.0%,100,2.96,66.0%,-,-,-,-,-,-,-,-,-,-
1412,Eliminated,10,20,6,2,4,66.0%,100,2.90,66.0%,-,-,-,-,-,-,-,-,-,-
1413,Eliminated,15,5,0,2,10,66.0%,100,2.84,66.0%,-,-,-,-,-,-,-,-,-,-
1414,Eliminated,15,5,8,2,4,66.0%,100,2.18,66.0%,-,-,-,-,-,-,-,-,-,-
1415,Eliminated,15,10,0,1,8,66.0%,100,2.99,66.0%,-,-,-,-,-,-,-,-,-,-
1416,Eliminated,15,10,2,1,6,66.0%,100,3.49,66.0%,-,-,-,-,-,-,-,-,-,-
1417,Eliminated,15,10,4,3,4,66.0%,100,3.04,66.0%,-,-,-,-,-,-,-,-,-,-
1418,Eliminated,15,10,10,1,4,66.0%,100,3.89,66.0%,-,-,-,-,-,-,-,-,-,-
1419,Eliminated,15,15,0,1,8,66.0%,100,3.02,66.0%,-,-,-,-,-,-,-,-,-,-
1420,Eliminated,15,15,0,2,8,66.0%,100,2.76,66.0%,-,-,-,-,-,-,-,-,-,-
1421,Eliminated,15,20,2,1,6,66.0%,100,3.19,66.0%,-,-,-,-,-,-,-,-,-,-
1422,Eliminated,15,20,6,2,4,66.0%,100,3.21,66.0%,-,-,-,-,-,-,-,-,-,-
1423,Eliminated,20,0,6,1,2,66.0%,100,0.53,66.0%,-,-,-,-,-,-,-,-,-,-
1424,Eliminated,20,0,8,2,2,66.0%,100,0.48,66.0%,-,-,-,-,-,-,-,-,-,-
1425,Eliminated,20,5,2,1,6,66.0%,100,2.90,66.0%,-,-,-,-,-,-,-,-,-,-
1426,Eliminated,20,5,2,2,8,66.0%,100,2.72,66.0%,-,-,-,-,-,-,-,-,-,-
1427,Eliminated,20,5,4,1,2,66.0%,100,2.29,66.0%,-,-,-,-,-,-,-,-,-,-
1428,Eliminated,20,10,4,1,6,66.0%,100,3.40,66.0%,-,-,-,-,-,-,-,-,-,-
1429,Eliminated,20,15,0,1,8,66.0%,100,2.94,66.0%,-,-,-,-,-,-,-,-,-,-
1430,Eliminated,20,20,2,2,8,66.0%,100,3.18,66.0%,-,-,-,-,-,-,-,-,-,-
1431,Eliminated,20,20,4,2,6,66.0%,100,3.22,66.0%,-,-,-,-,-,-,-,-,-,-
1432,Eliminated,20,20,10,2,4,66.0%,100,3.02,66.0%,-,-,-,-,-,-,-,-,-,-
1433,Eliminated,0,0,0,2,8,65.0%,100,0.49,65.0%,-,-,-,-,-,-,-,-,-,-
1434,Eliminated,0,5,4,1,2,65.0%,100,2.47,65.0%,-,-,-,-,-,-,-,-,-,-
1435,Eliminated,0,5,6,1,2,65.0%,100,2.43,65.0%,-,-,-,-,-,-,-,-,-,-
1436,Eliminated,0,10,0,3,10,65.0%,100,2.48,65.0%,-,-,-,-,-,-,-,-,-,-
1437,Eliminated,0,10,2,1,8,65.0%,100,3.74,65.0%,-,-,-,-,-,-,-,-,-,-
1438,Eliminated,0,10,2,3,8,65.0%,100,2.64,65.0%,-,-,-,-,-,-,-,-,-,-
1439,Eliminated,0,10,4,2,4,65.0%,100,2.73,65.0%,-,-,-,-,-,-,-,-,-,-
1440,Eliminated,0,10,10,2,2,65.0%,100,3.24,65.0%,-,-,-,-,-,-,-,-,-,-
1441,Eliminated,0,15,2,1,10,65.0%,100,4.16,65.0%,-,-,-,-,-,-,-,-,-,-
1442,Eliminated,0,15,2,3,10,65.0%,100,2.41,65.0%,-,-,-,-,-,-,-,-,-,-
1443,Eliminated,0,15,10,2,2,65.0%,100,3.53,65.0%,-,-,-,-,-,-,-,-,-,-
1444,Eliminated,0,20,0,2,10,65.0%,100,2.49,65.0%,-,-,-,-,-,-,-,-,-,-
1445,Eliminated,0,20,2,2,8,65.0%,100,2.91,65.0%,-,-,-,-,-,-,-,-,-,-
1446,Eliminated,0,20,2,3,10,65.0%,100,2.73,65.0%,-,-,-,-,-,-,-,-,-,-
1447,Eliminated,0,20,10,2,4,65.0%,100,3.89,65.0%,-,-,-,-,-,-,-,-,-,-
1448,Eliminated,5,0,0,1,6,65.0%,100,0.55,65.0%,-,-,-,-,-,-,-,-,-,-
1449,Eliminated,5,0,2,3,6,65.0%,100,0.64,65.0%,-,-,-,-,-,-,-,-,-,-
1450,Eliminated,5,5,0,1,10,65.0%,100,2.73,65.0%,-,-,-,-,-,-,-,-,-,-
1451,Eliminated,5,5,10,3,4,65.0%,100,1.92,65.0%,-,-,-,-,-,-,-,-,-,-
1452,Eliminated,5,10,8,2,4,65.0%,100,2.77,65.0%,-,-,-,-,-,-,-,-,-,-
1453,Eliminated,5,15,0,3,8,65.0%,100,3.02,65.0%,-,-,-,-,-,-,-,-,-,-
1454,Eliminated,5,15,2,2,8,65.0%,100,3.12,65.0%,-,-,-,-,-,-,-,-,-,-
1455,Eliminated,5,20,2,1,10,65.0%,100,2.89,65.0%,-,-,-,-,-,-,-,-,-,-
1456,Eliminated,10,0,0,1,6,65.0%,100,0.67,65.0%,-,-,-,-,-,-,-,-,-,-
1457,Eliminated,10,5,8,3,4,65.0%,100,2.26,65.0%,-,-,-,-,-,-,-,-,-,-
1458,Eliminated,10,15,0,1,10,65.0%,100,2.98,65.0%,-,-,-,-,-,-,-,-,-,-
1459,Eliminated,10,15,4,2,4,65.0%,100,2.94,65.0%,-,-,-,-,-,-,-,-,-,-
1460,Eliminated,10,15,4,2,6,65.0%,100,3.18,65.0%,-,-,-,-,-,-,-,-,-,-
1461,Eliminated,10,20,0,1,8,65.0%,100,2.56,65.0%,-,-,-,-,-,-,-,-,-,-
1462,Eliminated,10,20,6,3,4,65.0%,100,2.97,65.0%,-,-,-,-,-,-,-,-,-,-
1463,Eliminated,10,20,10,3,4,65.0%,100,2.93,65.0%,-,-,-,-,-,-,-,-,-,-
1464,Eliminated,15,10,0,2,8,65.0%,100,2.92,65.0%,-,-,-,-,-,-,-,-,-,-
1465,Eliminated,15,10,0,2,10,65.0%,100,2.73,65.0%,-,-,-,-,-,-,-,-,-,-
1466,Eliminated,15,15,0,2,10,65.0%,100,3.12,65.0%,-,-,-,-,-,-,-,-,-,-
1467,Eliminated,15,20,4,2,4,65.0%,100,2.89,65.0%,-,-,-,-,-,-,-,-,-,-
1468,Eliminated,20,10,2,2,10,65.0%,100,2.84,65.0%,-,-,-,-,-,-,-,-,-,-
1469,Eliminated,20,15,0,3,10,65.0%,100,2.76,65.0%,-,-,-,-,-,-,-,-,-,-
1470,Eliminated,0,0,0,1,8,64.0%,100,0.37,64.0%,-,-,-,-,-,-,-,-,-,-
1471,Eliminated,0,5,0,3,10,64.0%,100,2.00,64.0%,-,-,-,-,-,-,-,-,-,-
1472,Eliminated,0,5,8,1,2,64.0%,100,2.40,64.0%,-,-,-,-,-,-,-,-,-,-
1473,Eliminated,0,10,2,1,6,64.0%,100,3.78,64.0%,-,-,-,-,-,-,-,-,-,-
1474,Eliminated,0,10,6,3,4,64.0%,100,2.45,64.0%,-,-,-,-,-,-,-,-,-,-
1475,Eliminated,0,10,8,3,4,64.0%,100,2.33,64.0%,-,-,-,-,-,-,-,-,-,-
1476,Eliminated,0,15,4,1,2,64.0%,100,3.74,64.0%,-,-,-,-,-,-,-,-,-,-
1477,Eliminated,0,20,10,1,2,64.0%,100,3.67,64.0%,-,-,-,-,-,-,-,-,-,-
1478,Eliminated,5,5,0,3,8,64.0%,100,2.57,64.0%,-,-,-,-,-,-,-,-,-,-
1479,Eliminated,5,5,6,1,2,64.0%,100,1.98,64.0%,-,-,-,-,-,-,-,-,-,-
1480,Eliminated,5,5,6,3,4,64.0%,100,2.31,64.0%,-,-,-,-,-,-,-,-,-,-
1481,Eliminated,5,10,2,1,4,64.0%,100,2.96,64.0%,-,-,-,-,-,-,-,-,-,-
1482,Eliminated,5,10,4,3,4,64.0%,100,2.87,64.0%,-,-,-,-,-,-,-,-,-,-
1483,Eliminated,5,15,2,1,8,64.0%,100,3.06,64.0%,-,-,-,-,-,-,-,-,-,-
1484,Eliminated,5,15,6,3,4,64.0%,100,2.84,64.0%,-,-,-,-,-,-,-,-,-,-
1485,Eliminated,5,15,10,1,2,64.0%,100,4.22,64.0%,-,-,-,-,-,-,-,-,-,-
1486,Eliminated,5,20,2,3,8,64.0%,100,2.80,64.0%,-,-,-,-,-,-,-,-,-,-
1487,Eliminated,5,20,4,2,4,64.0%,100,3.18,64.0%,-,-,-,-,-,-,-,-,-,-
1488,Eliminated,5,20,8,3,4,64.0%,100,3.03,64.0%,-,-,-,-,-,-,-,-,-,-
1489,Eliminated,10,5,0,1,6,64.0%,100,2.61,64.0%,-,-,-,-,-,-,-,-,-,-
1490,Eliminated,10,5,0,3,8,64.0%,100,2.93,64.0%,-,-,-,-,-,-,-,-,-,-
1491,Eliminated,10,10,0,3,10,64.0%,100,2.98,64.0%,-,-,-,-,-,-,-,-,-,-
1492,Eliminated,10,10,2,2,8,64.0%,100,3.05,64.0%,-,-,-,-,-,-,-,-,-,-
1493,Eliminated,10,20,0,1,10,64.0%,100,2.84,64.0%,-,-,-,-,-,-,-,-,-,-
1494,Eliminated,10,20,2,1,6,64.0%,100,3.18,64.0%,-,-,-,-,-,-,-,-,-,-
1495,Eliminated,10,20,4,3,4,64.0%,100,2.98,64.0%,-,-,-,-,-,-,-,-,-,-
1496,Eliminated,15,0,2,1,4,64.0%,100,0.59,64.0%,-,-,-,-,-,-,-,-,-,-
1497,Eliminated,15,5,2,3,6,64.0%,100,2.44,64.0%,-,-,-,-,-,-,-,-,-,-
1498,Eliminated,15,15,6,2,4,64.0%,100,2.85,64.0%,-,-,-,-,-,-,-,-,-,-
1499,Eliminated,15,20,0,1,10,64.0%,100,2.79,64.0%,-,-,-,-,-,-,-,-,-,-
1500,Eliminated,20,0,2,1,2,64.0%,100,0.46,64.0%,-,-,-,-,-,-,-,-,-,-
1501,Eliminated,20,0,2,1,4,64.0%,100,0.69,64.0%,-,-,-,-,-,-,-,-,-,-
1502,Eliminated,20,0,4,1,2,64.0%,100,0.49,64.0%,-,-,-,-,-,-,-,-,-,-
1503,Eliminated,20,0,6,2,2,64.0%,100,0.50,64.0%,-,-,-,-,-,-,-,-,-,-
1504,Eliminated,20,5,0,1,8,64.0%,100,2.57,64.0%,-,-,-,-,-,-,-,-,-,-
1505,Eliminated,20,10,0,3,8,64.0%,100,3.07,64.0%,-,-,-,-,-,-,-,-,-,-
1506,Eliminated,20,10,2,2,6,64.0%,100,3.21,64.0%,-,-,-,-,-,-,-,-,-,-
1507,Eliminated,20,20,0,3,8,64.0%,100,2.70,64.0%,-,-,-,-,-,-,-,-,-,-
1508,Eliminated,20,20,2,1,4,64.0%,100,3.16,64.0%,-,-,-,-,-,-,-,-,-,-
1509,Eliminated,20,20,2,1,6,64.0%,100,3.27,64.0%,-,-,-,-,-,-,-,-,-,-
1510,Eliminated,20,20,4,3,6,64.0%,100,3.13,64.0%,-,-,-,-,-,-,-,-,-,-
1511,Eliminated,20,20,8,2,4,64.0%,100,3.27,64.0%,-,-,-,-,-,-,-,-,-,-
1512,Eliminated,20,20,10,1,2,64.0%,100,4.08,64.0%,-,-,-,-,-,-,-,-,-,-
1513,Eliminated,0,10,10,3,4,63.0%,100,2.19,63.0%,-,-,-,-,-,-,-,-,-,-
1514,Eliminated,0,15,6,1,2,63.0%,100,3.69,63.0%,-,-,-,-,-,-,-,-,-,-
1515,Eliminated,0,20,4,3,6,63.0%,100,2.84,63.0%,-,-,-,-,-,-,-,-,-,-
1516,Eliminated,0,20,10,1,4,63.0%,100,4.16,63.0%,-,-,-,-,-,-,-,-,-,-
1517,Eliminated,5,0,0,3,6,63.0%,100,0.63,63.0%,-,-,-,-,-,-,-,-,-,-
1518,Eliminated,5,10,6,3,4,63.0%,100,2.63,63.0%,-,-,-,-,-,-,-,-,-,-
1519,Eliminated,5,15,4,2,4,63.0%,100,3.05,63.0%,-,-,-,-,-,-,-,-,-,-
1520,Eliminated,5,20,2,2,6,63.0%,100,2.94,63.0%,-,-,-,-,-,-,-,-,-,-
1521,Eliminated,5,20,4,1,4,63.0%,100,3.70,63.0%,-,-,-,-,-,-,-,-,-,-
1522,Eliminated,5,20,10,3,4,63.0%,100,2.82,63.0%,-,-,-,-,-,-,-,-,-,-
1523,Eliminated,10,0,0,3,6,63.0%,100,0.66,63.0%,-,-,-,-,-,-,-,-,-,-
1524,Eliminated,10,20,2,3,6,63.0%,100,2.76,63.0%,-,-,-,-,-,-,-,-,-,-
1525,Eliminated,10,20,8,3,4,63.0%,100,2.99,63.0%,-,-,-,-,-,-,-,-,-,-
1526,Eliminated,10,20,10,1,2,63.0%,100,4.08,63.0%,-,-,-,-,-,-,-,-,-,-
1527,Eliminated,15,0,2,2,6,63.0%,100,0.66,63.0%,-,-,-,-,-,-,-,-,-,-
1528,Eliminated,15,5,2,1,4,63.0%,100,2.33,63.0%,-,-,-,-,-,-,-,-,-,-
1529,Eliminated,15,10,10,3,4,63.0%,100,2.71,63.0%,-,-,-,-,-,-,-,-,-,-
1530,Eliminated,15,15,2,1,4,63.0%,100,2.97,63.0%,-,-,-,-,-,-,-,-,-,-
1531,Eliminated,15,20,2,2,6,63.0%,100,2.92,63.0%,-,-,-,-,-,-,-,-,-,-
1532,Eliminated,15,20,10,2,4,63.0%,100,3.41,63.0%,-,-,-,-,-,-,-,-,-,-
1533,Eliminated,15,20,10,3,4,63.0%,100,2.68,63.0%,-,-,-,-,-,-,-,-,-,-
1534,Eliminated,20,5,6,1,2,63.0%,100,2.18,63.0%,-,-,-,-,-,-,-,-,-,-
1535,Eliminated,20,10,4,3,4,63.0%,100,2.96,63.0%,-,-,-,-,-,-,-,-,-,-
1536,Eliminated,20,15,0,3,8,63.0%,100,2.65,63.0%,-,-,-,-,-,-,-,-,-,-
1537,Eliminated,20,15,2,1,6,63.0%,100,3.07,63.0%,-,-,-,-,-,-,-,-,-,-
1538,Eliminated,0,0,2,1,6,62.0%,100,0.37,62.0%,-,-,-,-,-,-,-,-,-,-
1539,Eliminated,0,0,2,3,4,62.0%,100,0.27,62.0%,-,-,-,-,-,-,-,-,-,-
1540,Eliminated,0,5,0,1,8,62.0%,100,2.74,62.0%,-,-,-,-,-,-,-,-,-,-
1541,Eliminated,0,5,0,1,10,62.0%,100,2.73,62.0%,-,-,-,-,-,-,-,-,-,-
1542,Eliminated,0,10,2,1,2,62.0%,100,3.48,62.0%,-,-,-,-,-,-,-,-,-,-
1543,Eliminated,0,15,10,3,4,62.0%,100,2.43,62.0%,-,-,-,-,-,-,-,-,-,-
1544,Eliminated,0,20,0,1,10,62.0%,100,3.93,62.0%,-,-,-,-,-,-,-,-,-,-
1545,Eliminated,0,20,0,3,10,62.0%,100,2.55,62.0%,-,-,-,-,-,-,-,-,-,-
1546,Eliminated,5,0,2,2,4,62.0%,100,0.55,62.0%,-,-,-,-,-,-,-,-,-,-
1547,Eliminated,5,10,0,3,8,62.0%,100,2.70,62.0%,-,-,-,-,-,-,-,-,-,-
1548,Eliminated,5,20,0,2,8,62.0%,100,3.10,62.0%,-,-,-,-,-,-,-,-,-,-
1549,Eliminated,5,20,0,2,10,62.0%,100,2.80,62.0%,-,-,-,-,-,-,-,-,-,-
1550,Eliminated,5,20,2,3,6,62.0%,100,2.72,62.0%,-,-,-,-,-,-,-,-,-,-
1551,Eliminated,5,20,4,3,4,62.0%,100,2.95,62.0%,-,-,-,-,-,-,-,-,-,-
1552,Eliminated,10,5,2,1,6,62.0%,100,2.58,62.0%,-,-,-,-,-,-,-,-,-,-
1553,Eliminated,10,10,2,2,4,62.0%,100,2.69,62.0%,-,-,-,-,-,-,-,-,-,-
1554,Eliminated,10,10,2,3,6,62.0%,100,3.15,62.0%,-,-,-,-,-,-,-,-,-,-
1555,Eliminated,10,10,4,3,4,62.0%,100,2.82,62.0%,-,-,-,-,-,-,-,-,-,-
1556,Eliminated,10,10,6,2,4,62.0%,100,2.78,62.0%,-,-,-,-,-,-,-,-,-,-
1557,Eliminated,10,15,0,3,6,62.0%,100,2.85,62.0%,-,-,-,-,-,-,-,-,-,-
1558,Eliminated,15,0,0,3,6,62.0%,100,0.58,62.0%,-,-,-,-,-,-,-,-,-,-
1559,Eliminated,15,0,2,2,4,62.0%,100,0.54,62.0%,-,-,-,-,-,-,-,-,-,-
1560,Eliminated,15,5,0,3,8,62.0%,100,2.68,62.0%,-,-,-,-,-,-,-,-,-,-
1561,Eliminated,15,10,0,3,8,62.0%,100,2.79,62.0%,-,-,-,-,-,-,-,-,-,-
1562,Eliminated,20,0,2,2,4,62.0%,100,0.66,62.0%,-,-,-,-,-,-,-,-,-,-
1563,Eliminated,20,5,2,3,6,62.0%,100,2.59,62.0%,-,-,-,-,-,-,-,-,-,-
1564,Eliminated,20,10,0,2,10,62.0%,100,3.00,62.0%,-,-,-,-,-,-,-,-,-,-
1565,Eliminated,20,10,2,1,6,62.0%,100,3.10,62.0%,-,-,-,-,-,-,-,-,-,-
1566,Eliminated,20,10,4,1,2,62.0%,100,2.89,62.0%,-,-,-,-,-,-,-,-,-,-
1567,Eliminated,20,10,8,3,4,62.0%,100,2.90,62.0%,-,-,-,-,-,-,-,-,-,-
1568,Eliminated,20,15,2,2,6,62.0%,100,3.04,62.0%,-,-,-,-,-,-,-,-,-,-
1569,Eliminated,20,15,4,3,4,62.0%,100,3.19,62.0%,-,-,-,-,-,-,-,-,-,-
1570,Eliminated,20,20,2,3,6,62.0%,100,2.92,62.0%,-,-,-,-,-,-,-,-,-,-
1571,Eliminated,20,20,4,3,4,62.0%,100,3.15,62.0%,-,-,-,-,-,-,-,-,-,-
1572,Eliminated,0,10,10,1,2,61.0%,100,3.16,61.0%,-,-,-,-,-,-,-,-,-,-
1573,Eliminated,0,15,2,1,4,61.0%,100,3.92,61.0%,-,-,-,-,-,-,-,-,-,-
1574,Eliminated,0,15,2,2,6,61.0%,100,2.70,61.0%,-,-,-,-,-,-,-,-,-,-
1575,Eliminated,0,15,4,3,4,61.0%,100,2.49,61.0%,-,-,-,-,-,-,-,-,-,-
1576,Eliminated,0,15,8,3,4,61.0%,100,2.76,61.0%,-,-,-,-,-,-,-,-,-,-
1577,Eliminated,0,15,10,1,2,61.0%,100,3.57,61.0%,-,-,-,-,-,-,-,-,-,-
1578,Eliminated,0,20,2,3,8,61.0%,100,2.95,61.0%,-,-,-,-,-,-,-,-,-,-
1579,Eliminated,0,20,6,3,4,61.0%,100,2.84,61.0%,-,-,-,-,-,-,-,-,-,-
1580,Eliminated,5,15,0,2,8,61.0%,100,2.86,61.0%,-,-,-,-,-,-,-,-,-,-
1581,Eliminated,5,20,10,1,2,61.0%,100,4.16,61.0%,-,-,-,-,-,-,-,-,-,-
1582,Eliminated,10,0,0,2,6,61.0%,100,0.64,61.0%,-,-,-,-,-,-,-,-,-,-
1583,Eliminated,10,0,2,1,2,61.0%,100,0.47,61.0%,-,-,-,-,-,-,-,-,-,-
1584,Eliminated,10,20,0,2,10,61.0%,100,2.78,61.0%,-,-,-,-,-,-,-,-,-,-
1585,Eliminated,15,0,8,1,2,61.0%,100,0.50,61.0%,-,-,-,-,-,-,-,-,-,-
1586,Eliminated,15,5,2,3,4,61.0%,100,2.11,61.0%,-,-,-,-,-,-,-,-,-,-
1587,Eliminated,15,5,8,2,2,61.0%,100,1.88,61.0%,-,-,-,-,-,-,-,-,-,-
1588,Eliminated,15,10,2,2,6,61.0%,100,2.99,61.0%,-,-,-,-,-,-,-,-,-,-
1589,Eliminated,15,15,0,3,8,61.0%,100,2.73,61.0%,-,-,-,-,-,-,-,-,-,-
1590,Eliminated,15,20,0,1,6,61.0%,100,2.61,61.0%,-,-,-,-,-,-,-,-,-,-
1591,Eliminated,15,20,8,2,4,61.0%,100,2.98,61.0%,-,-,-,-,-,-,-,-,-,-
1592,Eliminated,20,5,2,1,4,61.0%,100,2.33,61.0%,-,-,-,-,-,-,-,-,-,-
1593,Eliminated,20,5,6,2,2,61.0%,100,1.88,61.0%,-,-,-,-,-,-,-,-,-,-
1594,Eliminated,20,10,0,2,8,61.0%,100,2.79,61.0%,-,-,-,-,-,-,-,-,-,-
1595,Eliminated,20,20,2,2,6,61.0%,100,2.98,61.0%,-,-,-,-,-,-,-,-,-,-
1596,Eliminated,0,0,2,2,4,60.0%,100,0.30,60.0%,-,-,-,-,-,-,-,-,-,-
1597,Eliminated,0,5,8,2,2,60.0%,100,1.73,60.0%,-,-,-,-,-,-,-,-,-,-
1598,Eliminated,0,15,10,2,0,60.0%,100,3.20,60.0%,-,-,-,-,-,-,-,-,-,-
1599,Eliminated,0,20,2,2,2,60.0%,100,2.66,60.0%,-,-,-,-,-,-,-,-,-,-
1600,Eliminated,0,20,4,2,4,60.0%,100,3.48,60.0%,-,-,-,-,-,-,-,-,-,-
1601,Eliminated,5,0,4,1,2,60.0%,100,0.46,60.0%,-,-,-,-,-,-,-,-,-,-
1602,Eliminated,5,15,2,3,6,60.0%,100,2.84,60.0%,-,-,-,-,-,-,-,-,-,-
1603,Eliminated,5,15,4,3,4,60.0%,100,2.57,60.0%,-,-,-,-,-,-,-,-,-,-
1604,Eliminated,10,0,2,1,4,60.0%,100,0.57,60.0%,-,-,-,-,-,-,-,-,-,-
1605,Eliminated,10,0,8,2,2,60.0%,100,0.36,60.0%,-,-,-,-,-,-,-,-,-,-
1606,Eliminated,10,0,10,1,2,60.0%,100,0.45,60.0%,-,-,-,-,-,-,-,-,-,-
1607,Eliminated,10,5,10,1,2,60.0%,100,3.34,60.0%,-,-,-,-,-,-,-,-,-,-
1608,Eliminated,10,15,0,1,8,60.0%,100,2.92,60.0%,-,-,-,-,-,-,-,-,-,-
1609,Eliminated,10,15,10,1,2,60.0%,100,3.68,60.0%,-,-,-,-,-,-,-,-,-,-
1610,Eliminated,10,20,0,3,10,60.0%,100,2.85,60.0%,-,-,-,-,-,-,-,-,-,-
1611,Eliminated,15,0,0,3,4,60.0%,100,0.50,60.0%,-,-,-,-,-,-,-,-,-,-
1612,Eliminated,15,0,2,3,2,60.0%,100,0.55,60.0%,-,-,-,-,-,-,-,-,-,-
1613,Eliminated,15,10,2,3,6,60.0%,100,2.81,60.0%,-,-,-,-,-,-,-,-,-,-
1614,Eliminated,20,0,6,3,2,60.0%,100,0.44,60.0%,-,-,-,-,-,-,-,-,-,-
1615,Eliminated,20,0,8,1,2,60.0%,100,0.55,60.0%,-,-,-,-,-,-,-,-,-,-
1616,Eliminated,20,5,0,3,6,60.0%,100,2.53,60.0%,-,-,-,-,-,-,-,-,-,-
1617,Eliminated,20,5,2,2,4,60.0%,100,2.28,60.0%,-,-,-,-,-,-,-,-,-,-
1618,Eliminated,20,10,10,3,4,60.0%,100,2.61,60.0%,-,-,-,-,-,-,-,-,-,-
1619,Eliminated,20,15,2,3,6,60.0%,100,2.92,60.0%,-,-,-,-,-,-,-,-,-,-
1620,Eliminated,20,20,6,1,2,60.0%,100,3.46,60.0%,-,-,-,-,-,-,-,-,-,-
1621,Eliminated,0,0,0,1,6,59.0%,100,0.27,59.0%,-,-,-,-,-,-,-,-,-,-
1622,Eliminated,0,0,4,1,2,59.0%,100,0.29,59.0%,-,-,-,-,-,-,-,-,-,-
1623,Eliminated,0,15,2,1,6,59.0%,100,3.93,59.0%,-,-,-,-,-,-,-,-,-,-
1624,Eliminated,0,20,2,1,4,59.0%,100,3.85,59.0%,-,-,-,-,-,-,-,-,-,-
1625,Eliminated,0,20,10,3,4,59.0%,100,2.64,59.0%,-,-,-,-,-,-,-,-,-,-
1626,Eliminated,5,0,8,1,2,59.0%,100,0.45,59.0%,-,-,-,-,-,-,-,-,-,-
1627,Eliminated,5,5,0,2,6,59.0%,100,2.39,59.0%,-,-,-,-,-,-,-,-,-,-
1628,Eliminated,5,5,0,2,8,59.0%,100,2.41,59.0%,-,-,-,-,-,-,-,-,-,-
1629,Eliminated,5,5,0,2,10,59.0%,100,2.75,59.0%,-,-,-,-,-,-,-,-,-,-
1630,Eliminated,5,15,2,2,6,59.0%,100,2.84,59.0%,-,-,-,-,-,-,-,-,-,-
1631,Eliminated,10,0,2,2,2,59.0%,100,0.57,59.0%,-,-,-,-,-,-,-,-,-,-
1632,Eliminated,10,0,2,3,2,59.0%,100,0.58,59.0%,-,-,-,-,-,-,-,-,-,-
1633,Eliminated,10,0,4,2,2,59.0%,100,0.44,59.0%,-,-,-,-,-,-,-,-,-,-
1634,Eliminated,10,5,2,1,4,59.0%,100,2.55,59.0%,-,-,-,-,-,-,-,-,-,-
1635,Eliminated,10,5,6,2,2,59.0%,100,1.95,59.0%,-,-,-,-,-,-,-,-,-,-
1636,Eliminated,10,15,2,1,6,59.0%,100,3.02,59.0%,-,-,-,-,-,-,-,-,-,-
1637,Eliminated,10,15,2,2,4,59.0%,100,2.75,59.0%,-,-,-,-,-,-,-,-,-,-
1638,Eliminated,10,20,2,2,6,59.0%,100,2.93,59.0%,-,-,-,-,-,-,-,-,-,-
1639,Eliminated,10,20,4,1,2,59.0%,100,3.54,59.0%,-,-,-,-,-,-,-,-,-,-
1640,Eliminated,15,0,6,3,2,59.0%,100,0.49,59.0%,-,-,-,-,-,-,-,-,-,-
1641,Eliminated,15,5,0,2,4,59.0%,100,2.23,59.0%,-,-,-,-,-,-,-,-,-,-
1642,Eliminated,15,15,4,3,4,59.0%,100,3.14,59.0%,-,-,-,-,-,-,-,-,-,-
1643,Eliminated,15,15,10,1,2,59.0%,100,3.71,59.0%,-,-,-,-,-,-,-,-,-,-
1644,Eliminated,15,20,0,1,8,59.0%,100,2.80,59.0%,-,-,-,-,-,-,-,-,-,-
1645,Eliminated,20,0,2,3,2,59.0%,100,0.55,59.0%,-,-,-,-,-,-,-,-,-,-
1646,Eliminated,20,0,10,3,2,59.0%,100,0.40,59.0%,-,-,-,-,-,-,-,-,-,-
1647,Eliminated,20,10,2,3,6,59.0%,100,2.66,59.0%,-,-,-,-,-,-,-,-,-,-
1648,Eliminated,20,20,0,3,6,59.0%,100,2.97,59.0%,-,-,-,-,-,-,-,-,-,-
1649,Eliminated,20,20,4,1,2,59.0%,100,3.03,59.0%,-,-,-,-,-,-,-,-,-,-
1650,Eliminated,20,20,10,3,4,59.0%,100,3.18,59.0%,-,-,-,-,-,-,-,-,-,-
1651,Eliminated,0,0,2,1,4,58.0%,100,0.45,58.0%,-,-,-,-,-,-,-,-,-,-
1652,Eliminated,0,5,2,3,6,58.0%,100,1.84,58.0%,-,-,-,-,-,-,-,-,-,-
1653,Eliminated,0,10,2,1,4,58.0%,100,3.70,58.0%,-,-,-,-,-,-,-,-,-,-
1654,Eliminated,0,10,2,2,6,58.0%,100,2.40,58.0%,-,-,-,-,-,-,-,-,-,-
1655,Eliminated,0,15,0,2,8,58.0%,100,2.65,58.0%,-,-,-,-,-,-,-,-,-,-
1656,Eliminated,0,15,0,3,8,58.0%,100,2.54,58.0%,-,-,-,-,-,-,-,-,-,-
1657,Eliminated,0,15,2,1,8,58.0%,100,4.54,58.0%,-,-,-,-,-,-,-,-,-,-
1658,Eliminated,0,15,2,3,6,58.0%,100,2.63,58.0%,-,-,-,-,-,-,-,-,-,-
1659,Eliminated,0,15,8,1,2,58.0%,100,3.68,58.0%,-,-,-,-,-,-,-,-,-,-
1660,Eliminated,0,20,6,1,2,58.0%,100,4.06,58.0%,-,-,-,-,-,-,-,-,-,-
1661,Eliminated,5,0,2,2,2,58.0%,100,0.46,58.0%,-,-,-,-,-,-,-,-,-,-
1662,Eliminated,5,5,2,2,2,58.0%,100,2.03,58.0%,-,-,-,-,-,-,-,-,-,-
1663,Eliminated,5,5,2,3,4,58.0%,100,2.40,58.0%,-,-,-,-,-,-,-,-,-,-
1664,Eliminated,5,10,2,2,6,58.0%,100,2.96,58.0%,-,-,-,-,-,-,-,-,-,-
1665,Eliminated,5,15,2,1,6,58.0%,100,3.43,58.0%,-,-,-,-,-,-,-,-,-,-
1666,Eliminated,5,20,0,3,8,58.0%,100,2.81,58.0%,-,-,-,-,-,-,-,-,-,-
1667,Eliminated,5,20,0,3,10,58.0%,100,3.15,58.0%,-,-,-,-,-,-,-,-,-,-
1668,Eliminated,5,20,8,1,4,58.0%,100,3.89,58.0%,-,-,-,-,-,-,-,-,-,-
1669,Eliminated,10,0,2,3,4,58.0%,100,0.56,58.0%,-,-,-,-,-,-,-,-,-,-
1670,Eliminated,10,0,6,2,2,58.0%,100,0.52,58.0%,-,-,-,-,-,-,-,-,-,-
1671,Eliminated,10,0,8,1,2,58.0%,100,0.58,58.0%,-,-,-,-,-,-,-,-,-,-
1672,Eliminated,10,5,2,2,6,58.0%,100,2.59,58.0%,-,-,-,-,-,-,-,-,-,-
1673,Eliminated,10,5,2,3,8,58.0%,100,2.60,58.0%,-,-,-,-,-,-,-,-,-,-
1674,Eliminated,10,5,4,2,2,58.0%,100,1.83,58.0%,-,-,-,-,-,-,-,-,-,-
1675,Eliminated,10,10,8,1,2,58.0%,100,3.02,58.0%,-,-,-,-,-,-,-,-,-,-
1676,Eliminated,10,15,6,1,2,58.0%,100,3.53,58.0%,-,-,-,-,-,-,-,-,-,-
1677,Eliminated,10,15,8,1,2,58.0%,100,3.19,58.0%,-,-,-,-,-,-,-,-,-,-
1678,Eliminated,10,20,10,2,4,58.0%,100,3.00,58.0%,-,-,-,-,-,-,-,-,-,-
1679,Eliminated,15,0,2,1,2,58.0%,100,0.44,58.0%,-,-,-,-,-,-,-,-,-,-
1680,Eliminated,15,0,4,1,2,58.0%,100,0.47,58.0%,-,-,-,-,-,-,-,-,-,-
1681,Eliminated,15,0,8,2,2,58.0%,100,0.59,58.0%,-,-,-,-,-,-,-,-,-,-
1682,Eliminated,15,0,10,3,2,58.0%,100,0.34,58.0%,-,-,-,-,-,-,-,-,-,-
1683,Eliminated,15,5,4,1,2,58.0%,100,2.26,58.0%,-,-,-,-,-,-,-,-,-,-
1684,Eliminated,15,5,8,1,2,58.0%,100,2.43,58.0%,-,-,-,-,-,-,-,-,-,-
1685,Eliminated,15,10,0,3,6,58.0%,100,3.06,58.0%,-,-,-,-,-,-,-,-,-,-
1686,Eliminated,20,10,8,1,2,58.0%,100,2.83,58.0%,-,-,-,-,-,-,-,-,-,-
1687,Eliminated,20,15,2,1,4,58.0%,100,3.00,58.0%,-,-,-,-,-,-,-,-,-,-
1688,Eliminated,20,20,8,3,4,58.0%,100,2.77,58.0%,-,-,-,-,-,-,-,-,-,-
1689,Eliminated,0,0,8,1,2,57.0%,100,0.25,57.0%,-,-,-,-,-,-,-,-,-,-
1690,Eliminated,0,0,10,1,2,57.0%,100,0.41,57.0%,-,-,-,-,-,-,-,-,-,-
1691,Eliminated,0,5,2,1,4,57.0%,100,2.67,57.0%,-,-,-,-,-,-,-,-,-,-
1692,Eliminated,0,5,2,3,4,57.0%,100,1.43,57.0%,-,-,-,-,-,-,-,-,-,-
1693,Eliminated,0,20,2,3,6,57.0%,100,2.70,57.0%,-,-,-,-,-,-,-,-,-,-
1694,Eliminated,0,20,8,1,2,57.0%,100,3.84,57.0%,-,-,-,-,-,-,-,-,-,-
1695,Eliminated,5,0,0,3,4,57.0%,100,0.47,57.0%,-,-,-,-,-,-,-,-,-,-
1696,Eliminated,5,0,6,1,2,57.0%,100,0.60,57.0%,-,-,-,-,-,-,-,-,-,-
1697,Eliminated,5,10,0,2,6,57.0%,100,2.85,57.0%,-,-,-,-,-,-,-,-,-,-
1698,Eliminated,5,20,2,1,6,57.0%,100,3.62,57.0%,-,-,-,-,-,-,-,-,-,-
1699,Eliminated,10,0,4,3,2,57.0%,100,0.44,57.0%,-,-,-,-,-,-,-,-,-,-
1700,Eliminated,10,5,4,3,2,57.0%,100,1.85,57.0%,-,-,-,-,-,-,-,-,-,-
1701,Eliminated,10,5,10,1,0,57.0%,100,2.90,57.0%,-,-,-,-,-,-,-,-,-,-
1702,Eliminated,10,15,2,2,6,57.0%,100,3.18,57.0%,-,-,-,-,-,-,-,-,-,-
1703,Eliminated,10,15,10,3,4,57.0%,100,3.07,57.0%,-,-,-,-,-,-,-,-,-,-
1704,Eliminated,10,20,10,2,2,57.0%,100,2.58,57.0%,-,-,-,-,-,-,-,-,-,-
1705,Eliminated,15,0,6,2,2,57.0%,100,0.55,57.0%,-,-,-,-,-,-,-,-,-,-
1706,Eliminated,15,5,0,1,6,57.0%,100,2.48,57.0%,-,-,-,-,-,-,-,-,-,-
1707,Eliminated,15,5,2,2,4,57.0%,100,2.23,57.0%,-,-,-,-,-,-,-,-,-,-
1708,Eliminated,15,5,4,2,2,57.0%,100,2.00,57.0%,-,-,-,-,-,-,-,-,-,-
1709,Eliminated,15,10,4,1,2,57.0%,100,2.81,57.0%,-,-,-,-,-,-,-,-,-,-
1710,Eliminated,15,15,0,3,6,57.0%,100,2.98,57.0%,-,-,-,-,-,-,-,-,-,-
1711,Eliminated,15,15,2,2,6,57.0%,100,2.98,57.0%,-,-,-,-,-,-,-,-,-,-
1712,Eliminated,15,20,2,3,6,57.0%,100,2.90,57.0%,-,-,-,-,-,-,-,-,-,-
1713,Eliminated,15,20,10,1,2,57.0%,100,3.90,57.0%,-,-,-,-,-,-,-,-,-,-
1714,Eliminated,20,0,10,1,2,57.0%,100,0.46,57.0%,-,-,-,-,-,-,-,-,-,-
1715,Eliminated,20,10,2,2,4,57.0%,100,2.75,57.0%,-,-,-,-,-,-,-,-,-,-
1716,Eliminated,20,10,2,3,4,57.0%,100,2.83,57.0%,-,-,-,-,-,-,-,-,-,-
1717,Eliminated,20,20,0,1,8,57.0%,100,2.78,57.0%,-,-,-,-,-,-,-,-,-,-
1718,Eliminated,0,5,0,1,6,56.0%,100,2.50,56.0%,-,-,-,-,-,-,-,-,-,-
1719,Eliminated,0,5,2,2,6,56.0%,100,1.84,56.0%,-,-,-,-,-,-,-,-,-,-
1720,Eliminated,0,10,0,2,8,56.0%,100,2.13,56.0%,-,-,-,-,-,-,-,-,-,-
1721,Eliminated,0,10,4,1,2,56.0%,100,3.28,56.0%,-,-,-,-,-,-,-,-,-,-
1722,Eliminated,0,10,8,1,0,56.0%,100,3.11,56.0%,-,-,-,-,-,-,-,-,-,-
1723,Eliminated,0,10,10,1,0,56.0%,100,3.28,56.0%,-,-,-,-,-,-,-,-,-,-
1724,Eliminated,0,15,8,2,2,56.0%,100,2.99,56.0%,-,-,-,-,-,-,-,-,-,-
1725,Eliminated,0,20,2,1,10,56.0%,100,4.36,56.0%,-,-,-,-,-,-,-,-,-,-
1726,Eliminated,0,20,6,3,2,56.0%,100,2.55,56.0%,-,-,-,-,-,-,-,-,-,-
1727,Eliminated,0,20,10,2,0,56.0%,100,3.35,56.0%,-,-,-,-,-,-,-,-,-,-
1728,Eliminated,5,0,6,2,2,56.0%,100,0.42,56.0%,-,-,-,-,-,-,-,-,-,-
1729,Eliminated,5,0,8,2,2,56.0%,100,0.44,56.0%,-,-,-,-,-,-,-,-,-,-
1730,Eliminated,5,0,10,3,2,56.0%,100,0.40,56.0%,-,-,-,-,-,-,-,-,-,-
1731,Eliminated,5,5,0,1,6,56.0%,100,2.31,56.0%,-,-,-,-,-,-,-,-,-,-
1732,Eliminated,10,0,4,1,2,56.0%,100,0.57,56.0%,-,-,-,-,-,-,-,-,-,-
1733,Eliminated,10,0,6,3,2,56.0%,100,0.49,56.0%,-,-,-,-,-,-,-,-,-,-
1734,Eliminated,10,5,2,2,4,56.0%,100,2.21,56.0%,-,-,-,-,-,-,-,-,-,-
1735,Eliminated,10,5,10,2,2,56.0%,100,1.88,56.0%,-,-,-,-,-,-,-,-,-,-
1736,Eliminated,10,10,4,1,2,56.0%,100,3.13,56.0%,-,-,-,-,-,-,-,-,-,-
1737,Eliminated,10,10,8,2,2,56.0%,100,2.62,56.0%,-,-,-,-,-,-,-,-,-,-
1738,Eliminated,10,10,10,2,2,56.0%,100,2.22,56.0%,-,-,-,-,-,-,-,-,-,-
1739,Eliminated,10,15,0,1,6,56.0%,100,3.07,56.0%,-,-,-,-,-,-,-,-,-,-
1740,Eliminated,10,15,2,1,4,56.0%,100,2.91,56.0%,-,-,-,-,-,-,-,-,-,-
1741,Eliminated,15,0,0,1,4,56.0%,100,0.54,56.0%,-,-,-,-,-,-,-,-,-,-
1742,Eliminated,15,0,4,3,2,56.0%,100,0.60,56.0%,-,-,-,-,-,-,-,-,-,-
1743,Eliminated,15,0,6,1,2,56.0%,100,0.44,56.0%,-,-,-,-,-,-,-,-,-,-
1744,Eliminated,15,0,8,3,2,56.0%,100,0.56,56.0%,-,-,-,-,-,-,-,-,-,-
1745,Eliminated,15,0,10,1,2,56.0%,100,0.31,56.0%,-,-,-,-,-,-,-,-,-,-
1746,Eliminated,15,10,2,3,4,56.0%,100,3.05,56.0%,-,-,-,-,-,-,-,-,-,-
1747,Eliminated,15,10,6,1,2,56.0%,100,3.19,56.0%,-,-,-,-,-,-,-,-,-,-
1748,Eliminated,15,15,4,1,2,56.0%,100,3.44,56.0%,-,-,-,-,-,-,-,-,-,-
1749,Eliminated,15,20,2,1,4,56.0%,100,2.89,56.0%,-,-,-,-,-,-,-,-,-,-
1750,Eliminated,20,0,4,3,2,56.0%,100,0.53,56.0%,-,-,-,-,-,-,-,-,-,-
1751,Eliminated,20,5,10,2,2,56.0%,100,1.80,56.0%,-,-,-,-,-,-,-,-,-,-
1752,Eliminated,20,15,0,2,6,56.0%,100,2.71,56.0%,-,-,-,-,-,-,-,-,-,-
1753,Eliminated,20,15,2,2,4,56.0%,100,2.68,56.0%,-,-,-,-,-,-,-,-,-,-
1754,Eliminated,0,5,0,2,6,55.0%,100,1.88,55.0%,-,-,-,-,-,-,-,-,-,-
1755,Eliminated,0,5,2,2,4,55.0%,100,1.76,55.0%,-,-,-,-,-,-,-,-,-,-
1756,Eliminated,0,10,4,2,2,55.0%,100,2.09,55.0%,-,-,-,-,-,-,-,-,-,-
1757,Eliminated,0,15,8,1,0,55.0%,100,3.22,55.0%,-,-,-,-,-,-,-,-,-,-
1758,Eliminated,0,20,0,2,8,55.0%,100,2.61,55.0%,-,-,-,-,-,-,-,-,-,-
1759,Eliminated,5,0,0,1,4,55.0%,100,0.42,55.0%,-,-,-,-,-,-,-,-,-,-
1760,Eliminated,5,5,8,2,2,55.0%,100,1.77,55.0%,-,-,-,-,-,-,-,-,-,-
1761,Eliminated,5,10,0,2,8,55.0%,100,2.72,55.0%,-,-,-,-,-,-,-,-,-,-
1762,Eliminated,5,15,6,1,2,55.0%,100,3.59,55.0%,-,-,-,-,-,-,-,-,-,-
1763,Eliminated,10,0,10,2,2,55.0%,100,0.46,55.0%,-,-,-,-,-,-,-,-,-,-
1764,Eliminated,10,5,4,1,2,55.0%,100,2.06,55.0%,-,-,-,-,-,-,-,-,-,-
1765,Eliminated,10,5,6,3,2,55.0%,100,2.05,55.0%,-,-,-,-,-,-,-,-,-,-
1766,Eliminated,10,10,2,1,4,55.0%,100,3.19,55.0%,-,-,-,-,-,-,-,-,-,-
1767,Eliminated,10,15,2,3,4,55.0%,100,2.94,55.0%,-,-,-,-,-,-,-,-,-,-
1768,Eliminated,10,20,8,1,2,55.0%,100,3.55,55.0%,-,-,-,-,-,-,-,-,-,-
1769,Eliminated,20,0,2,2,2,55.0%,100,0.50,55.0%,-,-,-,-,-,-,-,-,-,-
1770,Eliminated,20,0,4,2,2,55.0%,100,0.55,55.0%,-,-,-,-,-,-,-,-,-,-
1771,Eliminated,20,5,4,3,2,55.0%,100,1.85,55.0%,-,-,-,-,-,-,-,-,-,-
1772,Eliminated,20,5,8,1,2,55.0%,100,1.98,55.0%,-,-,-,-,-,-,-,-,-,-
1773,Eliminated,20,10,0,1,6,55.0%,100,2.84,55.0%,-,-,-,-,-,-,-,-,-,-
1774,Eliminated,20,15,10,1,0,55.0%,100,3.55,55.0%,-,-,-,-,-,-,-,-,-,-
1775,Eliminated,20,20,0,2,6,55.0%,100,2.54,55.0%,-,-,-,-,-,-,-,-,-,-
1776,Eliminated,0,5,0,2,8,54.0%,100,1.82,54.0%,-,-,-,-,-,-,-,-,-,-
1777,Eliminated,0,5,10,1,0,54.0%,100,2.60,54.0%,-,-,-,-,-,-,-,-,-,-
1778,Eliminated,0,10,0,1,8,54.0%,100,3.68,54.0%,-,-,-,-,-,-,-,-,-,-
1779,Eliminated,0,10,0,3,8,54.0%,100,2.55,54.0%,-,-,-,-,-,-,-,-,-,-
1780,Eliminated,0,15,0,3,6,54.0%,100,2.55,54.0%,-,-,-,-,-,-,-,-,-,-
1781,Eliminated,0,15,2,2,4,54.0%,100,2.60,54.0%,-,-,-,-,-,-,-,-,-,-
1782,Eliminated,0,15,4,2,2,54.0%,100,2.86,54.0%,-,-,-,-,-,-,-,-,-,-
1783,Eliminated,0,20,2,2,4,54.0%,100,2.59,54.0%,-,-,-,-,-,-,-,-,-,-
1784,Eliminated,5,0,10,2,2,54.0%,100,0.41,54.0%,-,-,-,-,-,-,-,-,-,-
1785,Eliminated,5,5,2,1,2,54.0%,100,2.01,54.0%,-,-,-,-,-,-,-,-,-,-
1786,Eliminated,5,5,4,1,2,54.0%,100,1.96,54.0%,-,-,-,-,-,-,-,-,-,-
1787,Eliminated,5,10,0,3,6,54.0%,100,2.93,54.0%,-,-,-,-,-,-,-,-,-,-
1788,Eliminated,5,10,6,2,2,54.0%,100,2.43,54.0%,-,-,-,-,-,-,-,-,-,-
1789,Eliminated,5,15,8,1,2,54.0%,100,3.37,54.0%,-,-,-,-,-,-,-,-,-,-
1790,Eliminated,5,20,0,1,6,54.0%,100,3.17,54.0%,-,-,-,-,-,-,-,-,-,-
1791,Eliminated,10,10,0,2,6,54.0%,100,2.81,54.0%,-,-,-,-,-,-,-,-,-,-
1792,Eliminated,10,10,0,3,6,54.0%,100,3.05,54.0%,-,-,-,-,-,-,-,-,-,-
1793,Eliminated,10,15,8,3,4,54.0%,100,3.03,54.0%,-,-,-,-,-,-,-,-,-,-
1794,Eliminated,10,20,0,1,6,54.0%,100,2.82,54.0%,-,-,-,-,-,-,-,-,-,-
1795,Eliminated,10,20,6,1,2,54.0%,100,3.26,54.0%,-,-,-,-,-,-,-,-,-,-
1796,Eliminated,15,5,0,2,6,54.0%,100,2.60,54.0%,-,-,-,-,-,-,-,-,-,-
1797,Eliminated,15,5,10,3,2,54.0%,100,1.61,54.0%,-,-,-,-,-,-,-,-,-,-
1798,Eliminated,15,10,6,2,2,54.0%,100,2.59,54.0%,-,-,-,-,-,-,-,-,-,-
1799,Eliminated,15,15,2,1,6,54.0%,100,2.89,54.0%,-,-,-,-,-,-,-,-,-,-
1800,Eliminated,15,15,2,2,4,54.0%,100,2.69,54.0%,-,-,-,-,-,-,-,-,-,-
1801,Eliminated,15,15,6,1,2,54.0%,100,3.39,54.0%,-,-,-,-,-,-,-,-,-,-
1802,Eliminated,15,20,4,1,2,54.0%,100,3.04,54.0%,-,-,-,-,-,-,-,-,-,-
1803,Eliminated,15,20,8,1,2,54.0%,100,3.39,54.0%,-,-,-,-,-,-,-,-,-,-
1804,Eliminated,20,5,0,2,4,54.0%,100,2.17,54.0%,-,-,-,-,-,-,-,-,-,-
1805,Eliminated,20,10,8,2,2,54.0%,100,2.81,54.0%,-,-,-,-,-,-,-,-,-,-
1806,Eliminated,20,20,2,2,2,54.0%,100,2.78,54.0%,-,-,-,-,-,-,-,-,-,-
1807,Eliminated,20,20,4,2,4,54.0%,100,3.13,54.0%,-,-,-,-,-,-,-,-,-,-
1808,Eliminated,0,0,0,2,6,53.0%,100,0.37,53.0%,-,-,-,-,-,-,-,-,-,-
1809,Eliminated,0,5,10,2,0,53.0%,100,2.21,53.0%,-,-,-,-,-,-,-,-,-,-
1810,Eliminated,0,10,2,3,4,53.0%,100,2.44,53.0%,-,-,-,-,-,-,-,-,-,-
1811,Eliminated,0,10,10,2,0,53.0%,100,2.92,53.0%,-,-,-,-,-,-,-,-,-,-
1812,Eliminated,0,15,0,1,8,53.0%,100,4.01,53.0%,-,-,-,-,-,-,-,-,-,-
1813,Eliminated,0,20,0,1,8,53.0%,100,4.11,53.0%,-,-,-,-,-,-,-,-,-,-
1814,Eliminated,0,20,2,1,2,53.0%,100,3.96,53.0%,-,-,-,-,-,-,-,-,-,-
1815,Eliminated,0,20,2,2,6,53.0%,100,2.83,53.0%,-,-,-,-,-,-,-,-,-,-
1816,Eliminated,0,20,8,2,2,53.0%,100,3.02,53.0%,-,-,-,-,-,-,-,-,-,-
1817,Eliminated,5,5,4,2,2,53.0%,100,1.95,53.0%,-,-,-,-,-,-,-,-,-,-
1818,Eliminated,5,10,2,3,4,53.0%,100,2.41,53.0%,-,-,-,-,-,-,-,-,-,-
1819,Eliminated,5,10,10,1,0,53.0%,100,3.89,53.0%,-,-,-,-,-,-,-,-,-,-
1820,Eliminated,5,20,2,1,4,53.0%,100,2.93,53.0%,-,-,-,-,-,-,-,-,-,-
1821,Eliminated,10,5,2,3,2,53.0%,100,1.97,53.0%,-,-,-,-,-,-,-,-,-,-
1822,Eliminated,10,5,6,1,2,53.0%,100,2.20,53.0%,-,-,-,-,-,-,-,-,-,-
1823,Eliminated,10,10,6,1,2,53.0%,100,3.02,53.0%,-,-,-,-,-,-,-,-,-,-
1824,Eliminated,10,10,10,1,0,53.0%,100,3.41,53.0%,-,-,-,-,-,-,-,-,-,-
1825,Eliminated,10,20,6,2,2,53.0%,100,2.74,53.0%,-,-,-,-,-,-,-,-,-,-
1826,Eliminated,15,0,0,2,4,53.0%,100,0.64,53.0%,-,-,-,-,-,-,-,-,-,-
1827,Eliminated,15,0,10,2,2,53.0%,100,0.45,53.0%,-,-,-,-,-,-,-,-,-,-
1828,Eliminated,15,5,6,3,2,53.0%,100,1.83,53.0%,-,-,-,-,-,-,-,-,-,-
1829,Eliminated,15,10,6,3,2,53.0%,100,2.55,53.0%,-,-,-,-,-,-,-,-,-,-
1830,Eliminated,15,20,0,2,6,53.0%,100,2.94,53.0%,-,-,-,-,-,-,-,-,-,-
1831,Eliminated,15,20,2,3,4,53.0%,100,3.05,53.0%,-,-,-,-,-,-,-,-,-,-
1832,Eliminated,15,20,8,2,2,53.0%,100,2.47,53.0%,-,-,-,-,-,-,-,-,-,-
1833,Eliminated,20,0,0,3,4,53.0%,100,0.50,53.0%,-,-,-,-,-,-,-,-,-,-
1834,Eliminated,20,0,10,2,2,53.0%,100,0.31,53.0%,-,-,-,-,-,-,-,-,-,-
1835,Eliminated,20,5,0,1,6,53.0%,100,2.66,53.0%,-,-,-,-,-,-,-,-,-,-
1836,Eliminated,20,5,8,2,2,53.0%,100,1.83,53.0%,-,-,-,-,-,-,-,-,-,-
1837,Eliminated,20,5,10,1,0,53.0%,100,3.00,53.0%,-,-,-,-,-,-,-,-,-,-
1838,Eliminated,20,5,10,3,2,53.0%,100,1.84,53.0%,-,-,-,-,-,-,-,-,-,-
1839,Eliminated,20,10,0,1,8,53.0%,100,2.63,53.0%,-,-,-,-,-,-,-,-,-,-
1840,Eliminated,20,10,2,1,4,53.0%,100,3.12,53.0%,-,-,-,-,-,-,-,-,-,-
1841,Eliminated,20,15,4,2,4,53.0%,100,3.04,53.0%,-,-,-,-,-,-,-,-,-,-
1842,Eliminated,20,20,0,1,6,53.0%,100,2.76,53.0%,-,-,-,-,-,-,-,-,-,-
1843,Eliminated,0,0,4,2,2,52.0%,100,0.20,52.0%,-,-,-,-,-,-,-,-,-,-
1844,Eliminated,0,0,8,3,2,52.0%,100,0.27,52.0%,-,-,-,-,-,-,-,-,-,-
1845,Eliminated,0,5,0,3,8,52.0%,100,2.01,52.0%,-,-,-,-,-,-,-,-,-,-
1846,Eliminated,0,10,0,1,10,52.0%,100,3.58,52.0%,-,-,-,-,-,-,-,-,-,-
1847,Eliminated,0,15,2,3,4,52.0%,100,2.48,52.0%,-,-,-,-,-,-,-,-,-,-
1848,Eliminated,0,20,6,2,2,52.0%,100,3.16,52.0%,-,-,-,-,-,-,-,-,-,-
1849,Eliminated,5,0,0,2,4,52.0%,100,0.40,52.0%,-,-,-,-,-,-,-,-,-,-
1850,Eliminated,5,0,10,1,2,52.0%,100,0.28,52.0%,-,-,-,-,-,-,-,-,-,-
1851,Eliminated,5,5,0,3,6,52.0%,100,2.49,52.0%,-,-,-,-,-,-,-,-,-,-
1852,Eliminated,5,5,10,1,0,52.0%,100,2.93,52.0%,-,-,-,-,-,-,-,-,-,-
1853,Eliminated,5,10,8,1,2,52.0%,100,2.99,52.0%,-,-,-,-,-,-,-,-,-,-
1854,Eliminated,5,15,0,3,6,52.0%,100,3.09,52.0%,-,-,-,-,-,-,-,-,-,-
1855,Eliminated,5,20,2,2,4,52.0%,100,3.06,52.0%,-,-,-,-,-,-,-,-,-,-
1856,Eliminated,10,0,6,1,2,52.0%,100,0.44,52.0%,-,-,-,-,-,-,-,-,-,-
1857,Eliminated,10,5,0,2,6,52.0%,100,2.16,52.0%,-,-,-,-,-,-,-,-,-,-
1858,Eliminated,10,5,10,3,2,52.0%,100,1.71,52.0%,-,-,-,-,-,-,-,-,-,-
1859,Eliminated,10,15,4,3,2,52.0%,100,2.68,52.0%,-,-,-,-,-,-,-,-,-,-
1860,Eliminated,10,20,2,1,4,52.0%,100,3.37,52.0%,-,-,-,-,-,-,-,-,-,-
1861,Eliminated,15,10,10,1,0,52.0%,100,3.37,52.0%,-,-,-,-,-,-,-,-,-,-
1862,Eliminated,15,15,8,1,2,52.0%,100,3.20,52.0%,-,-,-,-,-,-,-,-,-,-
1863,Eliminated,20,0,8,3,2,52.0%,100,0.49,52.0%,-,-,-,-,-,-,-,-,-,-
1864,Eliminated,20,15,0,1,6,52.0%,100,2.45,52.0%,-,-,-,-,-,-,-,-,-,-
1865,Eliminated,20,15,4,1,2,52.0%,100,3.09,52.0%,-,-,-,-,-,-,-,-,-,-
1866,Eliminated,20,15,6,1,2,52.0%,100,3.23,52.0%,-,-,-,-,-,-,-,-,-,-
1867,Eliminated,20,20,8,1,2,52.0%,100,3.53,52.0%,-,-,-,-,-,-,-,-,-,-
1868,Eliminated,0,0,6,3,2,51.0%,100,0.29,51.0%,-,-,-,-,-,-,-,-,-,-
1869,Eliminated,0,0,10,3,2,51.0%,100,0.21,51.0%,-,-,-,-,-,-,-,-,-,-
1870,Eliminated,0,10,0,1,6,51.0%,100,3.63,51.0%,-,-,-,-,-,-,-,-,-,-
1871,Eliminated,0,10,0,2,6,51.0%,100,2.52,51.0%,-,-,-,-,-,-,-,-,-,-
1872,Eliminated,0,10,2,3,6,51.0%,100,2.47,51.0%,-,-,-,-,-,-,-,-,-,-
1873,Eliminated,0,15,6,1,0,51.0%,100,3.28,51.0%,-,-,-,-,-,-,-,-,-,-
1874,Eliminated,0,20,4,1,2,51.0%,100,4.05,51.0%,-,-,-,-,-,-,-,-,-,-
1875,Eliminated,0,20,10,1,0,51.0%,100,3.37,51.0%,-,-,-,-,-,-,-,-,-,-
1876,Eliminated,5,10,2,1,6,51.0%,100,3.18,51.0%,-,-,-,-,-,-,-,-,-,-
1877,Eliminated,5,10,10,1,2,51.0%,100,3.45,51.0%,-,-,-,-,-,-,-,-,-,-
1878,Eliminated,5,15,0,1,6,51.0%,100,3.07,51.0%,-,-,-,-,-,-,-,-,-,-
1879,Eliminated,5,15,2,3,4,51.0%,100,2.93,51.0%,-,-,-,-,-,-,-,-,-,-
1880,Eliminated,5,15,4,3,2,51.0%,100,2.58,51.0%,-,-,-,-,-,-,-,-,-,-
1881,Eliminated,5,20,6,2,2,51.0%,100,2.87,51.0%,-,-,-,-,-,-,-,-,-,-
1882,Eliminated,10,5,0,3,4,51.0%,100,2.25,51.0%,-,-,-,-,-,-,-,-,-,-
1883,Eliminated,10,5,0,3,6,51.0%,100,2.47,51.0%,-,-,-,-,-,-,-,-,-,-
1884,Eliminated,10,5,2,2,2,51.0%,100,2.14,51.0%,-,-,-,-,-,-,-,-,-,-
1885,Eliminated,10,15,0,3,8,51.0%,100,2.70,51.0%,-,-,-,-,-,-,-,-,-,-
1886,Eliminated,10,15,4,1,2,51.0%,100,3.20,51.0%,-,-,-,-,-,-,-,-,-,-
1887,Eliminated,15,5,6,2,2,51.0%,100,1.95,51.0%,-,-,-,-,-,-,-,-,-,-
1888,Eliminated,15,10,2,1,4,51.0%,100,3.15,51.0%,-,-,-,-,-,-,-,-,-,-
1889,Eliminated,15,10,2,2,4,51.0%,100,2.60,51.0%,-,-,-,-,-,-,-,-,-,-
1890,Eliminated,15,10,2,3,2,51.0%,100,2.55,51.0%,-,-,-,-,-,-,-,-,-,-
1891,Eliminated,15,15,2,3,4,51.0%,100,2.83,51.0%,-,-,-,-,-,-,-,-,-,-
1892,Eliminated,15,20,6,1,2,51.0%,100,3.43,51.0%,-,-,-,-,-,-,-,-,-,-
1893,Eliminated,20,0,0,2,4,51.0%,100,0.60,51.0%,-,-,-,-,-,-,-,-,-,-
1894,Eliminated,20,5,2,2,2,51.0%,100,1.93,51.0%,-,-,-,-,-,-,-,-,-,-
1895,Eliminated,20,15,0,3,4,51.0%,100,2.64,51.0%,-,-,-,-,-,-,-,-,-,-
1896,Eliminated,20,15,0,3,6,51.0%,100,2.64,51.0%,-,-,-,-,-,-,-,-,-,-
1897,Eliminated,20,15,6,3,2,51.0%,100,2.60,51.0%,-,-,-,-,-,-,-,-,-,-
1898,Eliminated,20,20,10,2,2,51.0%,100,2.58,51.0%,-,-,-,-,-,-,-,-,-,-
1899,Eliminated,0,0,4,3,2,50.0%,100,0.26,50.0%,-,-,-,-,-,-,-,-,-,-
1900,Eliminated,0,0,8,2,2,50.0%,100,0.33,50.0%,-,-,-,-,-,-,-,-,-,-
1901,Eliminated,0,5,0,1,4,50.0%,100,2.48,50.0%,-,-,-,-,-,-,-,-,-,-
1902,Eliminated,0,5,6,3,2,50.0%,100,1.35,50.0%,-,-,-,-,-,-,-,-,-,-
1903,Eliminated,0,5,8,1,0,50.0%,100,2.17,50.0%,-,-,-,-,-,-,-,-,-,-
1904,Eliminated,0,10,0,3,6,50.0%,100,2.45,50.0%,-,-,-,-,-,-,-,-,-,-
1905,Eliminated,0,20,4,2,2,50.0%,100,2.88,50.0%,-,-,-,-,-,-,-,-,-,-
1906,Eliminated,5,0,4,3,2,50.0%,100,0.32,50.0%,-,-,-,-,-,-,-,-,-,-
1907,Eliminated,5,5,10,2,2,50.0%,100,1.67,50.0%,-,-,-,-,-,-,-,-,-,-
1908,Eliminated,5,10,2,2,4,50.0%,100,2.81,50.0%,-,-,-,-,-,-,-,-,-,-
1909,Eliminated,5,15,6,2,2,50.0%,100,2.96,50.0%,-,-,-,-,-,-,-,-,-,-
1910,Eliminated,10,0,0,1,4,50.0%,100,0.55,50.0%,-,-,-,-,-,-,-,-,-,-
1911,Eliminated,10,10,2,1,2,50.0%,100,3.18,50.0%,-,-,-,-,-,-,-,-,-,-
1912,Eliminated,10,15,6,2,2,50.0%,100,2.47,50.0%,-,-,-,-,-,-,-,-,-,-
1913,Eliminated,10,15,6,3,2,50.0%,100,2.60,50.0%,-,-,-,-,-,-,-,-,-,-
1914,Eliminated,10,20,0,2,6,50.0%,100,2.99,50.0%,-,-,-,-,-,-,-,-,-,-
1915,Eliminated,15,5,4,3,2,50.0%,100,1.92,50.0%,-,-,-,-,-,-,-,-,-,-
1916,Eliminated,15,20,0,2,8,50.0%,100,3.04,50.0%,-,-,-,-,-,-,-,-,-,-
1917,Eliminated,15,20,2,2,4,50.0%,100,3.24,50.0%,-,-,-,-,-,-,-,-,-,-
1918,Eliminated,15,20,10,1,0,50.0%,100,3.45,50.0%,-,-,-,-,-,-,-,-,-,-
1919,Eliminated,15,20,10,2,2,50.0%,100,2.84,50.0%,-,-,-,-,-,-,-,-,-,-
1920,Eliminated,20,0,0,1,4,50.0%,100,0.47,50.0%,-,-,-,-,-,-,-,-,-,-
1921,Eliminated,20,5,2,3,4,50.0%,100,2.26,50.0%,-,-,-,-,-,-,-,-,-,-
1922,Eliminated,20,5,4,2,2,50.0%,100,2.04,50.0%,-,-,-,-,-,-,-,-,-,-
1923,Eliminated,20,5,8,3,2,50.0%,100,1.98,50.0%,-,-,-,-,-,-,-,-,-,-
1924,Eliminated,20,20,4,2,2,50.0%,100,2.52,50.0%,-,-,-,-,-,-,-,-,-,-
1925,Eliminated,0,0,2,1,2,49.0%,100,0.33,49.0%,-,-,-,-,-,-,-,-,-,-
1926,Eliminated,0,5,2,2,2,49.0%,100,1.34,49.0%,-,-,-,-,-,-,-,-,-,-
1927,Eliminated,0,5,4,1,0,49.0%,100,2.15,49.0%,-,-,-,-,-,-,-,-,-,-
1928,Eliminated,0,5,8,3,2,49.0%,100,1.39,49.0%,-,-,-,-,-,-,-,-,-,-
1929,Eliminated,0,15,0,2,6,49.0%,100,2.64,49.0%,-,-,-,-,-,-,-,-,-,-
1930,Eliminated,0,15,4,1,0,49.0%,100,3.09,49.0%,-,-,-,-,-,-,-,-,-,-
1931,Eliminated,0,20,8,3,2,49.0%,100,2.51,49.0%,-,-,-,-,-,-,-,-,-,-
1932,Eliminated,0,20,10,3,2,49.0%,100,2.33,49.0%,-,-,-,-,-,-,-,-,-,-
1933,Eliminated,5,0,2,1,2,49.0%,100,0.57,49.0%,-,-,-,-,-,-,-,-,-,-
1934,Eliminated,5,0,4,2,2,49.0%,100,0.44,49.0%,-,-,-,-,-,-,-,-,-,-
1935,Eliminated,5,0,8,3,2,49.0%,100,0.36,49.0%,-,-,-,-,-,-,-,-,-,-
1936,Eliminated,5,15,0,2,6,49.0%,100,2.81,49.0%,-,-,-,-,-,-,-,-,-,-
1937,Eliminated,5,20,4,1,2,49.0%,100,3.13,49.0%,-,-,-,-,-,-,-,-,-,-
1938,Eliminated,10,5,2,3,4,49.0%,100,2.29,49.0%,-,-,-,-,-,-,-,-,-,-
1939,Eliminated,10,10,0,1,6,49.0%,100,2.94,49.0%,-,-,-,-,-,-,-,-,-,-
1940,Eliminated,10,20,2,1,2,49.0%,100,3.17,49.0%,-,-,-,-,-,-,-,-,-,-
1941,Eliminated,15,5,6,1,2,49.0%,100,2.21,49.0%,-,-,-,-,-,-,-,-,-,-
1942,Eliminated,15,5,8,3,2,49.0%,100,1.92,49.0%,-,-,-,-,-,-,-,-,-,-
1943,Eliminated,15,10,0,1,6,49.0%,100,2.98,49.0%,-,-,-,-,-,-,-,-,-,-
1944,Eliminated,15,10,0,2,6,49.0%,100,2.60,49.0%,-,-,-,-,-,-,-,-,-,-
1945,Eliminated,15,10,8,2,2,49.0%,100,2.52,49.0%,-,-,-,-,-,-,-,-,-,-
1946,Eliminated,15,15,0,2,6,49.0%,100,3.00,49.0%,-,-,-,-,-,-,-,-,-,-
1947,Eliminated,15,15,4,2,2,49.0%,100,2.66,49.0%,-,-,-,-,-,-,-,-,-,-
1948,Eliminated,15,15,10,3,2,49.0%,100,2.89,49.0%,-,-,-,-,-,-,-,-,-,-
1949,Eliminated,20,10,2,2,2,49.0%,100,2.71,49.0%,-,-,-,-,-,-,-,-,-,-
1950,Eliminated,20,15,2,3,4,49.0%,100,2.60,49.0%,-,-,-,-,-,-,-,-,-,-
1951,Eliminated,20,20,2,1,2,49.0%,100,2.98,49.0%,-,-,-,-,-,-,-,-,-,-
1952,Eliminated,0,0,0,3,6,48.0%,100,0.32,48.0%,-,-,-,-,-,-,-,-,-,-
1953,Eliminated,0,5,10,3,2,48.0%,100,1.34,48.0%,-,-,-,-,-,-,-,-,-,-
1954,Eliminated,0,10,0,1,4,48.0%,100,3.28,48.0%,-,-,-,-,-,-,-,-,-,-
1955,Eliminated,0,15,0,1,6,48.0%,100,3.79,48.0%,-,-,-,-,-,-,-,-,-,-
1956,Eliminated,0,15,6,3,2,48.0%,100,2.50,48.0%,-,-,-,-,-,-,-,-,-,-
1957,Eliminated,0,20,0,3,8,48.0%,100,2.54,48.0%,-,-,-,-,-,-,-,-,-,-
1958,Eliminated,5,5,2,3,2,48.0%,100,1.78,48.0%,-,-,-,-,-,-,-,-,-,-
1959,Eliminated,5,5,4,3,2,48.0%,100,2.00,48.0%,-,-,-,-,-,-,-,-,-,-
1960,Eliminated,5,10,0,1,6,48.0%,100,2.92,48.0%,-,-,-,-,-,-,-,-,-,-
1961,Eliminated,5,10,4,1,2,48.0%,100,2.90,48.0%,-,-,-,-,-,-,-,-,-,-
1962,Eliminated,5,10,4,2,2,48.0%,100,2.82,48.0%,-,-,-,-,-,-,-,-,-,-
1963,Eliminated,5,10,10,2,2,48.0%,100,2.45,48.0%,-,-,-,-,-,-,-,-,-,-
1964,Eliminated,5,15,10,3,2,48.0%,100,2.48,48.0%,-,-,-,-,-,-,-,-,-,-
1965,Eliminated,5,20,0,3,6,48.0%,100,3.31,48.0%,-,-,-,-,-,-,-,-,-,-
1966,Eliminated,5,20,2,3,4,48.0%,100,2.51,48.0%,-,-,-,-,-,-,-,-,-,-
1967,Eliminated,5,20,6,1,2,48.0%,100,3.28,48.0%,-,-,-,-,-,-,-,-,-,-
1968,Eliminated,10,0,0,1,2,48.0%,100,0.46,48.0%,-,-,-,-,-,-,-,-,-,-
1969,Eliminated,10,5,8,3,2,48.0%,100,1.74,48.0%,-,-,-,-,-,-,-,-,-,-
1970,Eliminated,10,15,0,2,6,48.0%,100,2.81,48.0%,-,-,-,-,-,-,-,-,-,-
1971,Eliminated,10,15,2,1,2,48.0%,100,3.20,48.0%,-,-,-,-,-,-,-,-,-,-
1972,Eliminated,10,20,4,3,2,48.0%,100,2.74,48.0%,-,-,-,-,-,-,-,-,-,-
1973,Eliminated,15,0,4,2,2,48.0%,100,0.52,48.0%,-,-,-,-,-,-,-,-,-,-
1974,Eliminated,15,5,0,3,6,48.0%,100,2.59,48.0%,-,-,-,-,-,-,-,-,-,-
1975,Eliminated,15,10,0,3,4,48.0%,100,2.69,48.0%,-,-,-,-,-,-,-,-,-,-
1976,Eliminated,15,10,4,2,2,48.0%,100,2.79,48.0%,-,-,-,-,-,-,-,-,-,-
1977,Eliminated,15,10,8,1,2,48.0%,100,3.02,48.0%,-,-,-,-,-,-,-,-,-,-
1978,Eliminated,20,5,0,2,6,48.0%,100,2.66,48.0%,-,-,-,-,-,-,-,-,-,-
1979,Eliminated,20,5,2,3,2,48.0%,100,1.85,48.0%,-,-,-,-,-,-,-,-,-,-
1980,Eliminated,20,10,2,3,2,48.0%,100,2.62,48.0%,-,-,-,-,-,-,-,-,-,-
1981,Eliminated,20,10,6,1,2,48.0%,100,2.68,48.0%,-,-,-,-,-,-,-,-,-,-
1982,Eliminated,20,15,4,2,2,48.0%,100,2.53,48.0%,-,-,-,-,-,-,-,-,-,-
1983,Eliminated,20,15,8,2,2,48.0%,100,2.56,48.0%,-,-,-,-,-,-,-,-,-,-
1984,Eliminated,20,20,10,1,0,48.0%,100,3.36,48.0%,-,-,-,-,-,-,-,-,-,-
1985,Eliminated,0,0,2,3,2,47.0%,100,0.25,47.0%,-,-,-,-,-,-,-,-,-,-
1986,Eliminated,0,5,4,2,2,47.0%,100,1.52,47.0%,-,-,-,-,-,-,-,-,-,-
1987,Eliminated,0,10,6,1,0,47.0%,100,3.30,47.0%,-,-,-,-,-,-,-,-,-,-
1988,Eliminated,0,20,0,1,6,47.0%,100,3.92,47.0%,-,-,-,-,-,-,-,-,-,-
1989,Eliminated,5,10,8,3,2,47.0%,100,2.37,47.0%,-,-,-,-,-,-,-,-,-,-
1990,Eliminated,5,15,10,2,2,47.0%,100,2.70,47.0%,-,-,-,-,-,-,-,-,-,-
1991,Eliminated,5,20,2,1,2,47.0%,100,3.18,47.0%,-,-,-,-,-,-,-,-,-,-
1992,Eliminated,10,5,0,1,4,47.0%,100,2.18,47.0%,-,-,-,-,-,-,-,-,-,-
1993,Eliminated,10,10,4,3,2,47.0%,100,2.73,47.0%,-,-,-,-,-,-,-,-,-,-
1994,Eliminated,10,15,8,2,2,47.0%,100,2.65,47.0%,-,-,-,-,-,-,-,-,-,-
1995,Eliminated,10,20,2,2,4,47.0%,100,3.13,47.0%,-,-,-,-,-,-,-,-,-,-
1996,Eliminated,10,20,6,3,2,47.0%,100,2.84,47.0%,-,-,-,-,-,-,-,-,-,-
1997,Eliminated,15,0,0,3,2,47.0%,100,0.56,47.0%,-,-,-,-,-,-,-,-,-,-
1998,Eliminated,15,10,2,2,2,47.0%,100,2.54,47.0%,-,-,-,-,-,-,-,-,-,-
1999,Eliminated,15,10,4,3,2,47.0%,100,2.38,47.0%,-,-,-,-,-,-,-,-,-,-
2000,Eliminated,15,10,10,3,2,47.0%,100,2.50,47.0%,-,-,-,-,-,-,-,-,-,-
2001,Eliminated,15,15,10,1,0,47.0%,100,3.36,47.0%,-,-,-,-,-,-,-,-,-,-
2002,Eliminated,15,20,0,3,6,47.0%,100,2.72,47.0%,-,-,-,-,-,-,-,-,-,-
2003,Eliminated,15,20,2,1,2,47.0%,100,3.15,47.0%,-,-,-,-,-,-,-,-,-,-
2004,Eliminated,15,20,4,2,2,47.0%,100,2.74,47.0%,-,-,-,-,-,-,-,-,-,-
2005,Eliminated,20,0,0,1,2,47.0%,100,0.47,47.0%,-,-,-,-,-,-,-,-,-,-
2006,Eliminated,20,10,6,2,2,47.0%,100,2.63,47.0%,-,-,-,-,-,-,-,-,-,-
2007,Eliminated,20,20,0,2,4,47.0%,100,2.72,47.0%,-,-,-,-,-,-,-,-,-,-
2008,Eliminated,20,20,0,3,4,47.0%,100,2.77,47.0%,-,-,-,-,-,-,-,-,-,-
2009,Eliminated,20,20,2,2,4,47.0%,100,2.72,47.0%,-,-,-,-,-,-,-,-,-,-
2010,Eliminated,0,5,4,3,2,46.0%,100,1.47,46.0%,-,-,-,-,-,-,-,-,-,-
2011,Eliminated,0,10,8,2,2,46.0%,100,2.30,46.0%,-,-,-,-,-,-,-,-,-,-
2012,Eliminated,0,10,10,3,2,46.0%,100,1.85,46.0%,-,-,-,-,-,-,-,-,-,-
2013,Eliminated,0,20,0,1,4,46.0%,100,4.25,46.0%,-,-,-,-,-,-,-,-,-,-
2014,Eliminated,0,20,0,2,6,46.0%,100,2.20,46.0%,-,-,-,-,-,-,-,-,-,-
2015,Eliminated,0,20,6,1,0,46.0%,100,3.33,46.0%,-,-,-,-,-,-,-,-,-,-
2016,Eliminated,0,20,8,1,0,46.0%,100,3.44,46.0%,-,-,-,-,-,-,-,-,-,-
2017,Eliminated,5,5,6,3,2,46.0%,100,1.73,46.0%,-,-,-,-,-,-,-,-,-,-
2018,Eliminated,5,10,8,2,2,46.0%,100,2.74,46.0%,-,-,-,-,-,-,-,-,-,-
2019,Eliminated,5,20,0,2,4,46.0%,100,2.55,46.0%,-,-,-,-,-,-,-,-,-,-
2020,Eliminated,5,20,0,2,6,46.0%,100,2.82,46.0%,-,-,-,-,-,-,-,-,-,-
2021,Eliminated,5,20,4,3,2,46.0%,100,2.36,46.0%,-,-,-,-,-,-,-,-,-,-
2022,Eliminated,10,0,0,2,4,46.0%,100,0.47,46.0%,-,-,-,-,-,-,-,-,-,-
2023,Eliminated,10,0,0,3,4,46.0%,100,0.68,46.0%,-,-,-,-,-,-,-,-,-,-
2024,Eliminated,10,0,10,3,2,46.0%,100,0.39,46.0%,-,-,-,-,-,-,-,-,-,-
2025,Eliminated,10,10,2,3,4,46.0%,100,2.74,46.0%,-,-,-,-,-,-,-,-,-,-
2026,Eliminated,10,10,6,2,2,46.0%,100,2.71,46.0%,-,-,-,-,-,-,-,-,-,-
2027,Eliminated,10,15,10,3,2,46.0%,100,2.61,46.0%,-,-,-,-,-,-,-,-,-,-
2028,Eliminated,10,20,4,2,2,46.0%,100,2.80,46.0%,-,-,-,-,-,-,-,-,-,-
2029,Eliminated,10,20,8,2,2,46.0%,100,2.61,46.0%,-,-,-,-,-,-,-,-,-,-
2030,Eliminated,15,0,2,2,2,46.0%,100,0.54,46.0%,-,-,-,-,-,-,-,-,-,-
2031,Eliminated,15,5,0,1,4,46.0%,100,2.14,46.0%,-,-,-,-,-,-,-,-,-,-
2032,Eliminated,15,5,0,3,4,46.0%,100,2.20,46.0%,-,-,-,-,-,-,-,-,-,-
2033,Eliminated,15,5,10,1,0,46.0%,100,2.85,46.0%,-,-,-,-,-,-,-,-,-,-
2034,Eliminated,15,20,2,2,2,46.0%,100,2.86,46.0%,-,-,-,-,-,-,-,-,-,-
2035,Eliminated,15,20,8,3,2,46.0%,100,2.67,46.0%,-,-,-,-,-,-,-,-,-,-
2036,Eliminated,20,5,0,1,4,46.0%,100,2.06,46.0%,-,-,-,-,-,-,-,-,-,-
2037,Eliminated,20,5,0,3,4,46.0%,100,2.11,46.0%,-,-,-,-,-,-,-,-,-,-
2038,Eliminated,20,10,4,2,2,46.0%,100,2.64,46.0%,-,-,-,-,-,-,-,-,-,-
2039,Eliminated,20,15,0,1,4,46.0%,100,2.56,46.0%,-,-,-,-,-,-,-,-,-,-
2040,Eliminated,20,15,2,1,2,46.0%,100,2.87,46.0%,-,-,-,-,-,-,-,-,-,-
2041,Eliminated,20,15,6,2,2,46.0%,100,2.76,46.0%,-,-,-,-,-,-,-,-,-,-
2042,Eliminated,20,15,10,3,2,46.0%,100,2.54,46.0%,-,-,-,-,-,-,-,-,-,-
2043,Eliminated,20,20,8,2,2,46.0%,100,2.79,46.0%,-,-,-,-,-,-,-,-,-,-
2044,Eliminated,0,5,0,3,4,45.0%,100,1.56,45.0%,-,-,-,-,-,-,-,-,-,-
2045,Eliminated,0,15,0,1,4,45.0%,100,3.67,45.0%,-,-,-,-,-,-,-,-,-,-
2046,Eliminated,0,15,6,2,2,45.0%,100,3.02,45.0%,-,-,-,-,-,-,-,-,-,-
2047,Eliminated,0,20,0,2,4,45.0%,100,2.18,45.0%,-,-,-,-,-,-,-,-,-,-
2048,Eliminated,5,15,2,1,4,45.0%,100,3.27,45.0%,-,-,-,-,-,-,-,-,-,-
2049,Eliminated,5,15,2,2,4,45.0%,100,2.92,45.0%,-,-,-,-,-,-,-,-,-,-
2050,Eliminated,5,15,6,3,2,45.0%,100,2.58,45.0%,-,-,-,-,-,-,-,-,-,-
2051,Eliminated,10,5,2,1,2,45.0%,100,2.05,45.0%,-,-,-,-,-,-,-,-,-,-
2052,Eliminated,10,5,8,2,2,45.0%,100,1.93,45.0%,-,-,-,-,-,-,-,-,-,-
2053,Eliminated,10,10,2,3,2,45.0%,100,2.72,45.0%,-,-,-,-,-,-,-,-,-,-
2054,Eliminated,10,15,8,3,2,45.0%,100,2.58,45.0%,-,-,-,-,-,-,-,-,-,-
2055,Eliminated,10,15,10,1,0,45.0%,100,3.20,45.0%,-,-,-,-,-,-,-,-,-,-
2056,Eliminated,15,5,2,1,2,45.0%,100,1.95,45.0%,-,-,-,-,-,-,-,-,-,-
2057,Eliminated,15,5,2,2,2,45.0%,100,1.81,45.0%,-,-,-,-,-,-,-,-,-,-
2058,Eliminated,15,5,2,3,2,45.0%,100,1.88,45.0%,-,-,-,-,-,-,-,-,-,-
2059,Eliminated,15,10,2,1,2,45.0%,100,2.85,45.0%,-,-,-,-,-,-,-,-,-,-
2060,Eliminated,15,15,0,1,6,45.0%,100,2.79,45.0%,-,-,-,-,-,-,-,-,-,-
2061,Eliminated,15,15,2,1,2,45.0%,100,3.24,45.0%,-,-,-,-,-,-,-,-,-,-
2062,Eliminated,15,15,8,3,2,45.0%,100,2.43,45.0%,-,-,-,-,-,-,-,-,-,-
2063,Eliminated,15,20,2,3,2,45.0%,100,2.72,45.0%,-,-,-,-,-,-,-,-,-,-
2064,Eliminated,20,5,6,3,2,45.0%,100,1.86,45.0%,-,-,-,-,-,-,-,-,-,-
2065,Eliminated,20,10,0,3,6,45.0%,100,2.72,45.0%,-,-,-,-,-,-,-,-,-,-
2066,Eliminated,20,10,6,3,2,45.0%,100,2.45,45.0%,-,-,-,-,-,-,-,-,-,-
2067,Eliminated,20,10,10,1,0,45.0%,100,3.49,45.0%,-,-,-,-,-,-,-,-,-,-
2068,Eliminated,20,15,10,2,2,45.0%,100,2.57,45.0%,-,-,-,-,-,-,-,-,-,-
2069,Eliminated,0,0,10,2,2,44.0%,100,0.14,44.0%,-,-,-,-,-,-,-,-,-,-
2070,Eliminated,0,5,0,1,2,44.0%,100,2.36,44.0%,-,-,-,-,-,-,-,-,-,-
2071,Eliminated,0,5,0,2,4,44.0%,100,1.83,44.0%,-,-,-,-,-,-,-,-,-,-
2072,Eliminated,0,10,2,2,4,44.0%,100,2.61,44.0%,-,-,-,-,-,-,-,-,-,-
2073,Eliminated,0,10,8,3,2,44.0%,100,2.06,44.0%,-,-,-,-,-,-,-,-,-,-
2074,Eliminated,0,15,10,1,0,44.0%,100,3.40,44.0%,-,-,-,-,-,-,-,-,-,-
2075,Eliminated,0,20,0,3,6,44.0%,100,2.69,44.0%,-,-,-,-,-,-,-,-,-,-
2076,Eliminated,5,0,2,3,2,44.0%,100,0.32,44.0%,-,-,-,-,-,-,-,-,-,-
2077,Eliminated,5,5,6,2,2,44.0%,100,1.73,44.0%,-,-,-,-,-,-,-,-,-,-
2078,Eliminated,5,5,10,3,2,44.0%,100,1.60,44.0%,-,-,-,-,-,-,-,-,-,-
2079,Eliminated,5,15,2,3,2,44.0%,100,2.49,44.0%,-,-,-,-,-,-,-,-,-,-
2080,Eliminated,5,20,0,3,4,44.0%,100,2.58,44.0%,-,-,-,-,-,-,-,-,-,-
2081,Eliminated,10,0,2,1,0,44.0%,100,0.37,44.0%,-,-,-,-,-,-,-,-,-,-
2082,Eliminated,10,5,0,1,2,44.0%,100,1.79,44.0%,-,-,-,-,-,-,-,-,-,-
2083,Eliminated,10,15,10,2,2,44.0%,100,2.54,44.0%,-,-,-,-,-,-,-,-,-,-
2084,Eliminated,10,20,8,3,2,44.0%,100,2.62,44.0%,-,-,-,-,-,-,-,-,-,-
2085,Eliminated,15,15,8,2,2,44.0%,100,2.64,44.0%,-,-,-,-,-,-,-,-,-,-
2086,Eliminated,15,20,6,3,2,44.0%,100,2.55,44.0%,-,-,-,-,-,-,-,-,-,-
2087,Eliminated,20,10,2,1,2,44.0%,100,2.76,44.0%,-,-,-,-,-,-,-,-,-,-
2088,Eliminated,20,10,4,3,2,44.0%,100,2.91,44.0%,-,-,-,-,-,-,-,-,-,-
2089,Eliminated,20,15,4,3,2,44.0%,100,2.64,44.0%,-,-,-,-,-,-,-,-,-,-
2090,Eliminated,20,20,6,3,2,44.0%,100,2.71,44.0%,-,-,-,-,-,-,-,-,-,-
2091,Eliminated,0,0,2,2,2,43.0%,100,0.31,43.0%,-,-,-,-,-,-,-,-,-,-
2092,Eliminated,0,5,0,1,0,43.0%,100,2.43,43.0%,-,-,-,-,-,-,-,-,-,-
2093,Eliminated,0,5,0,3,6,43.0%,100,1.92,43.0%,-,-,-,-,-,-,-,-,-,-
2094,Eliminated,0,5,6,2,2,43.0%,100,1.61,43.0%,-,-,-,-,-,-,-,-,-,-
2095,Eliminated,0,10,0,1,2,43.0%,100,3.47,43.0%,-,-,-,-,-,-,-,-,-,-
2096,Eliminated,0,10,6,2,2,43.0%,100,2.66,43.0%,-,-,-,-,-,-,-,-,-,-
2097,Eliminated,0,15,2,2,2,43.0%,100,2.52,43.0%,-,-,-,-,-,-,-,-,-,-
2098,Eliminated,0,20,4,3,2,43.0%,100,2.48,43.0%,-,-,-,-,-,-,-,-,-,-
2099,Eliminated,5,0,0,3,2,43.0%,100,0.41,43.0%,-,-,-,-,-,-,-,-,-,-
2100,Eliminated,5,5,8,3,2,43.0%,100,1.93,43.0%,-,-,-,-,-,-,-,-,-,-
2101,Eliminated,5,10,2,2,2,43.0%,100,2.75,43.0%,-,-,-,-,-,-,-,-,-,-
2102,Eliminated,5,10,2,3,2,43.0%,100,2.40,43.0%,-,-,-,-,-,-,-,-,-,-
2103,Eliminated,5,15,4,2,2,43.0%,100,2.89,43.0%,-,-,-,-,-,-,-,-,-,-
2104,Eliminated,5,15,8,3,2,43.0%,100,2.56,43.0%,-,-,-,-,-,-,-,-,-,-
2105,Eliminated,5,15,10,1,0,43.0%,100,3.14,43.0%,-,-,-,-,-,-,-,-,-,-
2106,Eliminated,5,20,2,2,2,43.0%,100,2.86,43.0%,-,-,-,-,-,-,-,-,-,-
2107,Eliminated,5,20,2,3,2,43.0%,100,2.68,43.0%,-,-,-,-,-,-,-,-,-,-
2108,Eliminated,5,20,8,2,2,43.0%,100,2.91,43.0%,-,-,-,-,-,-,-,-,-,-
2109,Eliminated,5,20,8,3,2,43.0%,100,2.54,43.0%,-,-,-,-,-,-,-,-,-,-
2110,Eliminated,5,20,10,2,2,43.0%,100,2.34,43.0%,-,-,-,-,-,-,-,-,-,-
2111,Eliminated,10,10,6,3,2,43.0%,100,2.47,43.0%,-,-,-,-,-,-,-,-,-,-
2112,Eliminated,10,15,2,2,2,43.0%,100,2.70,43.0%,-,-,-,-,-,-,-,-,-,-
2113,Eliminated,10,20,0,3,6,43.0%,100,2.84,43.0%,-,-,-,-,-,-,-,-,-,-
2114,Eliminated,15,0,0,1,2,43.0%,100,0.58,43.0%,-,-,-,-,-,-,-,-,-,-
2115,Eliminated,15,15,6,2,2,43.0%,100,2.56,43.0%,-,-,-,-,-,-,-,-,-,-
2116,Eliminated,15,20,0,1,4,43.0%,100,2.50,43.0%,-,-,-,-,-,-,-,-,-,-
2117,Eliminated,20,10,0,2,6,43.0%,100,2.61,43.0%,-,-,-,-,-,-,-,-,-,-
2118,Eliminated,20,10,10,2,2,43.0%,100,2.50,43.0%,-,-,-,-,-,-,-,-,-,-
2119,Eliminated,20,20,8,3,2,43.0%,100,2.57,43.0%,-,-,-,-,-,-,-,-,-,-
2120,Eliminated,0,0,10,1,0,42.0%,100,0.37,42.0%,-,-,-,-,-,-,-,-,-,-
2121,Eliminated,0,10,2,3,2,42.0%,100,1.99,42.0%,-,-,-,-,-,-,-,-,-,-
2122,Eliminated,0,15,4,3,2,42.0%,100,2.21,42.0%,-,-,-,-,-,-,-,-,-,-
2123,Eliminated,5,0,6,3,2,42.0%,100,0.50,42.0%,-,-,-,-,-,-,-,-,-,-
2124,Eliminated,5,5,0,3,4,42.0%,100,2.15,42.0%,-,-,-,-,-,-,-,-,-,-
2125,Eliminated,5,15,2,2,2,42.0%,100,2.73,42.0%,-,-,-,-,-,-,-,-,-,-
2126,Eliminated,5,15,8,2,2,42.0%,100,2.84,42.0%,-,-,-,-,-,-,-,-,-,-
2127,Eliminated,5,20,4,2,2,42.0%,100,2.69,42.0%,-,-,-,-,-,-,-,-,-,-
2128,Eliminated,5,20,10,3,2,42.0%,100,2.37,42.0%,-,-,-,-,-,-,-,-,-,-
2129,Eliminated,10,0,0,2,2,42.0%,100,0.53,42.0%,-,-,-,-,-,-,-,-,-,-
2130,Eliminated,10,15,2,3,2,42.0%,100,2.84,42.0%,-,-,-,-,-,-,-,-,-,-
2131,Eliminated,10,15,4,2,2,42.0%,100,2.89,42.0%,-,-,-,-,-,-,-,-,-,-
2132,Eliminated,10,20,10,1,0,42.0%,100,3.61,42.0%,-,-,-,-,-,-,-,-,-,-
2133,Eliminated,15,15,2,2,2,42.0%,100,2.71,42.0%,-,-,-,-,-,-,-,-,-,-
2134,Eliminated,20,10,8,3,2,42.0%,100,2.53,42.0%,-,-,-,-,-,-,-,-,-,-
2135,Eliminated,20,15,8,3,2,42.0%,100,2.54,42.0%,-,-,-,-,-,-,-,-,-,-
2136,Eliminated,0,0,0,1,4,41.0%,100,0.30,41.0%,-,-,-,-,-,-,-,-,-,-
2137,Eliminated,0,20,0,1,2,41.0%,100,3.70,41.0%,-,-,-,-,-,-,-,-,-,-
2138,Eliminated,5,5,0,2,4,41.0%,100,2.01,41.0%,-,-,-,-,-,-,-,-,-,-
2139,Eliminated,5,10,10,3,2,41.0%,100,2.30,41.0%,-,-,-,-,-,-,-,-,-,-
2140,Eliminated,5,20,6,3,2,41.0%,100,2.65,41.0%,-,-,-,-,-,-,-,-,-,-
2141,Eliminated,5,20,8,1,2,41.0%,100,3.10,41.0%,-,-,-,-,-,-,-,-,-,-
2142,Eliminated,10,0,0,3,0,41.0%,100,0.36,41.0%,-,-,-,-,-,-,-,-,-,-
2143,Eliminated,10,10,0,2,4,41.0%,100,2.40,41.0%,-,-,-,-,-,-,-,-,-,-
2144,Eliminated,10,10,8,3,2,41.0%,100,2.56,41.0%,-,-,-,-,-,-,-,-,-,-
2145,Eliminated,10,15,0,3,4,41.0%,100,3.00,41.0%,-,-,-,-,-,-,-,-,-,-
2146,Eliminated,10,20,0,1,4,41.0%,100,2.63,41.0%,-,-,-,-,-,-,-,-,-,-
2147,Eliminated,10,20,2,3,4,41.0%,100,3.07,41.0%,-,-,-,-,-,-,-,-,-,-
2148,Eliminated,15,0,2,3,0,41.0%,100,0.31,41.0%,-,-,-,-,-,-,-,-,-,-
2149,Eliminated,15,10,10,2,2,41.0%,100,2.52,41.0%,-,-,-,-,-,-,-,-,-,-
2150,Eliminated,15,15,0,2,2,41.0%,100,2.42,41.0%,-,-,-,-,-,-,-,-,-,-
2151,Eliminated,15,20,0,2,4,41.0%,100,2.69,41.0%,-,-,-,-,-,-,-,-,-,-
2152,Eliminated,20,5,2,1,2,41.0%,100,1.90,41.0%,-,-,-,-,-,-,-,-,-,-
2153,Eliminated,20,10,0,1,4,41.0%,100,2.75,41.0%,-,-,-,-,-,-,-,-,-,-
2154,Eliminated,20,20,10,3,2,41.0%,100,2.27,41.0%,-,-,-,-,-,-,-,-,-,-
2155,Eliminated,0,0,0,3,4,40.0%,100,0.35,40.0%,-,-,-,-,-,-,-,-,-,-
2156,Eliminated,0,10,2,2,2,40.0%,100,2.17,40.0%,-,-,-,-,-,-,-,-,-,-
2157,Eliminated,0,15,2,1,0,40.0%,100,3.15,40.0%,-,-,-,-,-,-,-,-,-,-
2158,Eliminated,0,20,2,3,4,40.0%,100,2.65,40.0%,-,-,-,-,-,-,-,-,-,-
2159,Eliminated,5,10,0,2,4,40.0%,100,2.61,40.0%,-,-,-,-,-,-,-,-,-,-
2160,Eliminated,5,10,6,1,2,40.0%,100,2.59,40.0%,-,-,-,-,-,-,-,-,-,-
2161,Eliminated,5,15,4,1,2,40.0%,100,3.14,40.0%,-,-,-,-,-,-,-,-,-,-
2162,Eliminated,5,20,10,1,0,40.0%,100,3.33,40.0%,-,-,-,-,-,-,-,-,-,-
2163,Eliminated,10,0,10,2,0,40.0%,100,0.28,40.0%,-,-,-,-,-,-,-,-,-,-
2164,Eliminated,10,10,0,1,4,40.0%,100,2.48,40.0%,-,-,-,-,-,-,-,-,-,-
2165,Eliminated,10,20,0,2,4,40.0%,100,2.83,40.0%,-,-,-,-,-,-,-,-,-,-
2166,Eliminated,10,20,0,3,4,40.0%,100,2.80,40.0%,-,-,-,-,-,-,-,-,-,-
2167,Eliminated,10,20,2,3,2,40.0%,100,2.88,40.0%,-,-,-,-,-,-,-,-,-,-
2168,Eliminated,15,5,10,2,2,40.0%,100,1.70,40.0%,-,-,-,-,-,-,-,-,-,-
2169,Eliminated,15,15,0,2,4,40.0%,100,2.60,40.0%,-,-,-,-,-,-,-,-,-,-
2170,Eliminated,15,20,6,2,2,40.0%,100,2.77,40.0%,-,-,-,-,-,-,-,-,-,-
2171,Eliminated,20,5,10,2,0,40.0%,100,1.54,40.0%,-,-,-,-,-,-,-,-,-,-
2172,Eliminated,20,15,0,2,4,40.0%,100,2.53,40.0%,-,-,-,-,-,-,-,-,-,-
2173,Eliminated,20,15,2,2,2,40.0%,100,2.68,40.0%,-,-,-,-,-,-,-,-,-,-
2174,Eliminated,20,20,6,2,2,40.0%,100,2.66,40.0%,-,-,-,-,-,-,-,-,-,-
2175,Eliminated,0,10,4,3,2,39.0%,100,2.07,39.0%,-,-,-,-,-,-,-,-,-,-
2176,Eliminated,5,10,4,3,2,39.0%,100,2.50,39.0%,-,-,-,-,-,-,-,-,-,-
2177,Eliminated,10,5,0,2,2,39.0%,100,1.86,39.0%,-,-,-,-,-,-,-,-,-,-
2178,Eliminated,10,5,10,3,0,39.0%,100,1.59,39.0%,-,-,-,-,-,-,-,-,-,-
2179,Eliminated,10,15,0,1,4,39.0%,100,2.81,39.0%,-,-,-,-,-,-,-,-,-,-
2180,Eliminated,10,20,10,3,2,39.0%,100,2.41,39.0%,-,-,-,-,-,-,-,-,-,-
2181,Eliminated,15,0,2,1,0,39.0%,100,0.41,39.0%,-,-,-,-,-,-,-,-,-,-
2182,Eliminated,15,15,0,3,4,39.0%,100,2.58,39.0%,-,-,-,-,-,-,-,-,-,-
2183,Eliminated,20,0,0,2,2,39.0%,100,0.42,39.0%,-,-,-,-,-,-,-,-,-,-
2184,Eliminated,20,10,0,1,2,39.0%,100,2.15,39.0%,-,-,-,-,-,-,-,-,-,-
2185,Eliminated,20,10,10,3,2,39.0%,100,2.68,39.0%,-,-,-,-,-,-,-,-,-,-
2186,Eliminated,0,5,2,1,0,38.0%,100,2.01,38.0%,-,-,-,-,-,-,-,-,-,-
2187,Eliminated,0,5,6,1,0,38.0%,100,1.95,38.0%,-,-,-,-,-,-,-,-,-,-
2188,Eliminated,0,10,0,2,4,38.0%,100,1.95,38.0%,-,-,-,-,-,-,-,-,-,-
2189,Eliminated,0,10,2,1,0,38.0%,100,2.98,38.0%,-,-,-,-,-,-,-,-,-,-
2190,Eliminated,0,15,0,3,4,38.0%,100,2.13,38.0%,-,-,-,-,-,-,-,-,-,-
2191,Eliminated,0,15,2,3,2,38.0%,100,2.42,38.0%,-,-,-,-,-,-,-,-,-,-
2192,Eliminated,0,20,0,3,4,38.0%,100,2.21,38.0%,-,-,-,-,-,-,-,-,-,-
2193,Eliminated,5,0,2,3,0,38.0%,100,0.27,38.0%,-,-,-,-,-,-,-,-,-,-
2194,Eliminated,5,10,6,3,2,38.0%,100,2.50,38.0%,-,-,-,-,-,-,-,-,-,-
2195,Eliminated,5,15,2,1,2,38.0%,100,3.09,38.0%,-,-,-,-,-,-,-,-,-,-
2196,Eliminated,10,0,8,1,0,38.0%,100,0.36,38.0%,-,-,-,-,-,-,-,-,-,-
2197,Eliminated,10,5,0,3,2,38.0%,100,1.96,38.0%,-,-,-,-,-,-,-,-,-,-
2198,Eliminated,15,10,8,3,2,38.0%,100,2.20,38.0%,-,-,-,-,-,-,-,-,-,-
2199,Eliminated,15,15,10,2,2,38.0%,100,2.67,38.0%,-,-,-,-,-,-,-,-,-,-
2200,Eliminated,15,20,0,3,4,38.0%,100,2.78,38.0%,-,-,-,-,-,-,-,-,-,-
2201,Eliminated,15,20,4,3,2,38.0%,100,2.56,38.0%,-,-,-,-,-,-,-,-,-,-
2202,Eliminated,20,15,2,3,2,38.0%,100,2.65,38.0%,-,-,-,-,-,-,-,-,-,-
2203,Eliminated,0,15,0,2,4,37.0%,100,2.26,37.0%,-,-,-,-,-,-,-,-,-,-
2204,Eliminated,0,15,8,3,2,37.0%,100,2.43,37.0%,-,-,-,-,-,-,-,-,-,-
2205,Eliminated,0,20,2,3,2,37.0%,100,2.24,37.0%,-,-,-,-,-,-,-,-,-,-
2206,Eliminated,5,10,0,3,4,37.0%,100,2.79,37.0%,-,-,-,-,-,-,-,-,-,-
2207,Eliminated,10,0,0,1,0,37.0%,100,0.30,37.0%,-,-,-,-,-,-,-,-,-,-
2208,Eliminated,10,0,6,1,0,37.0%,100,0.29,37.0%,-,-,-,-,-,-,-,-,-,-
2209,Eliminated,10,5,0,2,4,37.0%,100,2.28,37.0%,-,-,-,-,-,-,-,-,-,-
2210,Eliminated,10,10,0,3,4,37.0%,100,2.58,37.0%,-,-,-,-,-,-,-,-,-,-
2211,Eliminated,10,20,2,2,2,37.0%,100,2.78,37.0%,-,-,-,-,-,-,-,-,-,-
2212,Eliminated,15,5,0,2,2,37.0%,100,1.90,37.0%,-,-,-,-,-,-,-,-,-,-
2213,Eliminated,15,10,0,2,4,37.0%,100,2.58,37.0%,-,-,-,-,-,-,-,-,-,-
2214,Eliminated,15,15,0,1,4,37.0%,100,2.78,37.0%,-,-,-,-,-,-,-,-,-,-
2215,Eliminated,20,0,0,3,0,37.0%,100,0.36,37.0%,-,-,-,-,-,-,-,-,-,-
2216,Eliminated,20,0,4,1,0,37.0%,100,0.34,37.0%,-,-,-,-,-,-,-,-,-,-
2217,Eliminated,20,20,2,3,2,37.0%,100,2.80,37.0%,-,-,-,-,-,-,-,-,-,-
2218,Eliminated,0,10,6,3,2,36.0%,100,1.93,36.0%,-,-,-,-,-,-,-,-,-,-
2219,Eliminated,0,15,0,1,2,36.0%,100,3.65,36.0%,-,-,-,-,-,-,-,-,-,-
2220,Eliminated,0,15,10,3,2,36.0%,100,1.97,36.0%,-,-,-,-,-,-,-,-,-,-
2221,Eliminated,0,20,0,1,0,36.0%,100,3.35,36.0%,-,-,-,-,-,-,-,-,-,-
2222,Eliminated,5,0,0,1,2,36.0%,100,0.32,36.0%,-,-,-,-,-,-,-,-,-,-
2223,Eliminated,5,10,0,1,4,36.0%,100,2.81,36.0%,-,-,-,-,-,-,-,-,-,-
2224,Eliminated,5,15,0,2,2,36.0%,100,2.37,36.0%,-,-,-,-,-,-,-,-,-,-
2225,Eliminated,10,5,0,2,0,36.0%,100,1.60,36.0%,-,-,-,-,-,-,-,-,-,-
2226,Eliminated,10,10,10,3,2,36.0%,100,2.43,36.0%,-,-,-,-,-,-,-,-,-,-
2227,Eliminated,10,15,0,3,2,36.0%,100,2.38,36.0%,-,-,-,-,-,-,-,-,-,-
2228,Eliminated,15,0,4,1,0,36.0%,100,0.43,36.0%,-,-,-,-,-,-,-,-,-,-
2229,Eliminated,15,5,0,1,2,36.0%,100,1.83,36.0%,-,-,-,-,-,-,-,-,-,-
2230,Eliminated,15,15,2,3,2,36.0%,100,2.78,36.0%,-,-,-,-,-,-,-,-,-,-
2231,Eliminated,15,20,6,2,0,36.0%,100,2.50,36.0%,-,-,-,-,-,-,-,-,-,-
2232,Eliminated,15,20,10,3,2,36.0%,100,2.61,36.0%,-,-,-,-,-,-,-,-,-,-
2233,Eliminated,20,0,2,2,0,36.0%,100,0.28,36.0%,-,-,-,-,-,-,-,-,-,-
2234,Eliminated,20,0,8,1,0,36.0%,100,0.41,36.0%,-,-,-,-,-,-,-,-,-,-
2235,Eliminated,20,5,0,2,2,36.0%,100,1.98,36.0%,-,-,-,-,-,-,-,-,-,-
2236,Eliminated,20,10,0,2,4,36.0%,100,2.79,36.0%,-,-,-,-,-,-,-,-,-,-
2237,Eliminated,20,20,0,1,4,36.0%,100,2.74,36.0%,-,-,-,-,-,-,-,-,-,-
2238,Eliminated,20,20,4,3,2,36.0%,100,2.69,36.0%,-,-,-,-,-,-,-,-,-,-
2239,Eliminated,0,5,2,3,2,35.0%,100,1.27,35.0%,-,-,-,-,-,-,-,-,-,-
2240,Eliminated,5,5,0,3,2,35.0%,100,1.77,35.0%,-,-,-,-,-,-,-,-,-,-
2241,Eliminated,5,20,0,1,4,35.0%,100,3.13,35.0%,-,-,-,-,-,-,-,-,-,-
2242,Eliminated,10,0,2,3,0,35.0%,100,0.28,35.0%,-,-,-,-,-,-,-,-,-,-
2243,Eliminated,10,0,4,1,0,35.0%,100,0.47,35.0%,-,-,-,-,-,-,-,-,-,-
2244,Eliminated,10,0,6,2,0,35.0%,100,0.38,35.0%,-,-,-,-,-,-,-,-,-,-
2245,Eliminated,10,10,0,2,2,35.0%,100,2.36,35.0%,-,-,-,-,-,-,-,-,-,-
2246,Eliminated,10,10,2,2,2,35.0%,100,2.61,35.0%,-,-,-,-,-,-,-,-,-,-
2247,Eliminated,10,15,0,2,4,35.0%,100,2.71,35.0%,-,-,-,-,-,-,-,-,-,-
2248,Eliminated,15,0,0,2,2,35.0%,100,0.49,35.0%,-,-,-,-,-,-,-,-,-,-
2249,Eliminated,15,0,2,2,0,35.0%,100,0.40,35.0%,-,-,-,-,-,-,-,-,-,-
2250,Eliminated,15,0,8,2,0,35.0%,100,0.25,35.0%,-,-,-,-,-,-,-,-,-,-
2251,Eliminated,15,15,4,3,2,35.0%,100,2.61,35.0%,-,-,-,-,-,-,-,-,-,-
2252,Eliminated,15,15,6,3,2,35.0%,100,2.62,35.0%,-,-,-,-,-,-,-,-,-,-
2253,Eliminated,20,0,0,3,2,35.0%,100,0.57,35.0%,-,-,-,-,-,-,-,-,-,-
2254,Eliminated,20,0,2,3,0,35.0%,100,0.33,35.0%,-,-,-,-,-,-,-,-,-,-
2255,Eliminated,20,5,0,3,2,35.0%,100,1.98,35.0%,-,-,-,-,-,-,-,-,-,-
2256,Eliminated,20,10,0,3,4,35.0%,100,2.89,35.0%,-,-,-,-,-,-,-,-,-,-
2257,Eliminated,0,0,6,2,2,34.0%,100,0.25,34.0%,-,-,-,-,-,-,-,-,-,-
2258,Eliminated,0,5,0,2,2,34.0%,100,1.30,34.0%,-,-,-,-,-,-,-,-,-,-
2259,Eliminated,5,5,0,1,4,34.0%,100,2.29,34.0%,-,-,-,-,-,-,-,-,-,-
2260,Eliminated,5,10,2,1,2,34.0%,100,2.68,34.0%,-,-,-,-,-,-,-,-,-,-
2261,Eliminated,5,15,0,2,4,34.0%,100,2.67,34.0%,-,-,-,-,-,-,-,-,-,-
2262,Eliminated,10,0,0,3,2,34.0%,100,0.53,34.0%,-,-,-,-,-,-,-,-,-,-
2263,Eliminated,10,10,4,2,2,34.0%,100,2.48,34.0%,-,-,-,-,-,-,-,-,-,-
2264,Eliminated,15,5,0,3,2,34.0%,100,1.89,34.0%,-,-,-,-,-,-,-,-,-,-
2265,Eliminated,15,10,0,1,2,34.0%,100,2.39,34.0%,-,-,-,-,-,-,-,-,-,-
2266,Eliminated,15,10,0,1,4,34.0%,100,2.65,34.0%,-,-,-,-,-,-,-,-,-,-
2267,Eliminated,20,0,10,1,0,34.0%,100,0.23,34.0%,-,-,-,-,-,-,-,-,-,-
2268,Eliminated,20,5,0,1,2,34.0%,100,1.82,34.0%,-,-,-,-,-,-,-,-,-,-
2269,Eliminated,20,5,2,1,0,34.0%,100,1.56,34.0%,-,-,-,-,-,-,-,-,-,-
2270,Eliminated,0,5,10,3,0,33.0%,100,1.02,33.0%,-,-,-,-,-,-,-,-,-,-
2271,Eliminated,0,10,0,3,4,33.0%,100,2.14,33.0%,-,-,-,-,-,-,-,-,-,-
2272,Eliminated,5,0,0,2,2,33.0%,100,0.38,33.0%,-,-,-,-,-,-,-,-,-,-
2273,Eliminated,5,15,0,1,4,33.0%,100,3.12,33.0%,-,-,-,-,-,-,-,-,-,-
2274,Eliminated,5,15,0,3,2,33.0%,100,2.43,33.0%,-,-,-,-,-,-,-,-,-,-
2275,Eliminated,5,20,0,3,2,33.0%,100,2.52,33.0%,-,-,-,-,-,-,-,-,-,-
2276,Eliminated,10,0,8,3,0,33.0%,100,0.38,33.0%,-,-,-,-,-,-,-,-,-,-
2277,Eliminated,10,5,4,2,0,33.0%,100,1.46,33.0%,-,-,-,-,-,-,-,-,-,-
2278,Eliminated,10,15,0,1,2,33.0%,100,2.51,33.0%,-,-,-,-,-,-,-,-,-,-
2279,Eliminated,10,20,4,1,0,33.0%,100,2.14,33.0%,-,-,-,-,-,-,-,-,-,-
2280,Eliminated,15,0,6,2,0,33.0%,100,0.34,33.0%,-,-,-,-,-,-,-,-,-,-
2281,Eliminated,15,5,2,1,0,33.0%,100,1.45,33.0%,-,-,-,-,-,-,-,-,-,-
2282,Eliminated,20,0,2,1,0,33.0%,100,0.30,33.0%,-,-,-,-,-,-,-,-,-,-
2283,Eliminated,20,0,4,2,0,33.0%,100,0.40,33.0%,-,-,-,-,-,-,-,-,-,-
2284,Eliminated,20,5,6,1,0,33.0%,100,1.74,33.0%,-,-,-,-,-,-,-,-,-,-
2285,Eliminated,20,15,0,1,2,33.0%,100,2.72,33.0%,-,-,-,-,-,-,-,-,-,-
2286,Eliminated,20,15,0,3,2,33.0%,100,2.62,33.0%,-,-,-,-,-,-,-,-,-,-
2287,Eliminated,20,20,0,1,2,33.0%,100,2.26,33.0%,-,-,-,-,-,-,-,-,-,-
2288,Eliminated,20,20,0,2,2,33.0%,100,2.33,33.0%,-,-,-,-,-,-,-,-,-,-
2289,Eliminated,0,0,6,3,0,32.0%,100,0.15,32.0%,-,-,-,-,-,-,-,-,-,-
2290,Eliminated,0,10,0,1,0,32.0%,100,2.58,32.0%,-,-,-,-,-,-,-,-,-,-
2291,Eliminated,0,10,4,1,0,32.0%,100,2.97,32.0%,-,-,-,-,-,-,-,-,-,-
2292,Eliminated,0,15,0,1,0,32.0%,100,3.54,32.0%,-,-,-,-,-,-,-,-,-,-
2293,Eliminated,0,20,2,1,0,32.0%,100,3.33,32.0%,-,-,-,-,-,-,-,-,-,-
2294,Eliminated,5,0,10,1,0,32.0%,100,0.17,32.0%,-,-,-,-,-,-,-,-,-,-
2295,Eliminated,5,5,8,1,0,32.0%,100,1.75,32.0%,-,-,-,-,-,-,-,-,-,-
2296,Eliminated,5,15,0,3,4,32.0%,100,2.54,32.0%,-,-,-,-,-,-,-,-,-,-
2297,Eliminated,10,5,0,1,0,32.0%,100,1.73,32.0%,-,-,-,-,-,-,-,-,-,-
2298,Eliminated,15,0,0,1,0,32.0%,100,0.46,32.0%,-,-,-,-,-,-,-,-,-,-
2299,Eliminated,15,0,0,3,0,32.0%,100,0.26,32.0%,-,-,-,-,-,-,-,-,-,-
2300,Eliminated,15,0,4,3,0,32.0%,100,0.44,32.0%,-,-,-,-,-,-,-,-,-,-
2301,Eliminated,15,10,0,2,2,32.0%,100,2.22,32.0%,-,-,-,-,-,-,-,-,-,-
2302,Eliminated,20,0,0,2,0,32.0%,100,0.32,32.0%,-,-,-,-,-,-,-,-,-,-
2303,Eliminated,20,0,6,3,0,32.0%,100,0.37,32.0%,-,-,-,-,-,-,-,-,-,-
2304,Eliminated,20,5,10,3,0,32.0%,100,1.44,32.0%,-,-,-,-,-,-,-,-,-,-
2305,Eliminated,20,10,0,2,2,32.0%,100,2.60,32.0%,-,-,-,-,-,-,-,-,-,-
2306,Eliminated,0,0,0,2,4,31.0%,100,0.28,31.0%,-,-,-,-,-,-,-,-,-,-
2307,Eliminated,0,0,4,1,0,31.0%,100,0.15,31.0%,-,-,-,-,-,-,-,-,-,-
2308,Eliminated,0,0,6,1,0,31.0%,100,0.12,31.0%,-,-,-,-,-,-,-,-,-,-
2309,Eliminated,0,0,8,1,0,31.0%,100,0.25,31.0%,-,-,-,-,-,-,-,-,-,-
2310,Eliminated,0,10,0,3,2,31.0%,100,1.88,31.0%,-,-,-,-,-,-,-,-,-,-
2311,Eliminated,0,20,4,1,0,31.0%,100,3.05,31.0%,-,-,-,-,-,-,-,-,-,-
2312,Eliminated,5,0,6,3,0,31.0%,100,0.33,31.0%,-,-,-,-,-,-,-,-,-,-
2313,Eliminated,5,0,8,3,0,31.0%,100,0.27,31.0%,-,-,-,-,-,-,-,-,-,-
2314,Eliminated,5,5,0,1,2,31.0%,100,1.83,31.0%,-,-,-,-,-,-,-,-,-,-
2315,Eliminated,5,10,0,2,2,31.0%,100,2.22,31.0%,-,-,-,-,-,-,-,-,-,-
2316,Eliminated,10,5,4,3,0,31.0%,100,1.53,31.0%,-,-,-,-,-,-,-,-,-,-
2317,Eliminated,10,5,6,1,0,31.0%,100,1.64,31.0%,-,-,-,-,-,-,-,-,-,-
2318,Eliminated,10,5,8,2,0,31.0%,100,1.70,31.0%,-,-,-,-,-,-,-,-,-,-
2319,Eliminated,10,15,0,2,2,31.0%,100,2.59,31.0%,-,-,-,-,-,-,-,-,-,-
2320,Eliminated,15,0,8,1,0,31.0%,100,0.34,31.0%,-,-,-,-,-,-,-,-,-,-
2321,Eliminated,15,5,8,1,0,31.0%,100,1.70,31.0%,-,-,-,-,-,-,-,-,-,-
2322,Eliminated,15,10,6,3,0,31.0%,100,1.99,31.0%,-,-,-,-,-,-,-,-,-,-
2323,Eliminated,15,15,8,3,0,31.0%,100,2.33,31.0%,-,-,-,-,-,-,-,-,-,-
2324,Eliminated,20,0,6,1,0,31.0%,100,0.41,31.0%,-,-,-,-,-,-,-,-,-,-
2325,Eliminated,20,0,8,2,0,31.0%,100,0.33,31.0%,-,-,-,-,-,-,-,-,-,-
2326,Eliminated,20,20,0,3,2,31.0%,100,2.63,31.0%,-,-,-,-,-,-,-,-,-,-
2327,Eliminated,0,0,2,1,0,30.0%,100,0.25,30.0%,-,-,-,-,-,-,-,-,-,-
2328,Eliminated,0,0,2,2,0,30.0%,100,0.24,30.0%,-,-,-,-,-,-,-,-,-,-
2329,Eliminated,0,0,8,3,0,30.0%,100,0.18,30.0%,-,-,-,-,-,-,-,-,-,-
2330,Eliminated,0,5,6,2,0,30.0%,100,1.28,30.0%,-,-,-,-,-,-,-,-,-,-
2331,Eliminated,5,0,0,2,0,30.0%,100,0.26,30.0%,-,-,-,-,-,-,-,-,-,-
2332,Eliminated,5,5,4,3,0,30.0%,100,1.40,30.0%,-,-,-,-,-,-,-,-,-,-
2333,Eliminated,5,5,6,1,0,30.0%,100,1.63,30.0%,-,-,-,-,-,-,-,-,-,-
2334,Eliminated,5,5,6,3,0,30.0%,100,1.65,30.0%,-,-,-,-,-,-,-,-,-,-
2335,Eliminated,5,20,6,1,0,30.0%,100,2.20,30.0%,-,-,-,-,-,-,-,-,-,-
2336,Eliminated,10,0,0,2,0,30.0%,100,0.35,30.0%,-,-,-,-,-,-,-,-,-,-
2337,Eliminated,10,0,2,2,0,30.0%,100,0.30,30.0%,-,-,-,-,-,-,-,-,-,-
2338,Eliminated,10,0,8,2,0,30.0%,100,0.26,30.0%,-,-,-,-,-,-,-,-,-,-
2339,Eliminated,10,5,4,1,0,30.0%,100,1.45,30.0%,-,-,-,-,-,-,-,-,-,-
2340,Eliminated,10,15,4,3,0,30.0%,100,2.13,30.0%,-,-,-,-,-,-,-,-,-,-
2341,Eliminated,10,20,0,2,2,30.0%,100,2.50,30.0%,-,-,-,-,-,-,-,-,-,-
2342,Eliminated,15,10,0,3,2,30.0%,100,2.47,30.0%,-,-,-,-,-,-,-,-,-,-
2343,Eliminated,15,15,4,1,0,30.0%,100,2.34,30.0%,-,-,-,-,-,-,-,-,-,-
2344,Eliminated,20,5,4,3,0,30.0%,100,1.76,30.0%,-,-,-,-,-,-,-,-,-,-
2345,Eliminated,20,10,0,1,0,30.0%,100,2.01,30.0%,-,-,-,-,-,-,-,-,-,-
2346,Eliminated,20,10,0,3,2,30.0%,100,2.52,30.0%,-,-,-,-,-,-,-,-,-,-
2347,Eliminated,20,15,0,2,2,30.0%,100,2.54,30.0%,-,-,-,-,-,-,-,-,-,-
2348,Eliminated,20,15,4,2,0,30.0%,100,2.22,30.0%,-,-,-,-,-,-,-,-,-,-
2349,Eliminated,20,20,6,3,0,30.0%,100,2.26,30.0%,-,-,-,-,-,-,-,-,-,-
2350,Eliminated,5,0,4,2,0,29.0%,100,0.34,29.0%,-,-,-,-,-,-,-,-,-,-
2351,Eliminated,5,0,8,2,0,29.0%,100,0.26,29.0%,-,-,-,-,-,-,-,-,-,-
2352,Eliminated,5,0,10,3,0,29.0%,100,0.27,29.0%,-,-,-,-,-,-,-,-,-,-
2353,Eliminated,5,5,0,2,0,29.0%,100,1.50,29.0%,-,-,-,-,-,-,-,-,-,-
2354,Eliminated,5,10,6,3,0,29.0%,100,2.15,29.0%,-,-,-,-,-,-,-,-,-,-
2355,Eliminated,5,20,0,2,0,29.0%,100,2.09,29.0%,-,-,-,-,-,-,-,-,-,-
2356,Eliminated,5,20,8,2,0,29.0%,100,1.97,29.0%,-,-,-,-,-,-,-,-,-,-
2357,Eliminated,10,0,4,2,0,29.0%,100,0.38,29.0%,-,-,-,-,-,-,-,-,-,-
2358,Eliminated,10,0,6,3,0,29.0%,100,0.44,29.0%,-,-,-,-,-,-,-,-,-,-
2359,Eliminated,10,5,6,3,0,29.0%,100,1.62,29.0%,-,-,-,-,-,-,-,-,-,-
2360,Eliminated,10,10,0,3,2,29.0%,100,2.37,29.0%,-,-,-,-,-,-,-,-,-,-
2361,Eliminated,10,10,4,1,0,29.0%,100,1.99,29.0%,-,-,-,-,-,-,-,-,-,-
2362,Eliminated,10,10,8,1,0,29.0%,100,2.34,29.0%,-,-,-,-,-,-,-,-,-,-
2363,Eliminated,10,15,8,1,0,29.0%,100,2.36,29.0%,-,-,-,-,-,-,-,-,-,-
2364,Eliminated,10,20,6,3,0,29.0%,100,2.41,29.0%,-,-,-,-,-,-,-,-,-,-
2365,Eliminated,15,0,0,2,0,29.0%,100,0.38,29.0%,-,-,-,-,-,-,-,-,-,-
2366,Eliminated,15,0,4,2,0,29.0%,100,0.26,29.0%,-,-,-,-,-,-,-,-,-,-
2367,Eliminated,15,0,6,1,0,29.0%,100,0.37,29.0%,-,-,-,-,-,-,-,-,-,-
2368,Eliminated,15,5,2,2,0,29.0%,100,1.57,29.0%,-,-,-,-,-,-,-,-,-,-
2369,Eliminated,15,5,4,3,0,29.0%,100,1.66,29.0%,-,-,-,-,-,-,-,-,-,-
2370,Eliminated,15,5,8,2,0,29.0%,100,1.52,29.0%,-,-,-,-,-,-,-,-,-,-
2371,Eliminated,15,10,6,1,0,29.0%,100,2.12,29.0%,-,-,-,-,-,-,-,-,-,-
2372,Eliminated,15,15,6,1,0,29.0%,100,2.05,29.0%,-,-,-,-,-,-,-,-,-,-
2373,Eliminated,15,20,0,1,2,29.0%,100,2.39,29.0%,-,-,-,-,-,-,-,-,-,-
2374,Eliminated,15,20,0,2,2,29.0%,100,2.50,29.0%,-,-,-,-,-,-,-,-,-,-
2375,Eliminated,15,20,2,1,0,29.0%,100,2.26,29.0%,-,-,-,-,-,-,-,-,-,-
2376,Eliminated,20,0,6,2,0,29.0%,100,0.38,29.0%,-,-,-,-,-,-,-,-,-,-
2377,Eliminated,20,0,8,3,0,29.0%,100,0.47,29.0%,-,-,-,-,-,-,-,-,-,-
2378,Eliminated,20,5,4,1,0,29.0%,100,1.71,29.0%,-,-,-,-,-,-,-,-,-,-
2379,Eliminated,20,5,6,3,0,29.0%,100,1.58,29.0%,-,-,-,-,-,-,-,-,-,-
2380,Eliminated,20,5,8,3,0,29.0%,100,1.52,29.0%,-,-,-,-,-,-,-,-,-,-
2381,Eliminated,0,0,0,2,0,28.0%,100,0.14,28.0%,-,-,-,-,-,-,-,-,-,-
2382,Eliminated,0,5,2,2,0,28.0%,100,1.15,28.0%,-,-,-,-,-,-,-,-,-,-
2383,Eliminated,0,10,0,2,0,28.0%,100,1.75,28.0%,-,-,-,-,-,-,-,-,-,-
2384,Eliminated,0,10,2,2,0,28.0%,100,1.77,28.0%,-,-,-,-,-,-,-,-,-,-
2385,Eliminated,0,10,6,2,0,28.0%,100,1.93,28.0%,-,-,-,-,-,-,-,-,-,-
2386,Eliminated,0,20,6,2,0,28.0%,100,1.84,28.0%,-,-,-,-,-,-,-,-,-,-
2387,Eliminated,0,20,8,3,0,28.0%,100,1.84,28.0%,-,-,-,-,-,-,-,-,-,-
2388,Eliminated,5,0,4,1,0,28.0%,100,0.29,28.0%,-,-,-,-,-,-,-,-,-,-
2389,Eliminated,5,5,8,3,0,28.0%,100,1.50,28.0%,-,-,-,-,-,-,-,-,-,-
2390,Eliminated,5,10,0,3,2,28.0%,100,2.31,28.0%,-,-,-,-,-,-,-,-,-,-
2391,Eliminated,5,15,10,3,0,28.0%,100,1.85,28.0%,-,-,-,-,-,-,-,-,-,-
2392,Eliminated,10,0,4,3,0,28.0%,100,0.36,28.0%,-,-,-,-,-,-,-,-,-,-
2393,Eliminated,10,5,2,3,0,28.0%,100,1.53,28.0%,-,-,-,-,-,-,-,-,-,-
2394,Eliminated,10,10,2,2,0,28.0%,100,2.19,28.0%,-,-,-,-,-,-,-,-,-,-
2395,Eliminated,10,15,10,3,0,28.0%,100,1.94,28.0%,-,-,-,-,-,-,-,-,-,-
2396,Eliminated,10,20,0,3,2,28.0%,100,2.38,28.0%,-,-,-,-,-,-,-,-,-,-
2397,Eliminated,15,0,10,2,0,28.0%,100,0.30,28.0%,-,-,-,-,-,-,-,-,-,-
2398,Eliminated,15,0,10,3,0,28.0%,100,0.30,28.0%,-,-,-,-,-,-,-,-,-,-
2399,Eliminated,15,5,4,2,0,28.0%,100,1.53,28.0%,-,-,-,-,-,-,-,-,-,-
2400,Eliminated,15,5,6,1,0,28.0%,100,1.71,28.0%,-,-,-,-,-,-,-,-,-,-
2401,Eliminated,15,10,10,3,0,28.0%,100,2.24,28.0%,-,-,-,-,-,-,-,-,-,-
2402,Eliminated,15,15,6,2,0,28.0%,100,2.18,28.0%,-,-,-,-,-,-,-,-,-,-
2403,Eliminated,15,15,8,2,0,28.0%,100,2.34,28.0%,-,-,-,-,-,-,-,-,-,-
2404,Eliminated,20,0,10,2,0,28.0%,100,0.26,28.0%,-,-,-,-,-,-,-,-,-,-
2405,Eliminated,20,5,4,2,0,28.0%,100,1.79,28.0%,-,-,-,-,-,-,-,-,-,-
2406,Eliminated,20,15,2,2,0,28.0%,100,2.13,28.0%,-,-,-,-,-,-,-,-,-,-
2407,Eliminated,0,0,0,2,2,27.0%,100,0.22,27.0%,-,-,-,-,-,-,-,-,-,-
2408,Eliminated,0,0,4,3,0,27.0%,100,0.12,27.0%,-,-,-,-,-,-,-,-,-,-
2409,Eliminated,0,15,0,3,2,27.0%,100,2.14,27.0%,-,-,-,-,-,-,-,-,-,-
2410,Eliminated,0,20,0,3,2,27.0%,100,2.18,27.0%,-,-,-,-,-,-,-,-,-,-
2411,Eliminated,5,0,2,1,0,27.0%,100,0.28,27.0%,-,-,-,-,-,-,-,-,-,-
2412,Eliminated,5,0,6,1,0,27.0%,100,0.25,27.0%,-,-,-,-,-,-,-,-,-,-
2413,Eliminated,5,10,8,2,0,27.0%,100,2.15,27.0%,-,-,-,-,-,-,-,-,-,-
2414,Eliminated,5,10,10,3,0,27.0%,100,1.95,27.0%,-,-,-,-,-,-,-,-,-,-
2415,Eliminated,5,15,8,2,0,27.0%,100,1.90,27.0%,-,-,-,-,-,-,-,-,-,-
2416,Eliminated,10,0,10,3,0,27.0%,100,0.30,27.0%,-,-,-,-,-,-,-,-,-,-
2417,Eliminated,10,10,8,2,0,27.0%,100,2.07,27.0%,-,-,-,-,-,-,-,-,-,-
2418,Eliminated,10,20,0,2,0,27.0%,100,2.11,27.0%,-,-,-,-,-,-,-,-,-,-
2419,Eliminated,15,0,6,3,0,27.0%,100,0.32,27.0%,-,-,-,-,-,-,-,-,-,-
2420,Eliminated,15,15,0,1,2,27.0%,100,2.17,27.0%,-,-,-,-,-,-,-,-,-,-
2421,Eliminated,15,20,4,1,0,27.0%,100,2.13,27.0%,-,-,-,-,-,-,-,-,-,-
2422,Eliminated,15,20,8,1,0,27.0%,100,2.35,27.0%,-,-,-,-,-,-,-,-,-,-
2423,Eliminated,20,0,0,1,0,27.0%,100,0.34,27.0%,-,-,-,-,-,-,-,-,-,-
2424,Eliminated,20,5,8,1,0,27.0%,100,1.65,27.0%,-,-,-,-,-,-,-,-,-,-
2425,Eliminated,20,5,8,2,0,27.0%,100,1.54,27.0%,-,-,-,-,-,-,-,-,-,-
2426,Eliminated,20,10,2,1,0,27.0%,100,2.34,27.0%,-,-,-,-,-,-,-,-,-,-
2427,Eliminated,20,10,2,3,0,27.0%,100,1.66,27.0%,-,-,-,-,-,-,-,-,-,-
2428,Eliminated,20,15,8,3,0,27.0%,100,2.19,27.0%,-,-,-,-,-,-,-,-,-,-
2429,Eliminated,20,20,8,3,0,27.0%,100,2.20,27.0%,-,-,-,-,-,-,-,-,-,-
2430,Eliminated,0,0,0,1,2,26.0%,100,0.24,26.0%,-,-,-,-,-,-,-,-,-,-
2431,Eliminated,0,0,8,2,0,26.0%,100,0.11,26.0%,-,-,-,-,-,-,-,-,-,-
2432,Eliminated,0,0,10,2,0,26.0%,100,0.19,26.0%,-,-,-,-,-,-,-,-,-,-
2433,Eliminated,0,0,10,3,0,26.0%,100,0.08,26.0%,-,-,-,-,-,-,-,-,-,-
2434,Eliminated,0,5,4,2,0,26.0%,100,1.23,26.0%,-,-,-,-,-,-,-,-,-,-
2435,Eliminated,0,20,8,2,0,26.0%,100,1.87,26.0%,-,-,-,-,-,-,-,-,-,-
2436,Eliminated,5,0,4,3,0,26.0%,100,0.33,26.0%,-,-,-,-,-,-,-,-,-,-
2437,Eliminated,5,0,10,2,0,26.0%,100,0.17,26.0%,-,-,-,-,-,-,-,-,-,-
2438,Eliminated,5,5,0,2,2,26.0%,100,1.72,26.0%,-,-,-,-,-,-,-,-,-,-
2439,Eliminated,5,5,4,2,0,26.0%,100,1.45,26.0%,-,-,-,-,-,-,-,-,-,-
2440,Eliminated,5,15,6,3,0,26.0%,100,1.95,26.0%,-,-,-,-,-,-,-,-,-,-
2441,Eliminated,5,20,0,1,2,26.0%,100,2.65,26.0%,-,-,-,-,-,-,-,-,-,-
2442,Eliminated,10,5,2,2,0,26.0%,100,1.58,26.0%,-,-,-,-,-,-,-,-,-,-
2443,Eliminated,10,10,0,1,2,26.0%,100,2.44,26.0%,-,-,-,-,-,-,-,-,-,-
2444,Eliminated,10,10,2,3,0,26.0%,100,2.22,26.0%,-,-,-,-,-,-,-,-,-,-
2445,Eliminated,10,10,8,3,0,26.0%,100,2.18,26.0%,-,-,-,-,-,-,-,-,-,-
2446,Eliminated,10,15,0,3,0,26.0%,100,2.10,26.0%,-,-,-,-,-,-,-,-,-,-
2447,Eliminated,10,20,4,2,0,26.0%,100,2.19,26.0%,-,-,-,-,-,-,-,-,-,-
2448,Eliminated,10,20,4,3,0,26.0%,100,2.17,26.0%,-,-,-,-,-,-,-,-,-,-
2449,Eliminated,15,5,4,1,0,26.0%,100,1.55,26.0%,-,-,-,-,-,-,-,-,-,-
2450,Eliminated,15,5,6,2,0,26.0%,100,1.58,26.0%,-,-,-,-,-,-,-,-,-,-
2451,Eliminated,15,5,10,3,0,26.0%,100,1.43,26.0%,-,-,-,-,-,-,-,-,-,-
2452,Eliminated,20,5,2,2,0,26.0%,100,1.55,26.0%,-,-,-,-,-,-,-,-,-,-
2453,Eliminated,20,5,6,2,0,26.0%,100,1.77,26.0%,-,-,-,-,-,-,-,-,-,-
2454,Eliminated,20,15,2,1,0,26.0%,100,2.21,26.0%,-,-,-,-,-,-,-,-,-,-
2455,Eliminated,20,15,4,1,0,26.0%,100,2.31,26.0%,-,-,-,-,-,-,-,-,-,-
2456,Eliminated,20,15,10,3,0,26.0%,100,2.02,26.0%,-,-,-,-,-,-,-,-,-,-
2457,Eliminated,20,20,0,1,0,26.0%,100,2.25,26.0%,-,-,-,-,-,-,-,-,-,-
2458,Eliminated,0,0,0,1,0,25.0%,100,0.11,25.0%,-,-,-,-,-,-,-,-,-,-
2459,Eliminated,0,0,6,2,0,25.0%,100,0.13,25.0%,-,-,-,-,-,-,-,-,-,-
2460,Eliminated,0,5,0,3,2,25.0%,100,1.42,25.0%,-,-,-,-,-,-,-,-,-,-
2461,Eliminated,0,10,0,3,0,25.0%,100,1.78,25.0%,-,-,-,-,-,-,-,-,-,-
2462,Eliminated,0,10,2,3,0,25.0%,100,1.68,25.0%,-,-,-,-,-,-,-,-,-,-
2463,Eliminated,0,10,8,3,0,25.0%,100,1.89,25.0%,-,-,-,-,-,-,-,-,-,-
2464,Eliminated,0,15,4,2,0,25.0%,100,1.98,25.0%,-,-,-,-,-,-,-,-,-,-
2465,Eliminated,0,15,8,2,0,25.0%,100,1.99,25.0%,-,-,-,-,-,-,-,-,-,-
2466,Eliminated,5,5,0,3,0,25.0%,100,1.55,25.0%,-,-,-,-,-,-,-,-,-,-
2467,Eliminated,5,10,6,2,0,25.0%,100,2.01,25.0%,-,-,-,-,-,-,-,-,-,-
2468,Eliminated,5,20,4,3,0,25.0%,100,2.01,25.0%,-,-,-,-,-,-,-,-,-,-
2469,Eliminated,5,20,10,3,0,25.0%,100,1.70,25.0%,-,-,-,-,-,-,-,-,-,-
2470,Eliminated,10,5,0,3,0,25.0%,100,1.59,25.0%,-,-,-,-,-,-,-,-,-,-
2471,Eliminated,10,5,8,1,0,25.0%,100,1.95,25.0%,-,-,-,-,-,-,-,-,-,-
2472,Eliminated,10,5,10,2,0,25.0%,100,1.47,25.0%,-,-,-,-,-,-,-,-,-,-
2473,Eliminated,10,10,2,1,0,25.0%,100,2.05,25.0%,-,-,-,-,-,-,-,-,-,-
2474,Eliminated,10,10,6,2,0,25.0%,100,2.04,25.0%,-,-,-,-,-,-,-,-,-,-
2475,Eliminated,10,15,2,3,0,25.0%,100,2.29,25.0%,-,-,-,-,-,-,-,-,-,-
2476,Eliminated,15,5,0,2,0,25.0%,100,1.61,25.0%,-,-,-,-,-,-,-,-,-,-
2477,Eliminated,15,5,2,3,0,25.0%,100,1.64,25.0%,-,-,-,-,-,-,-,-,-,-
2478,Eliminated,15,10,4,2,0,25.0%,100,2.18,25.0%,-,-,-,-,-,-,-,-,-,-
2479,Eliminated,15,15,0,1,0,25.0%,100,2.31,25.0%,-,-,-,-,-,-,-,-,-,-
2480,Eliminated,15,15,4,2,0,25.0%,100,2.05,25.0%,-,-,-,-,-,-,-,-,-,-
2481,Eliminated,15,15,8,1,0,25.0%,100,2.10,25.0%,-,-,-,-,-,-,-,-,-,-
2482,Eliminated,15,20,0,1,0,25.0%,100,2.23,25.0%,-,-,-,-,-,-,-,-,-,-
2483,Eliminated,15,20,2,3,0,25.0%,100,2.29,25.0%,-,-,-,-,-,-,-,-,-,-
2484,Eliminated,20,5,2,3,0,25.0%,100,1.53,25.0%,-,-,-,-,-,-,-,-,-,-
2485,Eliminated,20,10,6,3,0,25.0%,100,1.87,25.0%,-,-,-,-,-,-,-,-,-,-
2486,Eliminated,20,15,0,3,0,25.0%,100,2.19,25.0%,-,-,-,-,-,-,-,-,-,-
2487,Eliminated,20,15,6,2,0,25.0%,100,2.13,25.0%,-,-,-,-,-,-,-,-,-,-
2488,Eliminated,20,15,6,3,0,25.0%,100,2.01,25.0%,-,-,-,-,-,-,-,-,-,-
2489,Eliminated,20,15,10,2,0,25.0%,100,2.02,25.0%,-,-,-,-,-,-,-,-,-,-
2490,Eliminated,20,20,0,2,0,25.0%,100,2.10,25.0%,-,-,-,-,-,-,-,-,-,-
2491,Eliminated,0,5,8,2,0,24.0%,100,1.28,24.0%,-,-,-,-,-,-,-,-,-,-
2492,Eliminated,0,15,8,3,0,24.0%,100,1.96,24.0%,-,-,-,-,-,-,-,-,-,-
2493,Eliminated,5,0,0,1,0,24.0%,100,0.31,24.0%,-,-,-,-,-,-,-,-,-,-
2494,Eliminated,5,5,0,1,0,24.0%,100,1.55,24.0%,-,-,-,-,-,-,-,-,-,-
2495,Eliminated,5,5,2,2,0,24.0%,100,1.64,24.0%,-,-,-,-,-,-,-,-,-,-
2496,Eliminated,5,5,2,3,0,24.0%,100,1.65,24.0%,-,-,-,-,-,-,-,-,-,-
2497,Eliminated,5,15,0,3,0,24.0%,100,1.98,24.0%,-,-,-,-,-,-,-,-,-,-
2498,Eliminated,5,15,2,3,0,24.0%,100,2.09,24.0%,-,-,-,-,-,-,-,-,-,-
2499,Eliminated,5,15,8,3,0,24.0%,100,1.95,24.0%,-,-,-,-,-,-,-,-,-,-
2500,Eliminated,5,15,10,2,0,24.0%,100,2.02,24.0%,-,-,-,-,-,-,-,-,-,-
2501,Eliminated,5,20,0,2,2,24.0%,100,2.19,24.0%,-,-,-,-,-,-,-,-,-,-
2502,Eliminated,10,15,4,1,0,24.0%,100,2.31,24.0%,-,-,-,-,-,-,-,-,-,-
2503,Eliminated,10,15,6,1,0,24.0%,100,2.03,24.0%,-,-,-,-,-,-,-,-,-,-
2504,Eliminated,10,15,8,2,0,24.0%,100,2.24,24.0%,-,-,-,-,-,-,-,-,-,-
2505,Eliminated,10,20,6,2,0,24.0%,100,2.17,24.0%,-,-,-,-,-,-,-,-,-,-
2506,Eliminated,10,20,10,2,0,24.0%,100,2.07,24.0%,-,-,-,-,-,-,-,-,-,-
2507,Eliminated,15,0,10,1,0,24.0%,100,0.21,24.0%,-,-,-,-,-,-,-,-,-,-
2508,Eliminated,15,5,0,1,0,24.0%,100,1.62,24.0%,-,-,-,-,-,-,-,-,-,-
2509,Eliminated,15,5,6,3,0,24.0%,100,1.66,24.0%,-,-,-,-,-,-,-,-,-,-
2510,Eliminated,15,10,0,1,0,24.0%,100,2.17,24.0%,-,-,-,-,-,-,-,-,-,-
2511,Eliminated,15,10,8,1,0,24.0%,100,2.03,24.0%,-,-,-,-,-,-,-,-,-,-
2512,Eliminated,15,15,0,3,2,24.0%,100,2.38,24.0%,-,-,-,-,-,-,-,-,-,-
2513,Eliminated,15,20,10,2,0,24.0%,100,1.87,24.0%,-,-,-,-,-,-,-,-,-,-
2514,Eliminated,20,5,0,1,0,24.0%,100,1.52,24.0%,-,-,-,-,-,-,-,-,-,-
2515,Eliminated,20,5,0,2,0,24.0%,100,1.55,24.0%,-,-,-,-,-,-,-,-,-,-
2516,Eliminated,20,5,0,3,0,24.0%,100,1.69,24.0%,-,-,-,-,-,-,-,-,-,-
2517,Eliminated,20,10,4,1,0,24.0%,100,2.39,24.0%,-,-,-,-,-,-,-,-,-,-
2518,Eliminated,20,15,8,2,0,24.0%,100,2.18,24.0%,-,-,-,-,-,-,-,-,-,-
2519,Eliminated,20,20,6,1,0,24.0%,100,2.22,24.0%,-,-,-,-,-,-,-,-,-,-
2520,Eliminated,20,20,6,2,0,24.0%,100,2.10,24.0%,-,-,-,-,-,-,-,-,-,-
2521,Eliminated,20,20,8,1,0,24.0%,100,2.41,24.0%,-,-,-,-,-,-,-,-,-,-
2522,Eliminated,20,20,8,2,0,24.0%,100,2.21,24.0%,-,-,-,-,-,-,-,-,-,-
2523,Eliminated,0,0,0,3,0,23.0%,100,0.19,23.0%,-,-,-,-,-,-,-,-,-,-
2524,Eliminated,0,0,2,3,0,23.0%,100,0.10,23.0%,-,-,-,-,-,-,-,-,-,-
2525,Eliminated,0,5,0,3,0,23.0%,100,1.33,23.0%,-,-,-,-,-,-,-,-,-,-
2526,Eliminated,0,5,4,3,0,23.0%,100,1.34,23.0%,-,-,-,-,-,-,-,-,-,-
2527,Eliminated,5,5,4,1,0,23.0%,100,1.57,23.0%,-,-,-,-,-,-,-,-,-,-
2528,Eliminated,5,10,0,1,2,23.0%,100,2.65,23.0%,-,-,-,-,-,-,-,-,-,-
2529,Eliminated,5,10,8,3,0,23.0%,100,2.00,23.0%,-,-,-,-,-,-,-,-,-,-
2530,Eliminated,10,5,6,2,0,23.0%,100,1.63,23.0%,-,-,-,-,-,-,-,-,-,-
2531,Eliminated,10,5,8,3,0,23.0%,100,1.55,23.0%,-,-,-,-,-,-,-,-,-,-
2532,Eliminated,10,15,6,3,0,23.0%,100,2.08,23.0%,-,-,-,-,-,-,-,-,-,-
2533,Eliminated,10,20,0,1,2,23.0%,100,2.32,23.0%,-,-,-,-,-,-,-,-,-,-
2534,Eliminated,15,5,0,3,0,23.0%,100,1.57,23.0%,-,-,-,-,-,-,-,-,-,-
2535,Eliminated,15,5,10,2,0,23.0%,100,1.49,23.0%,-,-,-,-,-,-,-,-,-,-
2536,Eliminated,15,10,2,2,0,23.0%,100,2.07,23.0%,-,-,-,-,-,-,-,-,-,-
2537,Eliminated,15,10,4,1,0,23.0%,100,2.20,23.0%,-,-,-,-,-,-,-,-,-,-
2538,Eliminated,15,10,8,2,0,23.0%,100,2.33,23.0%,-,-,-,-,-,-,-,-,-,-
2539,Eliminated,15,15,2,2,0,23.0%,100,2.04,23.0%,-,-,-,-,-,-,-,-,-,-
2540,Eliminated,15,15,2,3,0,23.0%,100,2.14,23.0%,-,-,-,-,-,-,-,-,-,-
2541,Eliminated,15,20,0,3,0,23.0%,100,2.07,23.0%,-,-,-,-,-,-,-,-,-,-
2542,Eliminated,15,20,8,2,0,23.0%,100,2.28,23.0%,-,-,-,-,-,-,-,-,-,-
2543,Eliminated,20,10,8,2,0,23.0%,100,2.05,23.0%,-,-,-,-,-,-,-,-,-,-
2544,Eliminated,20,20,4,2,0,23.0%,100,2.00,23.0%,-,-,-,-,-,-,-,-,-,-
2545,Eliminated,20,20,10,2,0,23.0%,100,2.03,23.0%,-,-,-,-,-,-,-,-,-,-
2546,Eliminated,0,0,0,3,2,22.0%,100,0.20,22.0%,-,-,-,-,-,-,-,-,-,-
2547,Eliminated,0,5,6,3,0,22.0%,100,1.20,22.0%,-,-,-,-,-,-,-,-,-,-
2548,Eliminated,0,5,8,3,0,22.0%,100,1.31,22.0%,-,-,-,-,-,-,-,-,-,-
2549,Eliminated,0,10,4,3,0,22.0%,100,1.71,22.0%,-,-,-,-,-,-,-,-,-,-
2550,Eliminated,0,10,10,3,0,22.0%,100,1.44,22.0%,-,-,-,-,-,-,-,-,-,-
2551,Eliminated,0,15,0,3,0,22.0%,100,2.05,22.0%,-,-,-,-,-,-,-,-,-,-
2552,Eliminated,0,20,6,3,0,22.0%,100,1.94,22.0%,-,-,-,-,-,-,-,-,-,-
2553,Eliminated,5,0,0,3,0,22.0%,100,0.27,22.0%,-,-,-,-,-,-,-,-,-,-
2554,Eliminated,5,0,6,2,0,22.0%,100,0.26,22.0%,-,-,-,-,-,-,-,-,-,-
2555,Eliminated,5,10,2,3,0,22.0%,100,1.91,22.0%,-,-,-,-,-,-,-,-,-,-
2556,Eliminated,5,10,4,2,0,22.0%,100,1.88,22.0%,-,-,-,-,-,-,-,-,-,-
2557,Eliminated,5,10,10,2,0,22.0%,100,2.03,22.0%,-,-,-,-,-,-,-,-,-,-
2558,Eliminated,5,15,0,2,0,22.0%,100,1.97,22.0%,-,-,-,-,-,-,-,-,-,-
2559,Eliminated,5,15,2,2,0,22.0%,100,1.79,22.0%,-,-,-,-,-,-,-,-,-,-
2560,Eliminated,5,15,6,2,0,22.0%,100,1.93,22.0%,-,-,-,-,-,-,-,-,-,-
2561,Eliminated,5,20,6,3,0,22.0%,100,2.01,22.0%,-,-,-,-,-,-,-,-,-,-
2562,Eliminated,5,20,8,3,0,22.0%,100,2.03,22.0%,-,-,-,-,-,-,-,-,-,-
2563,Eliminated,10,10,0,3,0,22.0%,100,2.08,22.0%,-,-,-,-,-,-,-,-,-,-
2564,Eliminated,10,10,4,3,0,22.0%,100,1.98,22.0%,-,-,-,-,-,-,-,-,-,-
2565,Eliminated,10,10,6,1,0,22.0%,100,2.10,22.0%,-,-,-,-,-,-,-,-,-,-
2566,Eliminated,10,10,10,2,0,22.0%,100,1.98,22.0%,-,-,-,-,-,-,-,-,-,-
2567,Eliminated,10,15,0,1,0,22.0%,100,2.25,22.0%,-,-,-,-,-,-,-,-,-,-
2568,Eliminated,10,20,0,1,0,22.0%,100,2.03,22.0%,-,-,-,-,-,-,-,-,-,-
2569,Eliminated,10,20,0,3,0,22.0%,100,2.25,22.0%,-,-,-,-,-,-,-,-,-,-
2570,Eliminated,10,20,2,1,0,22.0%,100,2.19,22.0%,-,-,-,-,-,-,-,-,-,-
2571,Eliminated,10,20,8,1,0,22.0%,100,2.34,22.0%,-,-,-,-,-,-,-,-,-,-
2572,Eliminated,15,5,8,3,0,22.0%,100,1.59,22.0%,-,-,-,-,-,-,-,-,-,-
2573,Eliminated,15,10,0,3,0,22.0%,100,1.97,22.0%,-,-,-,-,-,-,-,-,-,-
2574,Eliminated,15,10,4,3,0,22.0%,100,2.29,22.0%,-,-,-,-,-,-,-,-,-,-
2575,Eliminated,15,15,10,3,0,22.0%,100,2.09,22.0%,-,-,-,-,-,-,-,-,-,-
2576,Eliminated,15,20,6,1,0,22.0%,100,2.12,22.0%,-,-,-,-,-,-,-,-,-,-
2577,Eliminated,15,20,6,3,0,22.0%,100,2.22,22.0%,-,-,-,-,-,-,-,-,-,-
2578,Eliminated,20,0,10,3,0,22.0%,100,0.27,22.0%,-,-,-,-,-,-,-,-,-,-
2579,Eliminated,20,10,0,2,0,22.0%,100,2.29,22.0%,-,-,-,-,-,-,-,-,-,-
2580,Eliminated,20,10,6,2,0,22.0%,100,1.96,22.0%,-,-,-,-,-,-,-,-,-,-
2581,Eliminated,20,10,10,3,0,22.0%,100,1.97,22.0%,-,-,-,-,-,-,-,-,-,-
2582,Eliminated,20,20,2,2,0,22.0%,100,2.01,22.0%,-,-,-,-,-,-,-,-,-,-
2583,Eliminated,0,0,4,2,0,21.0%,100,0.16,21.0%,-,-,-,-,-,-,-,-,-,-
2584,Eliminated,0,5,0,2,0,21.0%,100,1.16,21.0%,-,-,-,-,-,-,-,-,-,-
2585,Eliminated,0,10,0,2,2,21.0%,100,2.06,21.0%,-,-,-,-,-,-,-,-,-,-
2586,Eliminated,0,10,4,2,0,21.0%,100,1.76,21.0%,-,-,-,-,-,-,-,-,-,-
2587,Eliminated,0,10,6,3,0,21.0%,100,1.72,21.0%,-,-,-,-,-,-,-,-,-,-
2588,Eliminated,0,15,0,2,2,21.0%,100,1.96,21.0%,-,-,-,-,-,-,-,-,-,-
2589,Eliminated,0,15,10,3,0,21.0%,100,1.67,21.0%,-,-,-,-,-,-,-,-,-,-
2590,Eliminated,0,20,0,3,0,21.0%,100,1.83,21.0%,-,-,-,-,-,-,-,-,-,-
2591,Eliminated,5,0,8,1,0,21.0%,100,0.16,21.0%,-,-,-,-,-,-,-,-,-,-
2592,Eliminated,5,5,10,2,0,21.0%,100,1.38,21.0%,-,-,-,-,-,-,-,-,-,-
2593,Eliminated,5,10,4,1,0,21.0%,100,2.16,21.0%,-,-,-,-,-,-,-,-,-,-
2594,Eliminated,5,15,0,1,2,21.0%,100,2.56,21.0%,-,-,-,-,-,-,-,-,-,-
2595,Eliminated,5,15,4,3,0,21.0%,100,2.13,21.0%,-,-,-,-,-,-,-,-,-,-
2596,Eliminated,5,20,0,1,0,21.0%,100,2.27,21.0%,-,-,-,-,-,-,-,-,-,-
2597,Eliminated,5,20,0,3,0,21.0%,100,2.20,21.0%,-,-,-,-,-,-,-,-,-,-
2598,Eliminated,5,20,10,2,0,21.0%,100,1.96,21.0%,-,-,-,-,-,-,-,-,-,-
2599,Eliminated,10,10,10,3,0,21.0%,100,2.04,21.0%,-,-,-,-,-,-,-,-,-,-
2600,Eliminated,15,10,8,3,0,21.0%,100,2.21,21.0%,-,-,-,-,-,-,-,-,-,-
2601,Eliminated,15,15,4,3,0,21.0%,100,2.35,21.0%,-,-,-,-,-,-,-,-,-,-
2602,Eliminated,15,20,0,3,2,21.0%,100,2.47,21.0%,-,-,-,-,-,-,-,-,-,-
2603,Eliminated,20,0,4,3,0,21.0%,100,0.24,21.0%,-,-,-,-,-,-,-,-,-,-
2604,Eliminated,20,10,2,2,0,21.0%,100,2.37,21.0%,-,-,-,-,-,-,-,-,-,-
2605,Eliminated,20,10,4,3,0,21.0%,100,2.24,21.0%,-,-,-,-,-,-,-,-,-,-
2606,Eliminated,20,10,8,1,0,21.0%,100,2.37,21.0%,-,-,-,-,-,-,-,-,-,-
2607,Eliminated,20,10,8,3,0,21.0%,100,2.04,21.0%,-,-,-,-,-,-,-,-,-,-
2608,Eliminated,20,20,0,3,0,21.0%,100,2.45,21.0%,-,-,-,-,-,-,-,-,-,-
2609,Eliminated,20,20,2,3,0,21.0%,100,2.17,21.0%,-,-,-,-,-,-,-,-,-,-
2610,Eliminated,20,20,4,1,0,21.0%,100,2.14,21.0%,-,-,-,-,-,-,-,-,-,-
2611,Eliminated,0,5,2,3,0,20.0%,100,1.17,20.0%,-,-,-,-,-,-,-,-,-,-
2612,Eliminated,0,10,8,2,0,20.0%,100,1.73,20.0%,-,-,-,-,-,-,-,-,-,-
2613,Eliminated,0,15,6,2,0,20.0%,100,1.95,20.0%,-,-,-,-,-,-,-,-,-,-
2614,Eliminated,0,20,4,2,0,20.0%,100,1.83,20.0%,-,-,-,-,-,-,-,-,-,-
2615,Eliminated,5,0,2,2,0,20.0%,100,0.30,20.0%,-,-,-,-,-,-,-,-,-,-
2616,Eliminated,5,5,8,2,0,20.0%,100,1.45,20.0%,-,-,-,-,-,-,-,-,-,-
2617,Eliminated,5,5,10,3,0,20.0%,100,1.31,20.0%,-,-,-,-,-,-,-,-,-,-
2618,Eliminated,5,15,2,1,0,20.0%,100,2.24,20.0%,-,-,-,-,-,-,-,-,-,-
2619,Eliminated,5,20,2,2,0,20.0%,100,1.95,20.0%,-,-,-,-,-,-,-,-,-,-
2620,Eliminated,10,0,10,1,0,20.0%,100,0.23,20.0%,-,-,-,-,-,-,-,-,-,-
2621,Eliminated,10,10,0,1,0,20.0%,100,2.13,20.0%,-,-,-,-,-,-,-,-,-,-
2622,Eliminated,10,10,0,2,0,20.0%,100,1.99,20.0%,-,-,-,-,-,-,-,-,-,-
2623,Eliminated,10,10,4,2,0,20.0%,100,2.21,20.0%,-,-,-,-,-,-,-,-,-,-
2624,Eliminated,10,10,6,3,0,20.0%,100,1.99,20.0%,-,-,-,-,-,-,-,-,-,-
2625,Eliminated,10,15,0,2,0,20.0%,100,2.17,20.0%,-,-,-,-,-,-,-,-,-,-
2626,Eliminated,10,15,8,3,0,20.0%,100,2.11,20.0%,-,-,-,-,-,-,-,-,-,-
2627,Eliminated,15,0,8,3,0,20.0%,100,0.35,20.0%,-,-,-,-,-,-,-,-,-,-
2628,Eliminated,15,10,10,2,0,20.0%,100,1.87,20.0%,-,-,-,-,-,-,-,-,-,-
2629,Eliminated,15,20,2,2,0,20.0%,100,2.15,20.0%,-,-,-,-,-,-,-,-,-,-
2630,Eliminated,20,15,8,1,0,20.0%,100,2.20,20.0%,-,-,-,-,-,-,-,-,-,-
2631,Eliminated,20,20,10,3,0,20.0%,100,1.88,20.0%,-,-,-,-,-,-,-,-,-,-
2632,Eliminated,0,20,0,2,0,19.0%,100,1.95,19.0%,-,-,-,-,-,-,-,-,-,-
2633,Eliminated,5,5,6,2,0,19.0%,100,1.44,19.0%,-,-,-,-,-,-,-,-,-,-
2634,Eliminated,5,15,0,1,0,19.0%,100,2.07,19.0%,-,-,-,-,-,-,-,-,-,-
2635,Eliminated,5,20,8,1,0,19.0%,100,2.43,19.0%,-,-,-,-,-,-,-,-,-,-
2636,Eliminated,10,20,2,3,0,19.0%,100,2.25,19.0%,-,-,-,-,-,-,-,-,-,-
2637,Eliminated,15,10,2,1,0,19.0%,100,2.05,19.0%,-,-,-,-,-,-,-,-,-,-
2638,Eliminated,15,15,0,3,0,19.0%,100,2.03,19.0%,-,-,-,-,-,-,-,-,-,-
2639,Eliminated,15,15,10,2,0,19.0%,100,2.12,19.0%,-,-,-,-,-,-,-,-,-,-
2640,Eliminated,15,20,0,2,0,19.0%,100,2.07,19.0%,-,-,-,-,-,-,-,-,-,-
2641,Eliminated,20,10,0,3,0,19.0%,100,2.24,19.0%,-,-,-,-,-,-,-,-,-,-
2642,Eliminated,20,10,4,2,0,19.0%,100,1.99,19.0%,-,-,-,-,-,-,-,-,-,-
2643,Eliminated,20,15,2,3,0,19.0%,100,2.07,19.0%,-,-,-,-,-,-,-,-,-,-
2644,Eliminated,20,20,4,3,0,19.0%,100,2.08,19.0%,-,-,-,-,-,-,-,-,-,-
2645,Eliminated,0,15,4,3,0,18.0%,100,1.80,18.0%,-,-,-,-,-,-,-,-,-,-
2646,Eliminated,0,15,6,3,0,18.0%,100,1.93,18.0%,-,-,-,-,-,-,-,-,-,-
2647,Eliminated,0,20,0,2,2,18.0%,100,2.20,18.0%,-,-,-,-,-,-,-,-,-,-
2648,Eliminated,0,20,4,3,0,18.0%,100,1.95,18.0%,-,-,-,-,-,-,-,-,-,-
2649,Eliminated,5,5,2,1,0,18.0%,100,1.51,18.0%,-,-,-,-,-,-,-,-,-,-
2650,Eliminated,5,10,0,2,0,18.0%,100,2.27,18.0%,-,-,-,-,-,-,-,-,-,-
2651,Eliminated,5,15,4,2,0,18.0%,100,2.01,18.0%,-,-,-,-,-,-,-,-,-,-
2652,Eliminated,10,5,2,1,0,18.0%,100,1.44,18.0%,-,-,-,-,-,-,-,-,-,-
2653,Eliminated,10,15,2,1,0,18.0%,100,2.21,18.0%,-,-,-,-,-,-,-,-,-,-
2654,Eliminated,10,15,2,2,0,18.0%,100,2.19,18.0%,-,-,-,-,-,-,-,-,-,-
2655,Eliminated,10,15,4,2,0,18.0%,100,2.21,18.0%,-,-,-,-,-,-,-,-,-,-
2656,Eliminated,10,15,10,2,0,18.0%,100,2.05,18.0%,-,-,-,-,-,-,-,-,-,-
2657,Eliminated,10,20,2,2,0,18.0%,100,2.23,18.0%,-,-,-,-,-,-,-,-,-,-
2658,Eliminated,10,20,8,3,0,18.0%,100,1.92,18.0%,-,-,-,-,-,-,-,-,-,-
2659,Eliminated,15,10,6,2,0,18.0%,100,1.95,18.0%,-,-,-,-,-,-,-,-,-,-
2660,Eliminated,15,15,2,1,0,18.0%,100,2.24,18.0%,-,-,-,-,-,-,-,-,-,-
2661,Eliminated,15,20,10,3,0,18.0%,100,2.16,18.0%,-,-,-,-,-,-,-,-,-,-
2662,Eliminated,20,10,10,2,0,18.0%,100,2.22,18.0%,-,-,-,-,-,-,-,-,-,-
2663,Eliminated,20,15,4,3,0,18.0%,100,2.03,18.0%,-,-,-,-,-,-,-,-,-,-
2664,Eliminated,20,15,6,1,0,18.0%,100,2.09,18.0%,-,-,-,-,-,-,-,-,-,-
2665,Eliminated,0,20,2,3,0,17.0%,100,1.74,17.0%,-,-,-,-,-,-,-,-,-,-
2666,Eliminated,0,20,10,3,0,17.0%,100,1.66,17.0%,-,-,-,-,-,-,-,-,-,-
2667,Eliminated,5,10,2,2,0,17.0%,100,1.76,17.0%,-,-,-,-,-,-,-,-,-,-
2668,Eliminated,5,10,4,3,0,17.0%,100,1.93,17.0%,-,-,-,-,-,-,-,-,-,-
2669,Eliminated,5,20,4,2,0,17.0%,100,2.00,17.0%,-,-,-,-,-,-,-,-,-,-
2670,Eliminated,10,15,6,2,0,17.0%,100,2.31,17.0%,-,-,-,-,-,-,-,-,-,-
2671,Eliminated,15,15,0,2,0,17.0%,100,2.21,17.0%,-,-,-,-,-,-,-,-,-,-
2672,Eliminated,15,20,4,2,0,17.0%,100,2.15,17.0%,-,-,-,-,-,-,-,-,-,-
2673,Eliminated,15,20,8,3,0,17.0%,100,2.15,17.0%,-,-,-,-,-,-,-,-,-,-
2674,Eliminated,20,10,6,1,0,17.0%,100,2.15,17.0%,-,-,-,-,-,-,-,-,-,-
2675,Eliminated,20,20,2,1,0,17.0%,100,2.20,17.0%,-,-,-,-,-,-,-,-,-,-
2676,Eliminated,0,15,2,2,0,16.0%,100,1.95,16.0%,-,-,-,-,-,-,-,-,-,-
2677,Eliminated,0,20,2,2,0,16.0%,100,2.00,16.0%,-,-,-,-,-,-,-,-,-,-
2678,Eliminated,5,10,0,3,0,16.0%,100,2.05,16.0%,-,-,-,-,-,-,-,-,-,-
2679,Eliminated,5,15,4,1,0,16.0%,100,2.06,16.0%,-,-,-,-,-,-,-,-,-,-
2680,Eliminated,10,20,8,2,0,16.0%,100,2.21,16.0%,-,-,-,-,-,-,-,-,-,-
2681,Eliminated,10,20,10,3,0,16.0%,100,1.89,16.0%,-,-,-,-,-,-,-,-,-,-
2682,Eliminated,15,10,2,3,0,16.0%,100,2.13,16.0%,-,-,-,-,-,-,-,-,-,-
2683,Eliminated,15,20,4,3,0,16.0%,100,2.13,16.0%,-,-,-,-,-,-,-,-,-,-
2684,Eliminated,5,15,8,1,0,15.0%,100,2.13,15.0%,-,-,-,-,-,-,-,-,-,-
2685,Eliminated,5,20,4,1,0,15.0%,100,2.31,15.0%,-,-,-,-,-,-,-,-,-,-
2686,Eliminated,20,15,0,2,0,15.0%,100,2.39,15.0%,-,-,-,-,-,-,-,-,-,-
2687,Eliminated,0,15,0,2,0,14.0%,100,1.69,14.0%,-,-,-,-,-,-,-,-,-,-
2688,Eliminated,5,10,0,1,0,14.0%,100,2.30,14.0%,-,-,-,-,-,-,-,-,-,-
2689,Eliminated,5,15,6,1,0,14.0%,100,2.21,14.0%,-,-,-,-,-,-,-,-,-,-
2690,Eliminated,5,20,6,2,0,14.0%,100,1.99,14.0%,-,-,-,-,-,-,-,-,-,-
2691,Eliminated,10,20,6,1,0,14.0%,100,2.05,14.0%,-,-,-,-,-,-,-,-,-,-
2692,Eliminated,15,15,6,3,0,14.0%,100,2.18,14.0%,-,-,-,-,-,-,-,-,-,-
2693,Eliminated,5,10,2,1,0,13.0%,100,2.05,13.0%,-,-,-,-,-,-,-,-,-,-
2694,Eliminated,5,10,8,1,0,13.0%,100,2.18,13.0%,-,-,-,-,-,-,-,-,-,-
2695,Eliminated,15,10,0,2,0,13.0%,100,2.17,13.0%,-,-,-,-,-,-,-,-,-,-
2696,Eliminated,20,15,0,1,0,13.0%,100,2.00,13.0%,-,-,-,-,-,-,-,-,-,-
2697,Eliminated,0,15,2,3,0,12.0%,100,1.86,12.0%,-,-,-,-,-,-,-,-,-,-
2698,Eliminated,5,10,6,1,0,12.0%,100,2.09,12.0%,-,-,-,-,-,-,-,-,-,-
2699,Eliminated,5,20,2,1,0,12.0%,100,2.40,12.0%,-,-,-,-,-,-,-,-,-,-
2700,Eliminated,5,20,2,3,0,12.0%,100,2.07,12.0%,-,-,-,-,-,-,-,-,-,-
