Rank,Status,VP,EN,HL,AT,YD,WinRate,GamesPlayed,P1%,P2%,P3%,P4%,P5%,P6%,P7%,P8%,P9%,P10%,P11%
1,Active,15,0,8,2,8,0.0%,0,96.0%,57.0%,58.0%,59.0%,60.5%,59.5%,52.5%,49.0%,50.0%,52.5%,52.0%
2,Eliminated,10,0,10,3,6,48.0%,200,95.5%,68.5%,61.5%,55.0%,58.5%,55.5%,53.5%,51.5%,59.3%,54.0%,48.0%
3,Eliminated,15,0,6,3,6,52.0%,200,98.0%,63.5%,59.5%,59.0%,62.0%,62.5%,56.0%,57.5%,49.0%,52.0%,-
4,Eliminated,10,0,8,2,8,50.5%,200,98.0%,69.5%,58.5%,56.0%,60.0%,51.5%,52.5%,56.5%,57.0%,50.5%,-
5,Eliminated,10,0,8,2,6,41.0%,200,95.5%,62.5%,52.5%,60.5%,65.0%,56.5%,51.5%,51.0%,51.5%,41.0%,-
6,Eliminated,15,0,8,2,6,47.8%,201,97.0%,62.5%,55.0%,55.5%,61.0%,63.0%,52.0%,57.5%,47.8%,-,-
7,Eliminated,15,0,8,3,6,47.0%,200,90.5%,69.0%,59.0%,58.5%,59.0%,58.5%,54.0%,59.0%,47.0%,-,-
8,Eliminated,20,0,6,3,6,47.0%,200,100.0%,54.5%,56.5%,55.5%,58.5%,59.0%,55.5%,50.0%,47.0%,-,-
9,Eliminated,15,0,8,3,10,46.0%,200,98.5%,66.0%,63.0%,56.0%,53.0%,58.0%,50.0%,52.0%,46.0%,-,-
10,Eliminated,10,0,8,2,10,45.5%,200,97.5%,56.5%,50.5%,54.5%,54.5%,51.0%,52.0%,54.5%,45.5%,-,-
11,Eliminated,10,0,10,2,6,47.5%,200,96.0%,63.5%,54.5%,56.0%,53.5%,53.5%,59.0%,47.5%,-,-,-
12,Eliminated,20,0,6,2,6,47.5%,200,95.0%,68.5%,55.0%,59.5%,53.5%,52.5%,56.5%,47.5%,-,-,-
13,Eliminated,10,0,10,2,8,47.0%,200,97.0%,62.0%,61.5%,53.0%,54.5%,59.0%,54.5%,47.0%,-,-,-
14,Eliminated,15,0,6,2,8,47.0%,200,97.5%,61.5%,61.5%,58.5%,59.0%,51.0%,55.5%,47.0%,-,-,-
15,Eliminated,15,0,8,3,8,47.0%,200,97.5%,67.5%,60.5%,52.5%,62.0%,53.5%,51.0%,47.0%,-,-,-
16,Eliminated,20,0,6,1,6,47.0%,200,97.0%,57.0%,58.0%,56.5%,59.0%,55.0%,56.0%,47.0%,-,-,-
17,Eliminated,10,0,6,2,6,46.0%,200,97.5%,61.5%,59.0%,59.5%,57.5%,60.0%,55.0%,46.0%,-,-,-
18,Eliminated,10,0,6,3,8,46.0%,200,96.0%,60.5%,56.5%,58.0%,62.0%,50.5%,53.5%,46.0%,-,-,-
19,Eliminated,15,0,10,3,8,46.0%,200,97.5%,71.5%,62.5%,59.5%,52.0%,50.5%,50.5%,46.0%,-,-,-
20,Eliminated,20,0,10,3,6,46.0%,200,97.0%,69.0%,62.5%,61.0%,62.5%,53.0%,56.5%,46.0%,-,-,-
21,Eliminated,20,0,8,2,8,44.5%,200,99.5%,62.5%,57.5%,54.0%,60.0%,54.5%,51.0%,44.5%,-,-,-
22,Eliminated,20,0,8,2,10,50.0%,200,96.0%,64.0%,57.5%,54.5%,54.5%,54.5%,50.0%,-,-,-,-
23,Eliminated,10,0,6,2,10,49.5%,200,97.0%,61.5%,55.0%,60.0%,58.5%,54.5%,49.5%,-,-,-,-
24,Eliminated,10,0,8,3,8,49.5%,200,95.0%,68.0%,59.5%,60.0%,51.5%,55.0%,49.5%,-,-,-,-
25,Eliminated,5,0,6,3,6,49.0%,200,95.0%,61.5%,56.5%,55.5%,60.0%,52.0%,49.0%,-,-,-,-
26,Eliminated,20,0,10,2,6,49.0%,200,97.5%,55.5%,60.0%,57.5%,57.5%,57.0%,49.0%,-,-,-,-
27,Eliminated,10,0,6,3,10,48.5%,200,97.0%,55.0%,50.5%,54.0%,62.0%,56.0%,48.5%,-,-,-,-
28,Eliminated,15,0,6,1,8,48.5%,200,98.0%,58.5%,57.5%,51.0%,51.5%,53.0%,48.5%,-,-,-,-
29,Eliminated,20,0,8,2,6,48.0%,200,96.0%,71.5%,58.5%,55.0%,55.0%,65.0%,48.0%,-,-,-,-
30,Eliminated,20,0,10,3,8,47.5%,200,95.5%,71.0%,69.0%,56.0%,57.5%,56.5%,47.5%,-,-,-,-
31,Eliminated,10,0,6,2,8,47.0%,200,97.5%,58.0%,52.5%,58.0%,59.0%,57.5%,47.0%,-,-,-,-
32,Eliminated,15,0,6,3,10,47.0%,200,98.5%,66.5%,50.5%,51.0%,60.0%,51.0%,47.0%,-,-,-,-
33,Eliminated,5,0,10,2,8,46.5%,200,94.5%,59.5%,62.0%,57.0%,57.5%,51.0%,46.5%,-,-,-,-
34,Eliminated,15,0,10,3,6,46.5%,200,97.5%,69.5%,59.5%,57.0%,53.5%,61.0%,46.5%,-,-,-,-
35,Eliminated,20,0,8,3,8,46.3%,201,94.5%,71.5%,54.5%,51.0%,58.0%,59.0%,46.3%,-,-,-,-
36,Eliminated,20,0,6,3,8,45.5%,200,95.0%,60.0%,60.5%,54.5%,58.0%,54.0%,45.5%,-,-,-,-
37,Eliminated,20,0,8,3,10,45.2%,199,97.5%,63.0%,51.5%,50.5%,55.5%,53.5%,45.2%,-,-,-,-
38,Eliminated,5,0,8,3,6,43.5%,200,92.0%,64.5%,51.0%,56.5%,63.0%,52.0%,43.5%,-,-,-,-
39,Eliminated,5,0,8,2,8,42.0%,200,97.5%,58.5%,53.0%,56.0%,54.5%,55.5%,42.0%,-,-,-,-
40,Eliminated,5,0,6,3,8,41.0%,200,95.0%,69.5%,54.5%,55.5%,51.0%,55.0%,41.0%,-,-,-,-
41,Eliminated,5,0,10,2,6,41.0%,200,90.5%,61.5%,52.0%,55.5%,53.0%,51.5%,41.0%,-,-,-,-
42,Eliminated,5,0,10,3,6,40.5%,200,93.0%,66.0%,58.5%,58.5%,55.5%,55.5%,40.5%,-,-,-,-
43,Eliminated,10,0,10,3,8,50.0%,200,94.5%,69.0%,65.5%,60.0%,51.0%,50.0%,-,-,-,-,-
44,Eliminated,15,0,10,2,8,49.5%,200,97.5%,66.5%,63.5%,51.0%,51.5%,49.5%,-,-,-,-,-
45,Eliminated,15,5,8,3,6,49.5%,200,90.0%,55.5%,59.5%,60.0%,52.5%,49.5%,-,-,-,-,-
46,Eliminated,20,0,6,1,10,49.5%,200,96.5%,53.5%,54.0%,60.0%,56.5%,49.5%,-,-,-,-,-
47,Eliminated,20,0,6,2,10,49.5%,200,97.5%,61.5%,53.5%,56.5%,52.5%,49.5%,-,-,-,-,-
48,Eliminated,10,5,10,2,6,49.0%,200,92.0%,53.0%,55.5%,58.0%,56.5%,49.0%,-,-,-,-,-
49,Eliminated,15,0,6,1,10,49.0%,200,94.0%,55.0%,51.0%,62.0%,52.5%,49.0%,-,-,-,-,-
50,Eliminated,15,5,10,3,6,49.0%,200,83.0%,64.0%,63.0%,57.5%,55.0%,49.0%,-,-,-,-,-
51,Eliminated,15,0,10,2,6,48.0%,200,96.5%,62.5%,67.5%,60.5%,55.5%,48.0%,-,-,-,-,-
52,Eliminated,20,0,6,3,10,48.0%,200,95.5%,55.5%,57.0%,60.0%,54.5%,48.0%,-,-,-,-,-
53,Eliminated,5,0,6,2,6,47.5%,200,95.5%,63.0%,58.0%,60.0%,59.0%,47.5%,-,-,-,-,-
54,Eliminated,20,0,4,2,4,47.3%,201,92.0%,60.0%,54.5%,52.5%,54.0%,47.3%,-,-,-,-,-
55,Eliminated,0,0,6,2,6,47.0%,200,91.5%,60.5%,58.5%,54.0%,55.0%,47.0%,-,-,-,-,-
56,Eliminated,10,0,8,3,10,47.0%,200,95.0%,66.5%,51.5%,59.0%,58.5%,47.0%,-,-,-,-,-
57,Eliminated,5,0,6,2,10,46.5%,200,94.5%,71.0%,60.0%,57.5%,55.5%,46.5%,-,-,-,-,-
58,Eliminated,10,0,4,2,10,46.5%,200,92.5%,59.0%,56.5%,52.5%,52.0%,46.5%,-,-,-,-,-
59,Eliminated,5,0,8,3,8,46.0%,200,95.0%,54.5%,56.0%,56.0%,56.0%,46.0%,-,-,-,-,-
60,Eliminated,20,0,4,2,10,46.0%,200,96.0%,62.0%,51.0%,57.0%,52.5%,46.0%,-,-,-,-,-
61,Eliminated,15,0,4,2,4,45.5%,200,94.0%,54.5%,52.0%,55.0%,54.0%,45.5%,-,-,-,-,-
62,Eliminated,20,0,4,1,6,45.5%,200,94.5%,55.0%,58.5%,53.5%,51.5%,45.5%,-,-,-,-,-
63,Eliminated,20,5,10,3,6,45.2%,199,87.0%,62.5%,62.5%,56.0%,52.5%,45.2%,-,-,-,-,-
64,Eliminated,15,5,10,2,6,45.0%,200,86.5%,58.5%,53.0%,55.5%,54.0%,45.0%,-,-,-,-,-
65,Eliminated,15,0,10,2,10,44.5%,200,95.0%,55.5%,60.5%,51.5%,53.0%,44.5%,-,-,-,-,-
66,Eliminated,5,0,6,2,8,44.0%,200,93.0%,68.0%,55.0%,55.0%,60.5%,44.0%,-,-,-,-,-
67,Eliminated,10,0,4,1,8,44.0%,200,96.0%,58.5%,55.0%,53.5%,56.0%,44.0%,-,-,-,-,-
68,Eliminated,0,0,10,3,6,43.5%,200,85.0%,67.0%,52.0%,53.0%,53.0%,43.5%,-,-,-,-,-
69,Eliminated,15,0,4,1,8,43.5%,200,94.5%,56.5%,57.5%,51.5%,52.5%,43.5%,-,-,-,-,-
70,Eliminated,15,5,6,2,8,43.5%,200,90.5%,55.5%,50.5%,52.0%,52.0%,43.5%,-,-,-,-,-
71,Eliminated,20,10,8,3,6,43.5%,200,85.5%,59.0%,54.5%,57.5%,52.5%,43.5%,-,-,-,-,-
72,Eliminated,0,0,8,3,6,43.0%,200,91.5%,65.5%,57.0%,54.5%,53.5%,43.0%,-,-,-,-,-
73,Eliminated,15,5,6,2,6,43.0%,200,88.0%,66.5%,55.5%,52.5%,54.0%,43.0%,-,-,-,-,-
74,Eliminated,20,5,6,3,6,43.0%,200,92.5%,59.0%,54.0%,51.5%,52.8%,43.0%,-,-,-,-,-
75,Eliminated,10,5,8,3,6,42.5%,200,89.0%,55.5%,59.5%,54.5%,53.5%,42.5%,-,-,-,-,-
76,Eliminated,0,0,6,3,4,40.5%,200,89.0%,64.5%,54.0%,51.5%,53.0%,40.5%,-,-,-,-,-
77,Eliminated,10,5,6,3,6,40.0%,200,91.0%,63.5%,59.0%,52.5%,55.0%,40.0%,-,-,-,-,-
78,Eliminated,10,5,8,2,8,40.0%,200,87.0%,55.5%,56.0%,50.5%,51.5%,40.0%,-,-,-,-,-
79,Eliminated,5,0,4,2,10,39.5%,200,92.5%,59.5%,53.0%,56.0%,58.0%,39.5%,-,-,-,-,-
80,Eliminated,15,5,10,3,4,39.0%,200,88.0%,59.5%,60.5%,55.0%,55.5%,39.0%,-,-,-,-,-
81,Eliminated,5,5,8,3,8,38.0%,200,93.0%,54.5%,56.5%,54.0%,57.0%,38.0%,-,-,-,-,-
82,Eliminated,20,5,8,3,4,38.0%,200,83.5%,58.0%,53.5%,52.0%,55.0%,38.0%,-,-,-,-,-
83,Eliminated,15,0,4,2,8,37.5%,200,93.0%,58.5%,52.0%,55.5%,51.5%,37.5%,-,-,-,-,-
84,Eliminated,5,0,4,3,10,35.5%,200,92.5%,65.5%,55.5%,60.5%,54.0%,35.5%,-,-,-,-,-
85,Eliminated,20,0,10,2,8,51.0%,200,96.5%,66.5%,58.0%,57.5%,51.0%,-,-,-,-,-,-
86,Eliminated,20,5,8,3,6,51.0%,200,90.0%,58.5%,54.0%,51.5%,51.0%,-,-,-,-,-,-
87,Eliminated,20,10,8,2,6,51.0%,200,88.5%,56.0%,59.0%,51.5%,51.0%,-,-,-,-,-,-
88,Eliminated,15,5,6,2,4,50.5%,200,86.5%,61.0%,55.0%,56.0%,50.5%,-,-,-,-,-,-
89,Eliminated,15,5,8,2,6,50.5%,200,88.0%,60.5%,59.0%,55.5%,50.5%,-,-,-,-,-,-
90,Eliminated,20,0,6,1,8,50.5%,200,97.0%,58.5%,51.5%,55.0%,50.5%,-,-,-,-,-,-
91,Eliminated,0,0,6,3,6,50.0%,200,91.5%,51.5%,57.0%,57.0%,50.0%,-,-,-,-,-,-
92,Eliminated,20,5,8,2,4,50.0%,200,87.0%,61.0%,54.0%,56.0%,50.0%,-,-,-,-,-,-
93,Eliminated,0,0,4,2,4,49.5%,200,83.5%,64.0%,54.0%,59.5%,49.5%,-,-,-,-,-,-
94,Eliminated,10,0,4,2,8,49.5%,200,94.0%,57.5%,54.0%,50.5%,49.5%,-,-,-,-,-,-
95,Eliminated,15,0,4,1,4,49.5%,200,92.5%,54.5%,58.0%,55.5%,49.5%,-,-,-,-,-,-
96,Eliminated,15,0,4,1,6,49.5%,200,94.5%,57.5%,59.0%,53.0%,49.5%,-,-,-,-,-,-
97,Eliminated,20,0,8,1,10,49.5%,200,94.5%,54.5%,51.0%,50.5%,49.5%,-,-,-,-,-,-
98,Eliminated,10,0,10,3,4,49.0%,200,89.0%,58.5%,53.0%,53.0%,49.0%,-,-,-,-,-,-
99,Eliminated,20,0,8,2,4,49.0%,200,92.5%,56.0%,54.0%,53.5%,49.0%,-,-,-,-,-,-
100,Eliminated,20,5,8,2,6,49.0%,200,91.0%,66.5%,57.5%,53.5%,49.0%,-,-,-,-,-,-
101,Eliminated,20,5,10,2,6,48.8%,201,86.0%,58.5%,55.0%,57.5%,48.8%,-,-,-,-,-,-
102,Eliminated,5,0,8,3,10,48.5%,200,96.5%,60.5%,51.5%,56.0%,48.5%,-,-,-,-,-,-
103,Eliminated,10,0,4,2,4,48.5%,200,90.0%,52.0%,57.5%,55.0%,48.5%,-,-,-,-,-,-
104,Eliminated,15,5,10,3,8,48.5%,200,91.0%,60.5%,54.5%,57.0%,48.5%,-,-,-,-,-,-
105,Eliminated,10,0,10,3,10,48.0%,200,96.5%,69.5%,57.5%,52.0%,48.0%,-,-,-,-,-,-
106,Eliminated,10,5,10,3,6,48.0%,200,91.0%,61.5%,56.5%,56.0%,48.0%,-,-,-,-,-,-
107,Eliminated,20,0,4,1,8,48.0%,200,93.5%,53.5%,60.0%,55.5%,48.0%,-,-,-,-,-,-
108,Eliminated,20,0,4,2,8,48.0%,200,91.5%,55.0%,52.5%,52.5%,48.0%,-,-,-,-,-,-
109,Eliminated,0,0,8,3,8,47.5%,200,93.0%,60.5%,54.0%,52.5%,47.5%,-,-,-,-,-,-
110,Eliminated,0,0,10,3,4,47.5%,200,86.5%,65.0%,60.5%,52.0%,47.5%,-,-,-,-,-,-
111,Eliminated,0,5,8,3,4,47.5%,200,85.0%,63.5%,61.0%,50.5%,47.5%,-,-,-,-,-,-
112,Eliminated,20,5,6,3,4,47.5%,200,89.0%,62.5%,52.5%,53.0%,47.5%,-,-,-,-,-,-
113,Eliminated,0,0,4,3,4,47.0%,200,83.5%,59.5%,52.0%,58.0%,47.0%,-,-,-,-,-,-
114,Eliminated,5,0,6,3,10,47.0%,200,97.5%,66.0%,60.0%,52.5%,47.0%,-,-,-,-,-,-
115,Eliminated,15,0,8,2,10,47.0%,200,97.5%,64.0%,51.0%,55.5%,47.0%,-,-,-,-,-,-
116,Eliminated,15,10,8,3,6,47.0%,200,88.5%,58.0%,53.5%,60.0%,47.0%,-,-,-,-,-,-
117,Eliminated,20,0,4,1,4,47.0%,200,91.5%,58.5%,59.0%,57.5%,47.0%,-,-,-,-,-,-
118,Eliminated,0,0,4,2,6,46.5%,200,86.5%,55.0%,56.5%,52.5%,46.5%,-,-,-,-,-,-
119,Eliminated,0,0,6,2,4,46.5%,200,89.0%,65.5%,50.0%,56.0%,46.5%,-,-,-,-,-,-
120,Eliminated,10,0,4,3,6,46.5%,200,94.0%,55.0%,52.0%,54.5%,46.5%,-,-,-,-,-,-
121,Eliminated,15,5,8,3,4,46.5%,200,82.5%,58.5%,51.0%,57.5%,46.5%,-,-,-,-,-,-
122,Eliminated,15,10,6,3,6,46.5%,200,85.5%,52.5%,62.5%,53.0%,46.5%,-,-,-,-,-,-
123,Eliminated,15,15,6,3,6,46.5%,200,83.5%,58.0%,55.5%,50.5%,46.5%,-,-,-,-,-,-
124,Eliminated,15,0,4,2,6,46.0%,200,92.0%,58.0%,53.5%,52.5%,46.0%,-,-,-,-,-,-
125,Eliminated,20,10,6,3,6,46.0%,200,83.0%,54.0%,53.5%,53.5%,46.0%,-,-,-,-,-,-
126,Eliminated,20,10,10,3,6,46.0%,200,86.5%,58.0%,64.0%,54.5%,46.0%,-,-,-,-,-,-
127,Eliminated,15,0,10,3,10,45.5%,200,97.0%,71.5%,64.0%,55.0%,45.5%,-,-,-,-,-,-
128,Eliminated,15,5,8,2,8,45.5%,200,92.0%,53.0%,54.0%,53.0%,45.5%,-,-,-,-,-,-
129,Eliminated,15,10,8,2,6,45.0%,200,86.0%,57.0%,56.5%,57.0%,45.0%,-,-,-,-,-,-
130,Eliminated,5,5,10,3,6,44.5%,200,89.5%,64.5%,65.5%,53.0%,44.5%,-,-,-,-,-,-
131,Eliminated,10,5,8,2,4,44.5%,200,90.5%,59.0%,53.5%,55.5%,44.5%,-,-,-,-,-,-
132,Eliminated,0,0,8,3,2,44.0%,200,78.0%,54.0%,51.5%,52.5%,44.0%,-,-,-,-,-,-
133,Eliminated,0,0,8,3,4,44.0%,200,86.5%,62.5%,53.5%,59.5%,44.0%,-,-,-,-,-,-
134,Eliminated,20,10,8,2,8,44.0%,200,92.0%,58.5%,51.0%,53.5%,44.0%,-,-,-,-,-,-
135,Eliminated,20,10,8,3,8,43.5%,200,87.5%,53.0%,52.0%,54.0%,43.5%,-,-,-,-,-,-
136,Eliminated,5,5,6,3,4,43.0%,200,84.5%,57.5%,51.0%,53.0%,43.0%,-,-,-,-,-,-
137,Eliminated,15,10,6,2,6,43.0%,200,87.5%,58.5%,59.0%,50.5%,43.0%,-,-,-,-,-,-
138,Eliminated,5,0,4,2,6,42.5%,200,88.5%,62.5%,56.5%,57.0%,42.5%,-,-,-,-,-,-
139,Eliminated,5,5,8,3,6,42.5%,200,85.5%,63.0%,59.0%,54.0%,42.5%,-,-,-,-,-,-
140,Eliminated,15,20,6,3,6,42.5%,200,89.0%,57.5%,64.0%,52.5%,42.5%,-,-,-,-,-,-
141,Eliminated,10,0,4,1,10,42.0%,200,93.0%,56.5%,58.0%,53.0%,42.0%,-,-,-,-,-,-
142,Eliminated,15,10,10,3,6,42.0%,200,80.0%,64.5%,54.0%,56.0%,42.0%,-,-,-,-,-,-
143,Eliminated,20,10,10,2,4,42.0%,200,80.5%,60.5%,51.5%,54.0%,42.0%,-,-,-,-,-,-
144,Eliminated,20,15,6,2,8,42.0%,200,83.0%,53.5%,58.0%,53.0%,42.0%,-,-,-,-,-,-
145,Eliminated,5,10,6,3,6,41.5%,200,83.0%,61.0%,60.5%,52.5%,41.5%,-,-,-,-,-,-
146,Eliminated,10,10,6,3,4,41.5%,200,81.0%,54.0%,50.5%,53.5%,41.5%,-,-,-,-,-,-
147,Eliminated,10,5,8,3,4,40.5%,200,84.5%,56.5%,57.5%,55.0%,40.5%,-,-,-,-,-,-
148,Eliminated,10,5,10,2,4,40.0%,200,89.0%,57.0%,57.0%,52.0%,40.0%,-,-,-,-,-,-
149,Eliminated,15,10,10,2,8,40.0%,200,90.5%,52.5%,54.0%,53.0%,40.0%,-,-,-,-,-,-
150,Eliminated,5,5,8,3,4,39.0%,200,85.0%,51.5%,58.5%,54.5%,39.0%,-,-,-,-,-,-
151,Eliminated,5,10,8,3,10,39.0%,200,88.5%,56.5%,51.5%,55.0%,39.0%,-,-,-,-,-,-
152,Eliminated,5,10,10,3,6,39.0%,200,84.0%,59.0%,53.5%,50.0%,39.0%,-,-,-,-,-,-
153,Eliminated,10,10,8,2,6,39.0%,200,86.5%,53.0%,53.0%,56.0%,39.0%,-,-,-,-,-,-
154,Eliminated,10,10,8,3,6,39.0%,200,86.5%,53.5%,56.0%,61.0%,39.0%,-,-,-,-,-,-
155,Eliminated,5,5,6,2,6,38.5%,200,86.0%,53.0%,51.5%,52.0%,38.5%,-,-,-,-,-,-
156,Eliminated,10,10,6,3,6,38.5%,200,83.5%,51.0%,52.5%,52.0%,38.5%,-,-,-,-,-,-
157,Eliminated,15,15,8,2,6,38.5%,200,82.5%,57.0%,52.0%,50.5%,38.5%,-,-,-,-,-,-
158,Eliminated,0,5,8,3,2,38.0%,200,74.0%,54.0%,53.0%,51.0%,38.0%,-,-,-,-,-,-
159,Eliminated,5,0,0,2,10,37.5%,200,87.5%,56.0%,52.5%,52.5%,37.5%,-,-,-,-,-,-
160,Eliminated,10,15,8,3,6,37.5%,200,84.5%,55.5%,60.5%,57.0%,37.5%,-,-,-,-,-,-
161,Eliminated,15,15,10,2,8,37.5%,200,84.0%,52.5%,55.0%,55.0%,37.5%,-,-,-,-,-,-
162,Eliminated,10,10,10,3,6,37.0%,200,82.0%,57.0%,52.0%,55.0%,37.0%,-,-,-,-,-,-
163,Eliminated,5,15,6,3,6,36.0%,200,76.0%,58.0%,53.0%,51.0%,36.0%,-,-,-,-,-,-
164,Eliminated,5,0,0,1,8,35.5%,200,82.0%,56.0%,52.5%,50.0%,35.5%,-,-,-,-,-,-
165,Eliminated,0,10,6,3,4,34.5%,200,71.5%,60.5%,51.5%,50.0%,34.5%,-,-,-,-,-,-
166,Eliminated,20,20,8,3,10,33.0%,200,88.5%,57.5%,54.0%,52.3%,33.0%,-,-,-,-,-,-
167,Eliminated,10,15,6,3,8,30.0%,200,84.5%,57.0%,54.0%,50.5%,30.0%,-,-,-,-,-,-
168,Eliminated,15,15,6,3,10,29.0%,200,86.5%,56.5%,59.0%,52.0%,29.0%,-,-,-,-,-,-
169,Eliminated,10,0,10,2,10,50.0%,200,95.0%,65.5%,61.5%,50.0%,-,-,-,-,-,-,-
170,Eliminated,10,5,8,3,8,50.0%,200,91.0%,55.5%,53.5%,50.0%,-,-,-,-,-,-,-
171,Eliminated,10,5,10,3,4,50.0%,200,84.5%,57.5%,52.5%,50.0%,-,-,-,-,-,-,-
172,Eliminated,10,15,4,3,4,50.0%,200,80.5%,56.5%,54.0%,50.0%,-,-,-,-,-,-,-
173,Eliminated,15,10,6,2,8,50.0%,200,85.5%,56.5%,54.5%,50.0%,-,-,-,-,-,-,-
174,Eliminated,20,0,4,3,10,50.0%,200,96.0%,55.5%,51.5%,50.0%,-,-,-,-,-,-,-
175,Eliminated,20,0,8,1,6,50.0%,200,95.5%,61.0%,57.5%,50.0%,-,-,-,-,-,-,-
176,Eliminated,20,20,6,2,6,50.0%,200,85.0%,57.5%,51.5%,50.0%,-,-,-,-,-,-,-
177,Eliminated,0,5,6,3,2,49.5%,200,81.5%,60.5%,58.0%,49.5%,-,-,-,-,-,-,-
178,Eliminated,5,0,2,1,8,49.5%,200,84.0%,62.0%,54.0%,49.5%,-,-,-,-,-,-,-
179,Eliminated,5,0,10,3,8,49.5%,200,95.0%,67.0%,54.0%,49.5%,-,-,-,-,-,-,-
180,Eliminated,10,15,8,3,8,49.5%,200,87.5%,61.0%,54.5%,49.5%,-,-,-,-,-,-,-
181,Eliminated,15,5,8,2,4,49.5%,200,87.5%,58.5%,52.5%,49.5%,-,-,-,-,-,-,-
182,Eliminated,20,0,2,1,10,49.5%,200,85.0%,53.5%,54.5%,49.5%,-,-,-,-,-,-,-
183,Eliminated,20,20,8,3,8,49.5%,200,89.5%,51.5%,56.0%,49.5%,-,-,-,-,-,-,-
184,Eliminated,5,0,2,2,10,49.3%,201,89.5%,56.5%,51.0%,49.3%,-,-,-,-,-,-,-
185,Eliminated,0,5,8,3,6,49.0%,200,90.5%,60.0%,57.0%,49.0%,-,-,-,-,-,-,-
186,Eliminated,5,20,6,3,4,49.0%,200,73.0%,51.5%,55.0%,49.0%,-,-,-,-,-,-,-
187,Eliminated,10,5,6,2,4,49.0%,200,81.5%,63.5%,52.5%,49.0%,-,-,-,-,-,-,-
188,Eliminated,10,5,10,3,8,49.0%,200,91.5%,65.5%,51.0%,49.0%,-,-,-,-,-,-,-
189,Eliminated,10,10,4,3,6,49.0%,200,83.0%,59.5%,53.0%,49.0%,-,-,-,-,-,-,-
190,Eliminated,15,0,6,2,10,49.0%,200,96.5%,60.5%,52.0%,49.0%,-,-,-,-,-,-,-
191,Eliminated,15,5,6,3,4,49.0%,200,86.5%,58.0%,56.5%,49.0%,-,-,-,-,-,-,-
192,Eliminated,15,20,8,2,8,49.0%,200,84.5%,51.5%,54.0%,49.0%,-,-,-,-,-,-,-
193,Eliminated,20,0,4,3,6,49.0%,200,92.5%,51.5%,52.0%,49.0%,-,-,-,-,-,-,-
194,Eliminated,20,10,8,3,4,49.0%,200,80.0%,53.5%,51.0%,49.0%,-,-,-,-,-,-,-
195,Eliminated,20,10,10,3,4,49.0%,200,79.5%,53.5%,55.0%,49.0%,-,-,-,-,-,-,-
196,Eliminated,20,15,6,3,6,49.0%,200,88.0%,54.0%,54.0%,49.0%,-,-,-,-,-,-,-
197,Eliminated,20,15,8,2,6,49.0%,200,84.0%,54.5%,56.0%,49.0%,-,-,-,-,-,-,-
198,Eliminated,0,5,4,3,4,48.5%,200,80.0%,67.0%,55.5%,48.5%,-,-,-,-,-,-,-
199,Eliminated,0,5,6,3,4,48.5%,200,84.0%,69.5%,54.0%,48.5%,-,-,-,-,-,-,-
200,Eliminated,5,0,10,3,10,48.5%,200,95.0%,65.0%,60.0%,48.5%,-,-,-,-,-,-,-
201,Eliminated,5,15,8,3,6,48.5%,200,86.0%,55.0%,58.5%,48.5%,-,-,-,-,-,-,-
202,Eliminated,10,10,10,3,4,48.5%,200,76.5%,53.0%,52.5%,48.5%,-,-,-,-,-,-,-
203,Eliminated,10,10,10,3,8,48.5%,200,80.5%,62.0%,54.0%,48.5%,-,-,-,-,-,-,-
204,Eliminated,10,15,8,3,10,48.5%,200,86.5%,55.5%,57.0%,48.5%,-,-,-,-,-,-,-
205,Eliminated,15,0,6,2,6,48.5%,200,97.0%,59.0%,58.0%,48.5%,-,-,-,-,-,-,-
206,Eliminated,15,10,10,3,8,48.5%,200,87.5%,64.5%,50.5%,48.5%,-,-,-,-,-,-,-
207,Eliminated,15,15,8,3,6,48.5%,200,82.5%,60.5%,58.0%,48.5%,-,-,-,-,-,-,-
208,Eliminated,20,5,6,2,8,48.5%,200,91.5%,55.5%,58.0%,48.5%,-,-,-,-,-,-,-
209,Eliminated,20,10,8,3,10,48.5%,200,84.5%,54.0%,52.0%,48.5%,-,-,-,-,-,-,-
210,Eliminated,5,10,8,3,4,48.0%,200,78.0%,58.5%,52.5%,48.0%,-,-,-,-,-,-,-
211,Eliminated,10,0,4,1,6,48.0%,200,90.0%,57.5%,55.5%,48.0%,-,-,-,-,-,-,-
212,Eliminated,10,10,8,3,10,48.0%,200,91.0%,51.5%,52.0%,48.0%,-,-,-,-,-,-,-
213,Eliminated,10,15,6,3,6,48.0%,200,79.5%,58.5%,56.0%,48.0%,-,-,-,-,-,-,-
214,Eliminated,15,0,2,1,10,48.0%,200,89.0%,57.0%,51.5%,48.0%,-,-,-,-,-,-,-
215,Eliminated,20,0,10,3,10,48.0%,200,93.5%,70.0%,62.5%,48.0%,-,-,-,-,-,-,-
216,Eliminated,20,5,6,2,6,48.0%,200,88.5%,55.5%,52.5%,48.0%,-,-,-,-,-,-,-
217,Eliminated,20,5,6,3,10,48.0%,200,83.0%,53.5%,53.5%,48.0%,-,-,-,-,-,-,-
218,Eliminated,20,10,4,2,6,48.0%,200,81.0%,57.0%,51.5%,48.0%,-,-,-,-,-,-,-
219,Eliminated,20,15,6,3,8,48.0%,200,87.5%,54.0%,54.5%,48.0%,-,-,-,-,-,-,-
220,Eliminated,0,10,8,3,4,47.5%,200,75.0%,53.5%,51.5%,47.5%,-,-,-,-,-,-,-
221,Eliminated,0,10,8,3,6,47.5%,200,83.5%,57.5%,50.5%,47.5%,-,-,-,-,-,-,-
222,Eliminated,5,10,10,3,4,47.5%,200,73.0%,58.5%,53.0%,47.5%,-,-,-,-,-,-,-
223,Eliminated,5,15,6,3,4,47.5%,200,73.5%,54.5%,52.5%,47.5%,-,-,-,-,-,-,-
224,Eliminated,10,10,8,3,8,47.5%,200,89.0%,56.5%,54.0%,47.5%,-,-,-,-,-,-,-
225,Eliminated,10,15,6,3,10,47.5%,200,85.5%,56.5%,51.5%,47.5%,-,-,-,-,-,-,-
226,Eliminated,20,10,10,3,8,47.5%,200,86.5%,64.5%,61.5%,47.5%,-,-,-,-,-,-,-
227,Eliminated,20,20,6,2,8,47.5%,200,88.5%,60.5%,51.5%,47.5%,-,-,-,-,-,-,-
228,Eliminated,20,20,10,3,6,47.5%,200,83.5%,56.5%,53.0%,47.5%,-,-,-,-,-,-,-
229,Eliminated,0,0,4,2,2,47.0%,200,80.5%,54.0%,52.0%,47.0%,-,-,-,-,-,-,-
230,Eliminated,0,0,4,3,6,47.0%,200,86.5%,55.0%,54.0%,47.0%,-,-,-,-,-,-,-
231,Eliminated,5,20,6,3,6,47.0%,200,83.0%,61.0%,52.0%,47.0%,-,-,-,-,-,-,-
232,Eliminated,15,20,8,3,8,47.0%,200,85.5%,54.5%,52.0%,47.0%,-,-,-,-,-,-,-
233,Eliminated,20,0,10,2,10,47.0%,200,94.5%,61.5%,60.0%,47.0%,-,-,-,-,-,-,-
234,Eliminated,20,5,4,2,6,47.0%,200,88.5%,56.5%,56.5%,47.0%,-,-,-,-,-,-,-
235,Eliminated,20,20,6,3,6,47.0%,200,85.0%,57.0%,50.5%,47.0%,-,-,-,-,-,-,-
236,Eliminated,5,0,2,2,8,46.5%,200,89.0%,57.5%,59.0%,46.5%,-,-,-,-,-,-,-
237,Eliminated,5,0,4,2,8,46.5%,200,92.0%,66.5%,55.5%,46.5%,-,-,-,-,-,-,-
238,Eliminated,5,5,4,3,4,46.5%,200,82.5%,55.0%,53.5%,46.5%,-,-,-,-,-,-,-
239,Eliminated,5,5,8,2,4,46.5%,200,83.5%,54.0%,57.5%,46.5%,-,-,-,-,-,-,-
240,Eliminated,5,10,10,3,8,46.5%,200,82.0%,59.0%,53.0%,46.5%,-,-,-,-,-,-,-
241,Eliminated,5,15,8,3,10,46.5%,200,80.5%,53.0%,50.5%,46.5%,-,-,-,-,-,-,-
242,Eliminated,10,0,0,2,6,46.5%,200,85.0%,53.0%,57.0%,46.5%,-,-,-,-,-,-,-
243,Eliminated,10,10,10,3,10,46.5%,200,89.5%,55.5%,51.0%,46.5%,-,-,-,-,-,-,-
244,Eliminated,10,15,10,3,6,46.5%,200,84.0%,65.0%,52.5%,46.5%,-,-,-,-,-,-,-
245,Eliminated,10,20,8,3,10,46.5%,200,84.5%,56.0%,57.5%,46.5%,-,-,-,-,-,-,-
246,Eliminated,20,5,6,2,4,46.5%,200,89.5%,62.5%,53.5%,46.5%,-,-,-,-,-,-,-
247,Eliminated,5,0,4,2,4,46.0%,200,87.5%,54.5%,54.5%,46.0%,-,-,-,-,-,-,-
248,Eliminated,5,15,10,3,6,46.0%,200,81.5%,62.0%,55.0%,46.0%,-,-,-,-,-,-,-
249,Eliminated,10,5,6,2,8,46.0%,200,90.0%,57.5%,50.5%,46.0%,-,-,-,-,-,-,-
250,Eliminated,10,10,6,2,6,46.0%,200,88.0%,51.5%,59.5%,46.0%,-,-,-,-,-,-,-
251,Eliminated,10,10,6,3,8,46.0%,200,84.5%,54.0%,52.5%,46.0%,-,-,-,-,-,-,-
252,Eliminated,10,20,6,3,8,46.0%,200,84.0%,61.5%,51.0%,46.0%,-,-,-,-,-,-,-
253,Eliminated,15,0,10,3,4,46.0%,200,90.5%,59.5%,63.0%,46.0%,-,-,-,-,-,-,-
254,Eliminated,15,20,6,3,10,46.0%,200,84.5%,53.0%,50.5%,46.0%,-,-,-,-,-,-,-
255,Eliminated,20,15,10,3,6,46.0%,200,79.5%,54.5%,53.5%,46.0%,-,-,-,-,-,-,-
256,Eliminated,5,0,2,1,10,45.5%,200,88.0%,59.5%,51.5%,45.5%,-,-,-,-,-,-,-
257,Eliminated,10,0,0,1,8,45.5%,200,84.5%,57.0%,52.0%,45.5%,-,-,-,-,-,-,-
258,Eliminated,10,5,4,3,6,45.5%,200,88.5%,57.0%,53.5%,45.5%,-,-,-,-,-,-,-
259,Eliminated,10,5,6,2,10,45.5%,200,90.0%,53.5%,52.0%,45.5%,-,-,-,-,-,-,-
260,Eliminated,15,10,4,3,4,45.5%,200,77.0%,59.0%,51.5%,45.5%,-,-,-,-,-,-,-
261,Eliminated,15,15,8,2,8,45.5%,200,86.5%,53.0%,56.0%,45.5%,-,-,-,-,-,-,-
262,Eliminated,20,5,10,3,10,45.5%,200,88.0%,65.0%,52.5%,45.5%,-,-,-,-,-,-,-
263,Eliminated,20,15,6,3,10,45.5%,200,86.5%,51.5%,57.5%,45.5%,-,-,-,-,-,-,-
264,Eliminated,0,0,6,2,8,45.0%,200,90.0%,52.0%,60.0%,45.0%,-,-,-,-,-,-,-
265,Eliminated,10,10,10,2,6,45.0%,200,83.5%,52.0%,52.5%,45.0%,-,-,-,-,-,-,-
266,Eliminated,10,20,8,3,6,45.0%,200,81.0%,52.5%,52.5%,45.0%,-,-,-,-,-,-,-
267,Eliminated,15,5,10,3,10,45.0%,200,84.0%,64.0%,50.5%,45.0%,-,-,-,-,-,-,-
268,Eliminated,20,0,10,3,4,45.0%,200,91.5%,56.0%,51.5%,45.0%,-,-,-,-,-,-,-
269,Eliminated,20,10,4,3,6,45.0%,200,81.5%,59.0%,52.0%,45.0%,-,-,-,-,-,-,-
270,Eliminated,20,10,6,3,10,45.0%,200,84.5%,55.0%,51.0%,45.0%,-,-,-,-,-,-,-
271,Eliminated,0,10,4,3,4,44.5%,200,76.5%,56.5%,51.5%,44.5%,-,-,-,-,-,-,-
272,Eliminated,0,15,8,3,4,44.5%,200,70.5%,56.5%,60.0%,44.5%,-,-,-,-,-,-,-
273,Eliminated,10,15,10,3,8,44.5%,200,85.0%,59.5%,52.0%,44.5%,-,-,-,-,-,-,-
274,Eliminated,15,0,0,1,8,44.5%,200,89.5%,54.5%,51.5%,44.5%,-,-,-,-,-,-,-
275,Eliminated,15,10,4,2,10,44.5%,200,84.0%,54.5%,51.0%,44.5%,-,-,-,-,-,-,-
276,Eliminated,15,20,10,3,8,44.5%,200,84.5%,56.5%,51.5%,44.5%,-,-,-,-,-,-,-
277,Eliminated,20,15,8,3,10,44.5%,200,89.5%,58.0%,55.5%,44.5%,-,-,-,-,-,-,-
278,Eliminated,20,15,10,2,8,44.5%,200,86.0%,51.5%,51.5%,44.5%,-,-,-,-,-,-,-
279,Eliminated,0,10,8,3,2,44.0%,200,71.5%,58.5%,52.0%,44.0%,-,-,-,-,-,-,-
280,Eliminated,0,10,10,3,4,44.0%,200,75.0%,56.5%,50.5%,44.0%,-,-,-,-,-,-,-
281,Eliminated,5,10,6,3,10,44.0%,200,86.0%,62.0%,53.0%,44.0%,-,-,-,-,-,-,-
282,Eliminated,10,5,4,2,4,44.0%,200,85.5%,62.0%,55.0%,44.0%,-,-,-,-,-,-,-
283,Eliminated,10,5,6,2,6,44.0%,200,86.5%,63.5%,61.5%,44.0%,-,-,-,-,-,-,-
284,Eliminated,10,5,8,3,10,44.0%,200,85.0%,54.0%,51.5%,44.0%,-,-,-,-,-,-,-
285,Eliminated,15,15,10,2,6,44.0%,200,87.0%,52.0%,56.0%,44.0%,-,-,-,-,-,-,-
286,Eliminated,20,0,6,3,4,44.0%,200,92.0%,53.5%,55.0%,44.0%,-,-,-,-,-,-,-
287,Eliminated,20,15,4,2,10,44.0%,200,82.5%,56.0%,51.0%,44.0%,-,-,-,-,-,-,-
288,Eliminated,20,15,4,3,8,44.0%,200,81.0%,57.0%,53.5%,44.0%,-,-,-,-,-,-,-
289,Eliminated,15,5,4,2,4,43.5%,200,87.0%,58.5%,57.5%,43.5%,-,-,-,-,-,-,-
290,Eliminated,5,10,8,3,8,43.0%,200,85.0%,62.0%,54.5%,43.0%,-,-,-,-,-,-,-
291,Eliminated,5,15,4,3,10,43.0%,200,79.5%,55.5%,50.5%,43.0%,-,-,-,-,-,-,-
292,Eliminated,10,20,6,2,10,43.0%,200,83.0%,54.5%,54.0%,43.0%,-,-,-,-,-,-,-
293,Eliminated,10,20,10,3,8,43.0%,200,87.5%,57.0%,53.5%,43.0%,-,-,-,-,-,-,-
294,Eliminated,15,10,4,2,4,43.0%,200,80.0%,57.0%,56.0%,43.0%,-,-,-,-,-,-,-
295,Eliminated,15,10,4,2,6,43.0%,200,81.5%,54.0%,51.0%,43.0%,-,-,-,-,-,-,-
296,Eliminated,15,20,8,2,6,43.0%,200,84.0%,51.5%,53.5%,43.0%,-,-,-,-,-,-,-
297,Eliminated,20,0,2,1,6,43.0%,200,87.5%,52.0%,55.0%,43.0%,-,-,-,-,-,-,-
298,Eliminated,20,0,2,3,10,43.0%,200,91.0%,52.5%,51.0%,43.0%,-,-,-,-,-,-,-
299,Eliminated,0,0,10,3,2,42.5%,200,79.0%,54.0%,54.5%,42.5%,-,-,-,-,-,-,-
300,Eliminated,0,5,8,3,0,42.5%,200,73.5%,55.0%,52.0%,42.5%,-,-,-,-,-,-,-
301,Eliminated,5,10,6,3,8,42.5%,200,83.0%,59.0%,55.0%,42.5%,-,-,-,-,-,-,-
302,Eliminated,0,0,2,2,2,42.0%,200,75.0%,55.0%,50.5%,42.0%,-,-,-,-,-,-,-
303,Eliminated,5,20,6,3,8,42.0%,200,78.0%,54.0%,54.0%,42.0%,-,-,-,-,-,-,-
304,Eliminated,15,5,4,3,4,42.0%,200,87.0%,63.5%,51.0%,42.0%,-,-,-,-,-,-,-
305,Eliminated,20,10,6,2,6,42.0%,200,89.0%,55.0%,55.5%,42.0%,-,-,-,-,-,-,-
306,Eliminated,20,0,6,2,8,41.5%,200,98.0%,54.5%,56.5%,41.5%,-,-,-,-,-,-,-
307,Eliminated,0,0,2,2,6,41.0%,200,83.0%,54.5%,51.5%,41.0%,-,-,-,-,-,-,-
308,Eliminated,0,15,6,3,6,41.0%,200,79.0%,54.0%,52.5%,41.0%,-,-,-,-,-,-,-
309,Eliminated,5,5,4,2,4,41.0%,200,86.0%,52.0%,58.0%,41.0%,-,-,-,-,-,-,-
310,Eliminated,5,10,4,3,4,41.0%,200,77.5%,58.5%,53.5%,41.0%,-,-,-,-,-,-,-
311,Eliminated,10,5,10,3,10,41.0%,200,87.0%,60.5%,53.0%,41.0%,-,-,-,-,-,-,-
312,Eliminated,15,5,6,2,10,41.0%,200,91.0%,63.5%,51.0%,41.0%,-,-,-,-,-,-,-
313,Eliminated,20,20,6,2,10,41.0%,200,87.5%,54.0%,51.5%,41.0%,-,-,-,-,-,-,-
314,Eliminated,0,20,8,3,4,40.5%,200,71.0%,57.0%,57.5%,40.5%,-,-,-,-,-,-,-
315,Eliminated,10,20,6,3,6,40.5%,200,84.5%,62.0%,53.0%,40.5%,-,-,-,-,-,-,-
316,Eliminated,15,10,10,2,4,40.5%,200,85.0%,51.0%,52.5%,40.5%,-,-,-,-,-,-,-
317,Eliminated,15,15,10,3,8,40.5%,200,85.5%,64.5%,55.5%,40.5%,-,-,-,-,-,-,-
318,Eliminated,20,5,6,2,2,40.5%,200,77.5%,52.0%,50.5%,40.5%,-,-,-,-,-,-,-
319,Eliminated,0,0,2,2,8,40.0%,200,81.0%,55.5%,51.5%,40.0%,-,-,-,-,-,-,-
320,Eliminated,10,0,0,2,8,40.0%,200,83.0%,53.0%,54.0%,40.0%,-,-,-,-,-,-,-
321,Eliminated,15,15,4,3,8,40.0%,200,82.5%,53.0%,51.0%,40.0%,-,-,-,-,-,-,-
322,Eliminated,20,0,6,2,4,40.0%,200,93.5%,51.5%,53.0%,40.0%,-,-,-,-,-,-,-
323,Eliminated,10,0,8,3,4,39.5%,200,91.0%,55.0%,50.5%,39.5%,-,-,-,-,-,-,-
324,Eliminated,10,20,8,3,4,39.5%,200,82.0%,52.5%,51.0%,39.5%,-,-,-,-,-,-,-
325,Eliminated,20,5,4,2,4,39.5%,200,86.5%,60.0%,57.5%,39.5%,-,-,-,-,-,-,-
326,Eliminated,15,5,4,2,6,39.0%,200,88.5%,53.5%,56.5%,39.0%,-,-,-,-,-,-,-
327,Eliminated,15,5,6,2,2,39.0%,200,76.0%,52.0%,53.5%,39.0%,-,-,-,-,-,-,-
328,Eliminated,15,20,10,3,10,39.0%,200,84.0%,54.5%,51.5%,39.0%,-,-,-,-,-,-,-
329,Eliminated,5,5,4,2,8,38.5%,200,82.5%,57.5%,50.5%,38.5%,-,-,-,-,-,-,-
330,Eliminated,15,0,0,1,10,38.0%,200,88.0%,55.0%,51.5%,38.0%,-,-,-,-,-,-,-
331,Eliminated,10,5,4,3,8,37.5%,200,84.5%,52.5%,54.0%,37.5%,-,-,-,-,-,-,-
332,Eliminated,15,5,4,2,2,36.5%,200,79.0%,57.5%,51.0%,36.5%,-,-,-,-,-,-,-
333,Eliminated,10,5,4,2,10,35.0%,200,82.5%,52.0%,54.5%,35.0%,-,-,-,-,-,-,-
334,Eliminated,0,0,2,3,4,34.0%,200,76.5%,52.5%,52.0%,34.0%,-,-,-,-,-,-,-
335,Eliminated,0,20,6,3,4,34.0%,200,75.5%,56.5%,54.5%,34.0%,-,-,-,-,-,-,-
336,Eliminated,5,20,8,3,10,32.0%,200,84.5%,54.5%,53.0%,32.0%,-,-,-,-,-,-,-
337,Eliminated,15,10,4,2,8,32.0%,200,77.5%,56.5%,51.0%,32.0%,-,-,-,-,-,-,-
338,Eliminated,0,10,2,3,2,50.0%,200,72.5%,53.0%,50.0%,-,-,-,-,-,-,-,-
339,Eliminated,0,15,10,3,6,50.0%,200,76.5%,52.5%,50.0%,-,-,-,-,-,-,-,-
340,Eliminated,5,0,4,3,8,50.0%,200,90.5%,64.0%,50.0%,-,-,-,-,-,-,-,-
341,Eliminated,5,0,8,2,6,50.0%,200,95.0%,66.0%,50.0%,-,-,-,-,-,-,-,-
342,Eliminated,5,0,10,2,10,50.0%,200,92.5%,60.0%,50.0%,-,-,-,-,-,-,-,-
343,Eliminated,5,0,10,3,4,50.0%,200,89.5%,61.0%,50.0%,-,-,-,-,-,-,-,-
344,Eliminated,5,5,6,2,4,50.0%,200,81.0%,61.0%,50.0%,-,-,-,-,-,-,-,-
345,Eliminated,5,15,6,3,8,50.0%,200,81.5%,62.0%,50.0%,-,-,-,-,-,-,-,-
346,Eliminated,5,15,6,3,10,50.0%,200,81.0%,51.0%,50.0%,-,-,-,-,-,-,-,-
347,Eliminated,10,0,4,3,4,50.0%,200,93.5%,54.5%,50.0%,-,-,-,-,-,-,-,-
348,Eliminated,10,5,4,2,2,50.0%,200,75.0%,56.5%,50.0%,-,-,-,-,-,-,-,-
349,Eliminated,10,5,4,3,4,50.0%,200,87.0%,66.0%,50.0%,-,-,-,-,-,-,-,-
350,Eliminated,10,10,8,3,4,50.0%,200,79.0%,54.5%,50.0%,-,-,-,-,-,-,-,-
351,Eliminated,15,0,0,2,10,50.0%,200,85.5%,52.5%,50.0%,-,-,-,-,-,-,-,-
352,Eliminated,15,10,8,2,8,50.0%,200,87.0%,56.0%,50.0%,-,-,-,-,-,-,-,-
353,Eliminated,15,10,10,2,10,50.0%,200,85.5%,52.5%,50.0%,-,-,-,-,-,-,-,-
354,Eliminated,15,20,8,3,6,50.0%,200,84.0%,53.5%,50.0%,-,-,-,-,-,-,-,-
355,Eliminated,20,0,4,2,6,50.0%,200,91.5%,55.5%,50.0%,-,-,-,-,-,-,-,-
356,Eliminated,20,5,10,2,10,50.0%,200,90.0%,57.0%,50.0%,-,-,-,-,-,-,-,-
357,Eliminated,20,5,10,3,8,50.0%,200,91.5%,59.0%,50.0%,-,-,-,-,-,-,-,-
358,Eliminated,20,20,8,3,6,50.0%,200,86.0%,59.0%,50.0%,-,-,-,-,-,-,-,-
359,Eliminated,5,5,4,3,6,49.5%,200,85.5%,58.5%,49.5%,-,-,-,-,-,-,-,-
360,Eliminated,5,5,6,3,10,49.5%,200,86.5%,54.0%,49.5%,-,-,-,-,-,-,-,-
361,Eliminated,5,15,4,3,6,49.5%,200,77.5%,54.5%,49.5%,-,-,-,-,-,-,-,-
362,Eliminated,5,20,6,3,10,49.5%,200,83.5%,56.0%,49.5%,-,-,-,-,-,-,-,-
363,Eliminated,10,5,8,2,6,49.5%,200,91.5%,59.5%,49.5%,-,-,-,-,-,-,-,-
364,Eliminated,10,10,6,2,8,49.5%,200,86.0%,52.5%,49.5%,-,-,-,-,-,-,-,-
365,Eliminated,10,15,4,3,6,49.5%,200,78.5%,55.5%,49.5%,-,-,-,-,-,-,-,-
366,Eliminated,10,15,10,3,10,49.5%,200,84.0%,55.5%,49.5%,-,-,-,-,-,-,-,-
367,Eliminated,15,0,0,2,4,49.5%,200,78.5%,54.5%,49.5%,-,-,-,-,-,-,-,-
368,Eliminated,15,0,2,1,4,49.5%,200,85.0%,51.5%,49.5%,-,-,-,-,-,-,-,-
369,Eliminated,15,0,2,3,10,49.5%,200,89.0%,51.5%,49.5%,-,-,-,-,-,-,-,-
370,Eliminated,15,10,6,3,4,49.5%,200,82.0%,56.0%,49.5%,-,-,-,-,-,-,-,-
371,Eliminated,15,10,6,3,10,49.5%,200,88.0%,51.5%,49.5%,-,-,-,-,-,-,-,-
372,Eliminated,15,10,10,2,6,49.5%,200,90.0%,55.0%,49.5%,-,-,-,-,-,-,-,-
373,Eliminated,15,20,6,2,4,49.5%,200,75.5%,51.5%,49.5%,-,-,-,-,-,-,-,-
374,Eliminated,20,0,4,3,8,49.5%,200,94.5%,51.5%,49.5%,-,-,-,-,-,-,-,-
375,Eliminated,20,0,8,3,6,49.5%,200,97.0%,66.0%,49.5%,-,-,-,-,-,-,-,-
376,Eliminated,20,5,2,3,4,49.5%,200,80.5%,52.0%,49.5%,-,-,-,-,-,-,-,-
377,Eliminated,20,5,10,3,4,49.5%,200,85.0%,60.0%,49.5%,-,-,-,-,-,-,-,-
378,Eliminated,20,10,4,3,4,49.5%,200,83.5%,60.0%,49.5%,-,-,-,-,-,-,-,-
379,Eliminated,20,15,4,2,4,49.5%,200,75.5%,57.0%,49.5%,-,-,-,-,-,-,-,-
380,Eliminated,0,0,2,2,10,49.0%,200,82.5%,57.5%,49.0%,-,-,-,-,-,-,-,-
381,Eliminated,0,0,6,2,10,49.0%,200,91.0%,51.5%,49.0%,-,-,-,-,-,-,-,-
382,Eliminated,0,0,8,2,6,49.0%,200,89.0%,57.0%,49.0%,-,-,-,-,-,-,-,-
383,Eliminated,0,5,4,3,6,49.0%,200,84.5%,59.0%,49.0%,-,-,-,-,-,-,-,-
384,Eliminated,0,20,4,3,4,49.0%,200,77.5%,53.5%,49.0%,-,-,-,-,-,-,-,-
385,Eliminated,5,0,0,3,10,49.0%,200,86.0%,54.5%,49.0%,-,-,-,-,-,-,-,-
386,Eliminated,5,5,10,2,4,49.0%,200,76.5%,51.5%,49.0%,-,-,-,-,-,-,-,-
387,Eliminated,10,0,0,2,10,49.0%,200,86.5%,58.5%,49.0%,-,-,-,-,-,-,-,-
388,Eliminated,10,10,4,3,4,49.0%,200,74.5%,62.0%,49.0%,-,-,-,-,-,-,-,-
389,Eliminated,10,20,10,3,6,49.0%,200,82.0%,54.0%,49.0%,-,-,-,-,-,-,-,-
390,Eliminated,15,0,0,2,8,49.0%,200,86.5%,52.5%,49.0%,-,-,-,-,-,-,-,-
391,Eliminated,15,0,2,2,8,49.0%,200,91.5%,55.0%,49.0%,-,-,-,-,-,-,-,-
392,Eliminated,15,0,4,3,6,49.0%,200,92.5%,57.5%,49.0%,-,-,-,-,-,-,-,-
393,Eliminated,15,0,6,3,8,49.0%,200,97.0%,58.0%,49.0%,-,-,-,-,-,-,-,-
394,Eliminated,15,0,8,1,8,49.0%,200,94.0%,51.0%,49.0%,-,-,-,-,-,-,-,-
395,Eliminated,15,0,10,2,4,49.0%,200,92.5%,58.0%,49.0%,-,-,-,-,-,-,-,-
396,Eliminated,15,5,6,3,6,49.0%,200,88.0%,57.5%,49.0%,-,-,-,-,-,-,-,-
397,Eliminated,15,10,10,3,4,49.0%,200,79.5%,59.5%,49.0%,-,-,-,-,-,-,-,-
398,Eliminated,15,10,10,3,10,49.0%,200,83.5%,52.5%,49.0%,-,-,-,-,-,-,-,-
399,Eliminated,15,15,10,3,10,49.0%,200,85.0%,56.5%,49.0%,-,-,-,-,-,-,-,-
400,Eliminated,15,20,10,2,8,49.0%,200,83.0%,53.0%,49.0%,-,-,-,-,-,-,-,-
401,Eliminated,20,5,4,2,8,49.0%,200,88.5%,62.5%,49.0%,-,-,-,-,-,-,-,-
402,Eliminated,20,5,4,3,2,49.0%,200,79.5%,52.5%,49.0%,-,-,-,-,-,-,-,-
403,Eliminated,20,10,4,2,8,49.0%,200,80.5%,55.0%,49.0%,-,-,-,-,-,-,-,-
404,Eliminated,20,15,4,3,4,49.0%,200,75.0%,58.5%,49.0%,-,-,-,-,-,-,-,-
405,Eliminated,20,15,10,3,8,48.7%,199,83.0%,59.5%,48.7%,-,-,-,-,-,-,-,-
406,Eliminated,0,15,8,3,6,48.5%,200,80.5%,55.0%,48.5%,-,-,-,-,-,-,-,-
407,Eliminated,0,15,8,3,8,48.5%,200,77.5%,51.5%,48.5%,-,-,-,-,-,-,-,-
408,Eliminated,0,15,10,3,4,48.5%,200,71.0%,54.0%,48.5%,-,-,-,-,-,-,-,-
409,Eliminated,5,0,0,2,8,48.5%,200,84.0%,57.5%,48.5%,-,-,-,-,-,-,-,-
410,Eliminated,5,15,4,3,8,48.5%,200,80.5%,53.5%,48.5%,-,-,-,-,-,-,-,-
411,Eliminated,10,0,6,3,6,48.5%,200,95.5%,61.5%,48.5%,-,-,-,-,-,-,-,-
412,Eliminated,10,0,10,2,4,48.5%,200,88.5%,55.5%,48.5%,-,-,-,-,-,-,-,-
413,Eliminated,10,5,4,2,8,48.5%,200,88.0%,55.5%,48.5%,-,-,-,-,-,-,-,-
414,Eliminated,10,10,8,2,10,48.5%,200,89.0%,55.5%,48.5%,-,-,-,-,-,-,-,-
415,Eliminated,10,15,4,3,10,48.5%,200,79.0%,55.0%,48.5%,-,-,-,-,-,-,-,-
416,Eliminated,10,20,4,3,6,48.5%,200,82.5%,56.5%,48.5%,-,-,-,-,-,-,-,-
417,Eliminated,10,20,8,3,8,48.5%,200,86.5%,59.0%,48.5%,-,-,-,-,-,-,-,-
418,Eliminated,15,0,4,2,10,48.5%,200,96.0%,59.5%,48.5%,-,-,-,-,-,-,-,-
419,Eliminated,15,0,4,3,10,48.5%,200,95.5%,52.0%,48.5%,-,-,-,-,-,-,-,-
420,Eliminated,15,5,8,3,10,48.5%,200,91.0%,51.5%,48.5%,-,-,-,-,-,-,-,-
421,Eliminated,15,15,6,2,6,48.5%,200,84.5%,53.0%,48.5%,-,-,-,-,-,-,-,-
422,Eliminated,15,15,8,3,10,48.5%,200,82.0%,57.5%,48.5%,-,-,-,-,-,-,-,-
423,Eliminated,15,15,10,3,6,48.5%,200,83.5%,57.0%,48.5%,-,-,-,-,-,-,-,-
424,Eliminated,20,0,0,1,10,48.5%,200,89.5%,55.0%,48.5%,-,-,-,-,-,-,-,-
425,Eliminated,20,15,8,2,10,48.5%,200,86.5%,52.2%,48.5%,-,-,-,-,-,-,-,-
426,Eliminated,20,20,4,2,6,48.5%,200,75.5%,56.0%,48.5%,-,-,-,-,-,-,-,-
427,Eliminated,20,20,4,2,10,48.5%,200,81.5%,56.0%,48.5%,-,-,-,-,-,-,-,-
428,Eliminated,20,20,10,3,8,48.5%,200,82.0%,55.5%,48.5%,-,-,-,-,-,-,-,-
429,Eliminated,0,0,2,2,4,48.0%,200,74.0%,54.0%,48.0%,-,-,-,-,-,-,-,-
430,Eliminated,0,5,6,3,6,48.0%,200,82.5%,58.5%,48.0%,-,-,-,-,-,-,-,-
431,Eliminated,0,5,10,3,4,48.0%,200,79.5%,62.0%,48.0%,-,-,-,-,-,-,-,-
432,Eliminated,0,5,10,3,6,48.0%,200,84.5%,63.0%,48.0%,-,-,-,-,-,-,-,-
433,Eliminated,0,10,4,3,2,48.0%,200,74.0%,55.5%,48.0%,-,-,-,-,-,-,-,-
434,Eliminated,0,15,4,3,4,48.0%,200,76.0%,57.5%,48.0%,-,-,-,-,-,-,-,-
435,Eliminated,5,0,2,3,6,48.0%,200,84.0%,51.5%,48.0%,-,-,-,-,-,-,-,-
436,Eliminated,5,0,2,3,8,48.0%,200,87.5%,57.0%,48.0%,-,-,-,-,-,-,-,-
437,Eliminated,5,0,10,2,4,48.0%,200,87.0%,52.0%,48.0%,-,-,-,-,-,-,-,-
438,Eliminated,5,5,8,3,10,48.0%,200,87.0%,54.5%,48.0%,-,-,-,-,-,-,-,-
439,Eliminated,5,5,10,3,8,48.0%,200,87.5%,62.0%,48.0%,-,-,-,-,-,-,-,-
440,Eliminated,5,10,6,3,4,48.0%,200,78.5%,56.0%,48.0%,-,-,-,-,-,-,-,-
441,Eliminated,5,10,8,3,6,48.0%,200,82.0%,59.0%,48.0%,-,-,-,-,-,-,-,-
442,Eliminated,10,5,6,3,4,48.0%,200,87.0%,59.0%,48.0%,-,-,-,-,-,-,-,-
443,Eliminated,10,10,4,3,10,48.0%,200,80.5%,57.0%,48.0%,-,-,-,-,-,-,-,-
444,Eliminated,10,15,4,2,4,48.0%,200,75.0%,52.0%,48.0%,-,-,-,-,-,-,-,-
445,Eliminated,15,5,6,3,2,48.0%,200,79.0%,56.5%,48.0%,-,-,-,-,-,-,-,-
446,Eliminated,15,5,10,2,8,48.0%,200,91.5%,51.0%,48.0%,-,-,-,-,-,-,-,-
447,Eliminated,15,5,10,2,10,48.0%,200,84.5%,54.5%,48.0%,-,-,-,-,-,-,-,-
448,Eliminated,20,0,4,3,4,48.0%,200,90.0%,53.0%,48.0%,-,-,-,-,-,-,-,-
449,Eliminated,20,10,4,2,4,48.0%,200,84.5%,65.5%,48.0%,-,-,-,-,-,-,-,-
450,Eliminated,20,20,10,2,8,48.0%,200,87.5%,52.5%,48.0%,-,-,-,-,-,-,-,-
451,Eliminated,0,5,4,2,4,47.5%,200,83.0%,62.0%,47.5%,-,-,-,-,-,-,-,-
452,Eliminated,0,5,4,3,2,47.5%,200,78.5%,56.5%,47.5%,-,-,-,-,-,-,-,-
453,Eliminated,0,10,4,3,8,47.5%,200,72.5%,52.5%,47.5%,-,-,-,-,-,-,-,-
454,Eliminated,5,0,6,2,4,47.5%,200,88.0%,57.0%,47.5%,-,-,-,-,-,-,-,-
455,Eliminated,5,0,8,2,4,47.5%,200,87.5%,55.0%,47.5%,-,-,-,-,-,-,-,-
456,Eliminated,10,0,0,3,10,47.5%,200,88.0%,52.0%,47.5%,-,-,-,-,-,-,-,-
457,Eliminated,10,0,2,2,2,47.5%,200,71.5%,54.5%,47.5%,-,-,-,-,-,-,-,-
458,Eliminated,10,10,10,2,10,47.5%,200,81.5%,54.5%,47.5%,-,-,-,-,-,-,-,-
459,Eliminated,10,20,10,3,10,47.5%,200,82.0%,56.5%,47.5%,-,-,-,-,-,-,-,-
460,Eliminated,15,0,4,3,4,47.5%,200,95.5%,55.5%,47.5%,-,-,-,-,-,-,-,-
461,Eliminated,15,10,6,2,4,47.5%,200,78.0%,55.0%,47.5%,-,-,-,-,-,-,-,-
462,Eliminated,15,15,6,2,4,47.5%,200,76.5%,52.5%,47.5%,-,-,-,-,-,-,-,-
463,Eliminated,15,20,4,2,6,47.5%,200,75.0%,59.5%,47.5%,-,-,-,-,-,-,-,-
464,Eliminated,20,5,2,3,2,47.5%,200,80.5%,54.5%,47.5%,-,-,-,-,-,-,-,-
465,Eliminated,20,5,4,3,4,47.5%,200,84.5%,61.5%,47.5%,-,-,-,-,-,-,-,-
466,Eliminated,20,5,6,3,8,47.5%,200,89.5%,51.5%,47.5%,-,-,-,-,-,-,-,-
467,Eliminated,20,5,10,2,4,47.5%,200,85.5%,54.0%,47.5%,-,-,-,-,-,-,-,-
468,Eliminated,20,15,4,3,6,47.5%,200,78.5%,51.5%,47.5%,-,-,-,-,-,-,-,-
469,Eliminated,20,20,4,2,8,47.5%,200,81.0%,52.5%,47.5%,-,-,-,-,-,-,-,-
470,Eliminated,0,0,2,3,2,47.0%,200,75.0%,55.0%,47.0%,-,-,-,-,-,-,-,-
471,Eliminated,0,0,10,3,10,47.0%,200,83.0%,53.0%,47.0%,-,-,-,-,-,-,-,-
472,Eliminated,0,15,6,3,4,47.0%,200,71.5%,62.0%,47.0%,-,-,-,-,-,-,-,-
473,Eliminated,5,0,2,3,10,47.0%,200,88.0%,57.0%,47.0%,-,-,-,-,-,-,-,-
474,Eliminated,5,0,8,2,10,47.0%,200,92.0%,64.5%,47.0%,-,-,-,-,-,-,-,-
475,Eliminated,5,5,4,3,8,47.0%,200,85.0%,58.5%,47.0%,-,-,-,-,-,-,-,-
476,Eliminated,5,10,10,3,10,47.0%,200,83.0%,57.5%,47.0%,-,-,-,-,-,-,-,-
477,Eliminated,5,20,8,3,6,47.0%,200,76.0%,56.0%,47.0%,-,-,-,-,-,-,-,-
478,Eliminated,10,5,6,3,8,47.0%,200,89.5%,51.5%,47.0%,-,-,-,-,-,-,-,-
479,Eliminated,10,5,8,2,10,47.0%,200,91.0%,51.5%,47.0%,-,-,-,-,-,-,-,-
480,Eliminated,10,10,6,2,10,47.0%,200,87.5%,56.5%,47.0%,-,-,-,-,-,-,-,-
481,Eliminated,10,20,6,3,4,47.0%,200,75.0%,51.0%,47.0%,-,-,-,-,-,-,-,-
482,Eliminated,15,0,0,3,4,47.0%,200,82.5%,51.0%,47.0%,-,-,-,-,-,-,-,-
483,Eliminated,15,0,4,1,10,47.0%,200,93.0%,58.0%,47.0%,-,-,-,-,-,-,-,-
484,Eliminated,15,0,8,1,6,47.0%,200,93.5%,57.0%,47.0%,-,-,-,-,-,-,-,-
485,Eliminated,15,5,4,2,8,47.0%,200,86.5%,53.5%,47.0%,-,-,-,-,-,-,-,-
486,Eliminated,15,10,4,3,6,47.0%,200,81.0%,57.0%,47.0%,-,-,-,-,-,-,-,-
487,Eliminated,15,10,8,3,8,47.0%,200,89.5%,53.5%,47.0%,-,-,-,-,-,-,-,-
488,Eliminated,20,0,0,2,10,47.0%,200,86.5%,53.0%,47.0%,-,-,-,-,-,-,-,-
489,Eliminated,20,0,2,1,4,47.0%,200,89.5%,53.0%,47.0%,-,-,-,-,-,-,-,-
490,Eliminated,20,5,4,3,6,47.0%,200,86.0%,56.5%,47.0%,-,-,-,-,-,-,-,-
491,Eliminated,20,5,6,3,2,47.0%,200,76.0%,64.0%,47.0%,-,-,-,-,-,-,-,-
492,Eliminated,20,10,6,2,4,47.0%,200,81.5%,52.0%,47.0%,-,-,-,-,-,-,-,-
493,Eliminated,20,10,10,3,10,47.0%,200,83.0%,58.5%,47.0%,-,-,-,-,-,-,-,-
494,Eliminated,20,15,4,2,8,47.0%,200,79.0%,57.5%,47.0%,-,-,-,-,-,-,-,-
495,Eliminated,20,15,6,2,4,47.0%,200,81.5%,52.0%,47.0%,-,-,-,-,-,-,-,-
496,Eliminated,20,20,4,2,4,47.0%,200,80.5%,56.5%,47.0%,-,-,-,-,-,-,-,-
497,Eliminated,0,0,2,2,0,46.5%,200,71.0%,52.0%,46.5%,-,-,-,-,-,-,-,-
498,Eliminated,0,0,2,3,0,46.5%,200,71.5%,55.0%,46.5%,-,-,-,-,-,-,-,-
499,Eliminated,0,5,6,3,8,46.5%,200,85.5%,51.0%,46.5%,-,-,-,-,-,-,-,-
500,Eliminated,0,5,10,3,2,46.5%,200,74.5%,59.5%,46.5%,-,-,-,-,-,-,-,-
501,Eliminated,0,10,10,3,6,46.5%,200,78.0%,56.0%,46.5%,-,-,-,-,-,-,-,-
502,Eliminated,10,0,4,3,8,46.5%,200,94.0%,53.0%,46.5%,-,-,-,-,-,-,-,-
503,Eliminated,10,10,4,3,8,46.5%,200,86.5%,55.0%,46.5%,-,-,-,-,-,-,-,-
504,Eliminated,15,0,2,1,6,46.5%,200,84.0%,51.5%,46.5%,-,-,-,-,-,-,-,-
505,Eliminated,15,0,8,3,4,46.5%,200,93.0%,57.0%,46.5%,-,-,-,-,-,-,-,-
506,Eliminated,15,5,4,2,10,46.5%,200,88.0%,60.5%,46.5%,-,-,-,-,-,-,-,-
507,Eliminated,15,15,6,2,8,46.5%,200,84.5%,56.0%,46.5%,-,-,-,-,-,-,-,-
508,Eliminated,20,0,2,2,4,46.5%,200,86.5%,53.0%,46.5%,-,-,-,-,-,-,-,-
509,Eliminated,20,0,10,2,4,46.5%,200,90.0%,53.5%,46.5%,-,-,-,-,-,-,-,-
510,Eliminated,20,5,4,2,2,46.5%,200,78.5%,53.5%,46.5%,-,-,-,-,-,-,-,-
511,Eliminated,0,0,4,2,8,46.0%,200,87.5%,61.0%,46.0%,-,-,-,-,-,-,-,-
512,Eliminated,0,0,4,3,2,46.0%,200,76.0%,55.5%,46.0%,-,-,-,-,-,-,-,-
513,Eliminated,0,0,10,3,8,46.0%,200,90.0%,57.5%,46.0%,-,-,-,-,-,-,-,-
514,Eliminated,5,0,0,1,6,46.0%,200,78.5%,53.0%,46.0%,-,-,-,-,-,-,-,-
515,Eliminated,5,5,10,3,10,46.0%,200,82.0%,54.5%,46.0%,-,-,-,-,-,-,-,-
516,Eliminated,5,10,4,3,8,46.0%,200,79.5%,55.0%,46.0%,-,-,-,-,-,-,-,-
517,Eliminated,5,20,10,3,6,46.0%,200,83.5%,55.0%,46.0%,-,-,-,-,-,-,-,-
518,Eliminated,10,0,8,3,6,46.0%,200,97.5%,72.0%,46.0%,-,-,-,-,-,-,-,-
519,Eliminated,10,5,6,3,2,46.0%,200,78.0%,55.5%,46.0%,-,-,-,-,-,-,-,-
520,Eliminated,10,20,4,3,10,46.0%,200,81.0%,52.0%,46.0%,-,-,-,-,-,-,-,-
521,Eliminated,15,5,4,3,10,46.0%,200,84.5%,55.5%,46.0%,-,-,-,-,-,-,-,-
522,Eliminated,20,0,8,3,4,46.0%,200,93.0%,61.0%,46.0%,-,-,-,-,-,-,-,-
523,Eliminated,0,0,4,3,10,45.5%,200,88.5%,56.0%,45.5%,-,-,-,-,-,-,-,-
524,Eliminated,0,5,6,2,4,45.5%,200,82.0%,54.0%,45.5%,-,-,-,-,-,-,-,-
525,Eliminated,5,0,4,1,10,45.5%,200,90.0%,51.5%,45.5%,-,-,-,-,-,-,-,-
526,Eliminated,5,10,4,3,10,45.5%,200,82.5%,57.5%,45.5%,-,-,-,-,-,-,-,-
527,Eliminated,5,15,8,3,8,45.5%,200,85.0%,62.0%,45.5%,-,-,-,-,-,-,-,-
528,Eliminated,10,0,2,1,6,45.5%,200,86.0%,52.0%,45.5%,-,-,-,-,-,-,-,-
529,Eliminated,10,5,2,2,10,45.5%,200,74.5%,55.0%,45.5%,-,-,-,-,-,-,-,-
530,Eliminated,10,5,2,3,4,45.5%,200,81.5%,58.0%,45.5%,-,-,-,-,-,-,-,-
531,Eliminated,10,10,4,2,8,45.5%,200,82.5%,51.5%,45.5%,-,-,-,-,-,-,-,-
532,Eliminated,15,0,2,3,6,45.5%,200,86.0%,54.0%,45.5%,-,-,-,-,-,-,-,-
533,Eliminated,15,0,6,3,4,45.5%,200,93.5%,56.5%,45.5%,-,-,-,-,-,-,-,-
534,Eliminated,15,5,6,3,8,45.5%,200,88.5%,55.5%,45.5%,-,-,-,-,-,-,-,-
535,Eliminated,0,0,6,3,2,45.0%,200,74.5%,51.5%,45.0%,-,-,-,-,-,-,-,-
536,Eliminated,0,20,6,3,8,45.0%,200,77.5%,51.5%,45.0%,-,-,-,-,-,-,-,-
537,Eliminated,5,5,4,2,6,45.0%,200,80.0%,63.5%,45.0%,-,-,-,-,-,-,-,-
538,Eliminated,5,20,4,3,10,45.0%,200,77.5%,60.5%,45.0%,-,-,-,-,-,-,-,-
539,Eliminated,10,0,0,1,6,45.0%,200,87.0%,56.5%,45.0%,-,-,-,-,-,-,-,-
540,Eliminated,15,0,2,1,2,45.0%,200,80.0%,51.0%,45.0%,-,-,-,-,-,-,-,-
541,Eliminated,15,5,4,3,6,45.0%,200,86.5%,59.0%,45.0%,-,-,-,-,-,-,-,-
542,Eliminated,15,15,4,2,4,45.0%,200,81.0%,59.5%,45.0%,-,-,-,-,-,-,-,-
543,Eliminated,15,15,10,3,4,45.0%,200,80.0%,55.0%,45.0%,-,-,-,-,-,-,-,-
544,Eliminated,20,20,4,3,4,45.0%,200,82.0%,54.5%,45.0%,-,-,-,-,-,-,-,-
545,Eliminated,0,0,0,2,6,44.5%,200,71.0%,53.0%,44.5%,-,-,-,-,-,-,-,-
546,Eliminated,0,20,10,3,4,44.5%,200,73.5%,53.5%,44.5%,-,-,-,-,-,-,-,-
547,Eliminated,5,5,6,2,8,44.5%,200,87.0%,56.0%,44.5%,-,-,-,-,-,-,-,-
548,Eliminated,10,5,4,2,6,44.5%,200,83.0%,52.5%,44.5%,-,-,-,-,-,-,-,-
549,Eliminated,10,10,10,2,8,44.5%,200,87.5%,52.5%,44.5%,-,-,-,-,-,-,-,-
550,Eliminated,10,20,4,3,8,44.5%,200,80.5%,51.0%,44.5%,-,-,-,-,-,-,-,-
551,Eliminated,15,20,4,3,8,44.5%,200,78.0%,53.0%,44.5%,-,-,-,-,-,-,-,-
552,Eliminated,15,20,8,3,4,44.5%,200,77.5%,55.5%,44.5%,-,-,-,-,-,-,-,-
553,Eliminated,20,5,8,2,2,44.5%,200,75.0%,54.0%,44.5%,-,-,-,-,-,-,-,-
554,Eliminated,20,20,8,2,8,44.5%,200,89.5%,55.0%,44.5%,-,-,-,-,-,-,-,-
555,Eliminated,0,0,0,3,8,44.0%,200,70.5%,52.5%,44.0%,-,-,-,-,-,-,-,-
556,Eliminated,0,0,8,2,2,44.0%,200,76.5%,53.0%,44.0%,-,-,-,-,-,-,-,-
557,Eliminated,0,15,4,3,6,44.0%,200,77.0%,53.0%,44.0%,-,-,-,-,-,-,-,-
558,Eliminated,5,0,4,3,4,44.0%,200,88.5%,56.0%,44.0%,-,-,-,-,-,-,-,-
559,Eliminated,5,15,4,3,4,44.0%,200,75.0%,51.0%,44.0%,-,-,-,-,-,-,-,-
560,Eliminated,10,0,4,3,10,44.0%,200,94.0%,51.5%,44.0%,-,-,-,-,-,-,-,-
561,Eliminated,10,5,2,3,2,44.0%,200,73.5%,54.5%,44.0%,-,-,-,-,-,-,-,-
562,Eliminated,10,5,4,3,10,44.0%,200,85.5%,55.5%,44.0%,-,-,-,-,-,-,-,-
563,Eliminated,15,0,2,1,8,44.0%,200,89.5%,54.0%,44.0%,-,-,-,-,-,-,-,-
564,Eliminated,15,5,2,3,4,44.0%,200,79.0%,54.5%,44.0%,-,-,-,-,-,-,-,-
565,Eliminated,15,10,2,2,2,44.0%,200,71.0%,51.5%,44.0%,-,-,-,-,-,-,-,-
566,Eliminated,15,10,2,3,10,44.0%,200,75.5%,58.5%,44.0%,-,-,-,-,-,-,-,-
567,Eliminated,15,15,4,2,8,44.0%,200,77.0%,55.0%,44.0%,-,-,-,-,-,-,-,-
568,Eliminated,15,20,4,2,4,44.0%,200,75.5%,53.0%,44.0%,-,-,-,-,-,-,-,-
569,Eliminated,20,0,0,2,6,44.0%,200,78.5%,53.0%,44.0%,-,-,-,-,-,-,-,-
570,Eliminated,20,0,2,2,6,44.0%,200,87.0%,52.0%,44.0%,-,-,-,-,-,-,-,-
571,Eliminated,20,5,2,2,4,44.0%,200,79.0%,53.0%,44.0%,-,-,-,-,-,-,-,-
572,Eliminated,20,15,4,3,10,43.8%,201,81.5%,51.5%,43.8%,-,-,-,-,-,-,-,-
573,Eliminated,0,0,0,2,10,43.5%,200,78.5%,51.0%,43.5%,-,-,-,-,-,-,-,-
574,Eliminated,0,0,2,3,6,43.5%,200,77.5%,57.5%,43.5%,-,-,-,-,-,-,-,-
575,Eliminated,5,5,10,3,4,43.5%,200,82.5%,60.5%,43.5%,-,-,-,-,-,-,-,-
576,Eliminated,5,15,10,3,8,43.5%,200,81.0%,54.5%,43.5%,-,-,-,-,-,-,-,-
577,Eliminated,5,20,4,3,6,43.5%,200,81.0%,53.5%,43.5%,-,-,-,-,-,-,-,-
578,Eliminated,10,5,2,3,6,43.5%,200,82.0%,57.5%,43.5%,-,-,-,-,-,-,-,-
579,Eliminated,15,0,6,2,4,43.5%,200,92.5%,52.0%,43.5%,-,-,-,-,-,-,-,-
580,Eliminated,15,10,2,2,10,43.5%,200,80.0%,53.0%,43.5%,-,-,-,-,-,-,-,-
581,Eliminated,20,0,2,2,8,43.5%,200,89.0%,53.5%,43.5%,-,-,-,-,-,-,-,-
582,Eliminated,0,5,2,3,6,43.0%,200,77.0%,54.0%,43.0%,-,-,-,-,-,-,-,-
583,Eliminated,5,5,2,2,8,43.0%,200,73.5%,55.0%,43.0%,-,-,-,-,-,-,-,-
584,Eliminated,5,10,4,3,6,43.0%,200,78.5%,58.5%,43.0%,-,-,-,-,-,-,-,-
585,Eliminated,10,0,2,2,10,43.0%,200,89.5%,52.5%,43.0%,-,-,-,-,-,-,-,-
586,Eliminated,15,5,8,3,2,43.0%,200,79.0%,53.5%,43.0%,-,-,-,-,-,-,-,-
587,Eliminated,20,5,2,2,2,43.0%,200,78.0%,58.0%,43.0%,-,-,-,-,-,-,-,-
588,Eliminated,20,5,8,2,8,43.0%,200,86.5%,58.0%,43.0%,-,-,-,-,-,-,-,-
589,Eliminated,5,0,6,3,4,42.5%,200,88.0%,61.5%,42.5%,-,-,-,-,-,-,-,-
590,Eliminated,5,5,4,3,2,42.5%,200,71.5%,57.0%,42.5%,-,-,-,-,-,-,-,-
591,Eliminated,5,20,4,3,8,42.5%,200,80.0%,56.0%,42.5%,-,-,-,-,-,-,-,-
592,Eliminated,10,5,6,2,2,42.5%,200,74.0%,52.5%,42.5%,-,-,-,-,-,-,-,-
593,Eliminated,15,10,2,3,4,42.5%,200,75.0%,52.5%,42.5%,-,-,-,-,-,-,-,-
594,Eliminated,15,20,2,3,8,42.5%,200,72.0%,53.0%,42.5%,-,-,-,-,-,-,-,-
595,Eliminated,0,0,0,3,10,42.0%,200,78.5%,56.5%,42.0%,-,-,-,-,-,-,-,-
596,Eliminated,0,5,8,2,2,42.0%,200,71.5%,56.5%,42.0%,-,-,-,-,-,-,-,-
597,Eliminated,5,5,4,2,10,42.0%,200,85.5%,60.5%,42.0%,-,-,-,-,-,-,-,-
598,Eliminated,10,5,4,3,2,42.0%,200,79.0%,52.0%,42.0%,-,-,-,-,-,-,-,-
599,Eliminated,10,5,8,2,2,42.0%,200,76.0%,53.5%,42.0%,-,-,-,-,-,-,-,-
600,Eliminated,10,15,2,3,8,42.0%,200,72.0%,54.0%,42.0%,-,-,-,-,-,-,-,-
601,Eliminated,20,10,4,2,10,42.0%,200,84.0%,54.5%,42.0%,-,-,-,-,-,-,-,-
602,Eliminated,0,20,8,3,6,41.5%,200,79.0%,57.0%,41.5%,-,-,-,-,-,-,-,-
603,Eliminated,10,0,8,1,10,41.5%,200,95.0%,51.5%,41.5%,-,-,-,-,-,-,-,-
604,Eliminated,15,0,0,2,0,41.5%,200,75.5%,51.5%,41.5%,-,-,-,-,-,-,-,-
605,Eliminated,15,5,4,1,0,41.5%,200,71.5%,57.5%,41.5%,-,-,-,-,-,-,-,-
606,Eliminated,15,15,10,2,10,41.5%,200,79.5%,55.0%,41.5%,-,-,-,-,-,-,-,-
607,Eliminated,20,5,2,3,6,41.5%,200,77.0%,52.0%,41.5%,-,-,-,-,-,-,-,-
608,Eliminated,5,0,4,3,6,41.0%,200,85.0%,62.0%,41.0%,-,-,-,-,-,-,-,-
609,Eliminated,5,5,8,2,8,41.0%,200,88.5%,52.0%,41.0%,-,-,-,-,-,-,-,-
610,Eliminated,10,0,2,3,10,41.0%,200,89.5%,54.0%,41.0%,-,-,-,-,-,-,-,-
611,Eliminated,10,20,4,2,6,41.0%,200,72.5%,58.5%,41.0%,-,-,-,-,-,-,-,-
612,Eliminated,10,20,4,2,10,41.0%,200,80.5%,57.5%,41.0%,-,-,-,-,-,-,-,-
613,Eliminated,15,0,0,1,6,41.0%,200,85.5%,53.0%,41.0%,-,-,-,-,-,-,-,-
614,Eliminated,15,0,0,2,6,41.0%,200,84.0%,53.0%,41.0%,-,-,-,-,-,-,-,-
615,Eliminated,15,5,2,3,2,41.0%,200,80.0%,57.0%,41.0%,-,-,-,-,-,-,-,-
616,Eliminated,15,10,2,2,4,41.0%,200,78.5%,57.0%,41.0%,-,-,-,-,-,-,-,-
617,Eliminated,15,10,2,3,6,41.0%,200,78.5%,54.0%,41.0%,-,-,-,-,-,-,-,-
618,Eliminated,15,10,6,2,2,41.0%,200,70.5%,51.0%,41.0%,-,-,-,-,-,-,-,-
619,Eliminated,20,10,2,3,4,41.0%,200,72.5%,54.5%,41.0%,-,-,-,-,-,-,-,-
620,Eliminated,20,15,2,2,8,41.0%,200,73.5%,56.0%,41.0%,-,-,-,-,-,-,-,-
621,Eliminated,0,5,4,2,0,40.5%,200,71.5%,56.5%,40.5%,-,-,-,-,-,-,-,-
622,Eliminated,5,5,2,3,4,40.5%,200,73.5%,53.0%,40.5%,-,-,-,-,-,-,-,-
623,Eliminated,5,20,10,3,8,40.5%,200,79.0%,51.5%,40.5%,-,-,-,-,-,-,-,-
624,Eliminated,10,10,4,2,10,40.5%,200,86.5%,56.5%,40.5%,-,-,-,-,-,-,-,-
625,Eliminated,15,5,2,2,10,40.5%,200,77.5%,51.5%,40.5%,-,-,-,-,-,-,-,-
626,Eliminated,20,5,2,2,10,40.5%,200,77.5%,51.5%,40.5%,-,-,-,-,-,-,-,-
627,Eliminated,20,5,2,3,8,40.5%,200,79.0%,51.5%,40.5%,-,-,-,-,-,-,-,-
628,Eliminated,10,5,2,2,8,40.0%,200,79.5%,58.5%,40.0%,-,-,-,-,-,-,-,-
629,Eliminated,10,15,4,2,8,40.0%,200,81.5%,53.5%,40.0%,-,-,-,-,-,-,-,-
630,Eliminated,20,0,0,2,8,40.0%,200,87.5%,58.5%,40.0%,-,-,-,-,-,-,-,-
631,Eliminated,20,10,2,3,2,40.0%,200,72.0%,57.0%,40.0%,-,-,-,-,-,-,-,-
632,Eliminated,20,10,2,3,6,40.0%,200,71.0%,55.0%,40.0%,-,-,-,-,-,-,-,-
633,Eliminated,10,5,2,2,4,39.5%,200,78.0%,55.0%,39.5%,-,-,-,-,-,-,-,-
634,Eliminated,15,5,2,3,6,39.5%,200,76.5%,56.0%,39.5%,-,-,-,-,-,-,-,-
635,Eliminated,15,10,2,3,8,39.5%,200,76.0%,52.0%,39.5%,-,-,-,-,-,-,-,-
636,Eliminated,20,15,2,3,8,39.5%,200,77.0%,54.0%,39.5%,-,-,-,-,-,-,-,-
637,Eliminated,10,10,2,2,8,39.0%,200,73.0%,52.0%,39.0%,-,-,-,-,-,-,-,-
638,Eliminated,10,10,4,2,6,39.0%,200,83.0%,52.0%,39.0%,-,-,-,-,-,-,-,-
639,Eliminated,10,20,10,2,8,39.0%,200,79.0%,51.0%,39.0%,-,-,-,-,-,-,-,-
640,Eliminated,15,0,4,3,8,39.0%,200,94.5%,55.0%,39.0%,-,-,-,-,-,-,-,-
641,Eliminated,15,10,4,3,2,39.0%,200,75.0%,59.0%,39.0%,-,-,-,-,-,-,-,-
642,Eliminated,15,15,2,3,8,39.0%,200,77.5%,54.5%,39.0%,-,-,-,-,-,-,-,-
643,Eliminated,20,5,2,2,6,39.0%,200,87.0%,53.0%,39.0%,-,-,-,-,-,-,-,-
644,Eliminated,5,10,2,3,10,38.5%,200,80.0%,51.5%,38.5%,-,-,-,-,-,-,-,-
645,Eliminated,10,10,2,3,10,38.5%,200,74.0%,53.5%,38.5%,-,-,-,-,-,-,-,-
646,Eliminated,15,15,4,3,6,38.5%,200,80.5%,54.5%,38.5%,-,-,-,-,-,-,-,-
647,Eliminated,20,10,2,2,6,38.5%,200,78.0%,52.0%,38.5%,-,-,-,-,-,-,-,-
648,Eliminated,20,10,2,2,8,38.5%,200,76.0%,53.0%,38.5%,-,-,-,-,-,-,-,-
649,Eliminated,10,5,2,2,2,38.0%,200,74.5%,53.5%,38.0%,-,-,-,-,-,-,-,-
650,Eliminated,15,10,6,3,2,38.0%,200,75.0%,51.5%,38.0%,-,-,-,-,-,-,-,-
651,Eliminated,20,0,2,2,10,38.0%,200,93.5%,52.5%,38.0%,-,-,-,-,-,-,-,-
652,Eliminated,20,15,2,3,4,38.0%,200,72.5%,53.5%,38.0%,-,-,-,-,-,-,-,-
653,Eliminated,0,5,6,2,2,37.5%,200,76.0%,51.5%,37.5%,-,-,-,-,-,-,-,-
654,Eliminated,5,5,2,3,2,37.5%,200,73.5%,56.5%,37.5%,-,-,-,-,-,-,-,-
655,Eliminated,10,5,2,1,4,37.5%,200,74.5%,56.0%,37.5%,-,-,-,-,-,-,-,-
656,Eliminated,10,10,2,2,10,37.5%,200,76.0%,52.5%,37.5%,-,-,-,-,-,-,-,-
657,Eliminated,0,15,10,3,8,37.0%,200,76.0%,51.5%,37.0%,-,-,-,-,-,-,-,-
658,Eliminated,0,0,2,3,8,36.5%,200,80.5%,53.0%,36.5%,-,-,-,-,-,-,-,-
659,Eliminated,5,5,10,2,8,36.5%,200,83.5%,51.0%,36.5%,-,-,-,-,-,-,-,-
660,Eliminated,5,20,4,3,4,36.5%,200,72.0%,52.0%,36.5%,-,-,-,-,-,-,-,-
661,Eliminated,0,20,10,3,6,36.0%,200,77.0%,54.0%,36.0%,-,-,-,-,-,-,-,-
662,Eliminated,5,5,2,2,4,35.5%,200,75.0%,51.0%,35.5%,-,-,-,-,-,-,-,-
663,Eliminated,15,10,2,2,8,35.5%,200,73.5%,51.5%,35.5%,-,-,-,-,-,-,-,-
664,Eliminated,20,20,2,3,6,35.0%,200,75.5%,52.0%,35.0%,-,-,-,-,-,-,-,-
665,Eliminated,10,5,0,3,8,34.5%,200,73.0%,52.0%,34.5%,-,-,-,-,-,-,-,-
666,Eliminated,15,10,2,2,6,34.5%,200,71.5%,54.5%,34.5%,-,-,-,-,-,-,-,-
667,Eliminated,10,20,2,3,10,34.0%,200,79.0%,51.0%,34.0%,-,-,-,-,-,-,-,-
668,Eliminated,15,5,2,2,6,33.5%,200,79.5%,51.0%,33.5%,-,-,-,-,-,-,-,-
669,Eliminated,15,20,2,2,10,33.5%,200,76.5%,53.0%,33.5%,-,-,-,-,-,-,-,-
670,Eliminated,20,15,2,2,10,32.5%,200,76.0%,56.0%,32.5%,-,-,-,-,-,-,-,-
671,Eliminated,20,20,2,3,8,32.5%,200,74.5%,52.0%,32.5%,-,-,-,-,-,-,-,-
672,Eliminated,15,20,2,2,8,31.0%,200,76.5%,57.0%,31.0%,-,-,-,-,-,-,-,-
673,Eliminated,20,5,0,3,6,30.0%,200,79.0%,52.0%,30.0%,-,-,-,-,-,-,-,-
674,Eliminated,20,5,2,1,4,30.0%,200,75.5%,52.5%,30.0%,-,-,-,-,-,-,-,-
675,Eliminated,15,5,2,1,4,28.0%,200,79.5%,52.0%,28.0%,-,-,-,-,-,-,-,-
676,Eliminated,15,20,2,3,6,51.0%,200,71.5%,51.0%,-,-,-,-,-,-,-,-,-
677,Eliminated,15,20,4,2,10,51.0%,200,85.5%,51.0%,-,-,-,-,-,-,-,-,-
678,Eliminated,15,20,8,2,10,51.0%,200,86.0%,51.0%,-,-,-,-,-,-,-,-,-
679,Eliminated,20,5,2,3,10,51.0%,200,77.0%,51.0%,-,-,-,-,-,-,-,-,-
680,Eliminated,20,5,6,2,10,51.0%,200,90.0%,51.0%,-,-,-,-,-,-,-,-,-
681,Eliminated,20,5,8,2,10,51.0%,200,91.0%,51.0%,-,-,-,-,-,-,-,-,-
682,Eliminated,20,5,10,2,8,51.0%,200,88.5%,51.0%,-,-,-,-,-,-,-,-,-
683,Eliminated,20,10,2,3,8,51.0%,200,74.5%,51.0%,-,-,-,-,-,-,-,-,-
684,Eliminated,20,10,6,2,8,51.0%,200,88.5%,51.0%,-,-,-,-,-,-,-,-,-
685,Eliminated,20,10,10,2,8,51.0%,200,84.0%,51.0%,-,-,-,-,-,-,-,-,-
686,Eliminated,20,15,0,3,8,51.0%,200,73.0%,51.0%,-,-,-,-,-,-,-,-,-
687,Eliminated,20,20,4,3,6,51.0%,200,77.0%,51.0%,-,-,-,-,-,-,-,-,-
688,Eliminated,0,5,6,2,6,50.5%,200,84.0%,50.5%,-,-,-,-,-,-,-,-,-
689,Eliminated,0,10,6,3,6,50.5%,200,84.0%,50.5%,-,-,-,-,-,-,-,-,-
690,Eliminated,0,10,6,3,8,50.5%,200,79.5%,50.5%,-,-,-,-,-,-,-,-,-
691,Eliminated,5,0,0,1,10,50.5%,200,87.0%,50.5%,-,-,-,-,-,-,-,-,-
692,Eliminated,5,5,6,3,2,50.5%,200,79.0%,50.5%,-,-,-,-,-,-,-,-,-
693,Eliminated,5,5,6,3,6,50.5%,200,89.0%,50.5%,-,-,-,-,-,-,-,-,-
694,Eliminated,5,15,10,3,10,50.5%,200,84.0%,50.5%,-,-,-,-,-,-,-,-,-
695,Eliminated,5,20,8,3,8,50.5%,200,83.0%,50.5%,-,-,-,-,-,-,-,-,-
696,Eliminated,10,0,0,3,4,50.5%,200,73.0%,50.5%,-,-,-,-,-,-,-,-,-
697,Eliminated,10,0,0,3,8,50.5%,200,86.0%,50.5%,-,-,-,-,-,-,-,-,-
698,Eliminated,10,0,4,2,6,50.5%,200,95.5%,50.5%,-,-,-,-,-,-,-,-,-
699,Eliminated,10,5,4,1,4,50.5%,200,81.5%,50.5%,-,-,-,-,-,-,-,-,-
700,Eliminated,10,10,2,3,8,50.5%,200,78.0%,50.5%,-,-,-,-,-,-,-,-,-
701,Eliminated,10,10,6,2,4,50.5%,200,84.5%,50.5%,-,-,-,-,-,-,-,-,-
702,Eliminated,10,10,8,2,4,50.5%,200,75.0%,50.5%,-,-,-,-,-,-,-,-,-
703,Eliminated,10,15,4,2,6,50.5%,200,85.0%,50.5%,-,-,-,-,-,-,-,-,-
704,Eliminated,10,15,6,3,4,50.5%,200,77.5%,50.5%,-,-,-,-,-,-,-,-,-
705,Eliminated,10,15,8,2,6,50.5%,200,81.5%,50.5%,-,-,-,-,-,-,-,-,-
706,Eliminated,15,0,2,3,4,50.5%,200,86.0%,50.5%,-,-,-,-,-,-,-,-,-
707,Eliminated,15,0,6,1,6,50.5%,200,94.5%,50.5%,-,-,-,-,-,-,-,-,-
708,Eliminated,15,5,0,3,8,50.5%,200,75.5%,50.5%,-,-,-,-,-,-,-,-,-
709,Eliminated,15,5,4,3,8,50.5%,200,83.0%,50.5%,-,-,-,-,-,-,-,-,-
710,Eliminated,15,5,10,2,4,50.5%,200,81.0%,50.5%,-,-,-,-,-,-,-,-,-
711,Eliminated,15,10,0,3,4,50.5%,200,71.0%,50.5%,-,-,-,-,-,-,-,-,-
712,Eliminated,15,10,6,3,8,50.5%,200,84.5%,50.5%,-,-,-,-,-,-,-,-,-
713,Eliminated,20,0,2,3,2,50.5%,200,77.0%,50.5%,-,-,-,-,-,-,-,-,-
714,Eliminated,20,5,2,1,2,50.5%,200,75.0%,50.5%,-,-,-,-,-,-,-,-,-
715,Eliminated,20,5,8,3,8,50.5%,200,90.0%,50.5%,-,-,-,-,-,-,-,-,-
716,Eliminated,20,5,8,3,10,50.5%,200,93.5%,50.5%,-,-,-,-,-,-,-,-,-
717,Eliminated,20,10,2,2,10,50.5%,200,76.0%,50.5%,-,-,-,-,-,-,-,-,-
718,Eliminated,20,15,4,2,6,50.5%,200,79.5%,50.5%,-,-,-,-,-,-,-,-,-
719,Eliminated,20,15,6,2,6,50.5%,200,85.5%,50.5%,-,-,-,-,-,-,-,-,-
720,Eliminated,20,15,10,2,4,50.5%,200,77.5%,50.5%,-,-,-,-,-,-,-,-,-
721,Eliminated,20,15,10,3,10,50.5%,200,83.0%,50.5%,-,-,-,-,-,-,-,-,-
722,Eliminated,0,0,8,2,4,50.0%,200,83.0%,50.0%,-,-,-,-,-,-,-,-,-
723,Eliminated,0,5,2,2,4,50.0%,200,76.5%,50.0%,-,-,-,-,-,-,-,-,-
724,Eliminated,0,5,10,3,8,50.0%,200,88.0%,50.0%,-,-,-,-,-,-,-,-,-
725,Eliminated,5,0,2,2,6,50.0%,200,78.5%,50.0%,-,-,-,-,-,-,-,-,-
726,Eliminated,5,5,4,3,10,50.0%,200,80.5%,50.0%,-,-,-,-,-,-,-,-,-
727,Eliminated,10,0,2,1,2,50.0%,200,80.0%,50.0%,-,-,-,-,-,-,-,-,-
728,Eliminated,10,0,2,3,2,50.0%,200,74.5%,50.0%,-,-,-,-,-,-,-,-,-
729,Eliminated,10,0,2,3,4,50.0%,200,83.5%,50.0%,-,-,-,-,-,-,-,-,-
730,Eliminated,10,0,8,1,6,50.0%,200,91.0%,50.0%,-,-,-,-,-,-,-,-,-
731,Eliminated,10,0,8,1,8,50.0%,200,95.5%,50.0%,-,-,-,-,-,-,-,-,-
732,Eliminated,10,5,2,2,6,50.0%,200,81.0%,50.0%,-,-,-,-,-,-,-,-,-
733,Eliminated,10,5,2,3,0,50.0%,200,70.5%,50.0%,-,-,-,-,-,-,-,-,-
734,Eliminated,10,5,10,2,10,50.0%,200,88.0%,50.0%,-,-,-,-,-,-,-,-,-
735,Eliminated,10,10,2,3,4,50.0%,200,75.0%,50.0%,-,-,-,-,-,-,-,-,-
736,Eliminated,10,15,2,3,10,50.0%,200,78.0%,50.0%,-,-,-,-,-,-,-,-,-
737,Eliminated,10,15,4,3,8,50.0%,200,77.0%,50.0%,-,-,-,-,-,-,-,-,-
738,Eliminated,10,15,6,2,6,50.0%,200,83.5%,50.0%,-,-,-,-,-,-,-,-,-
739,Eliminated,10,15,8,3,4,50.0%,200,75.5%,50.0%,-,-,-,-,-,-,-,-,-
740,Eliminated,15,5,4,3,2,50.0%,200,74.5%,50.0%,-,-,-,-,-,-,-,-,-
741,Eliminated,15,10,2,3,2,50.0%,200,73.5%,50.0%,-,-,-,-,-,-,-,-,-
742,Eliminated,15,10,8,3,4,50.0%,200,86.0%,50.0%,-,-,-,-,-,-,-,-,-
743,Eliminated,15,15,4,2,6,50.0%,200,83.5%,50.0%,-,-,-,-,-,-,-,-,-
744,Eliminated,15,15,8,3,8,50.0%,200,89.5%,50.0%,-,-,-,-,-,-,-,-,-
745,Eliminated,15,20,6,3,4,50.0%,200,75.5%,50.0%,-,-,-,-,-,-,-,-,-
746,Eliminated,20,0,0,2,2,50.0%,200,71.0%,50.0%,-,-,-,-,-,-,-,-,-
747,Eliminated,20,0,2,1,2,50.0%,200,84.0%,50.0%,-,-,-,-,-,-,-,-,-
748,Eliminated,20,0,4,1,2,50.0%,200,80.0%,50.0%,-,-,-,-,-,-,-,-,-
749,Eliminated,20,10,4,3,10,50.0%,200,78.5%,50.0%,-,-,-,-,-,-,-,-,-
750,Eliminated,20,10,6,2,10,50.0%,200,84.0%,50.0%,-,-,-,-,-,-,-,-,-
751,Eliminated,20,10,8,2,4,50.0%,200,82.5%,50.0%,-,-,-,-,-,-,-,-,-
752,Eliminated,20,15,10,3,4,49.7%,199,76.0%,49.7%,-,-,-,-,-,-,-,-,-
753,Eliminated,0,0,0,2,8,49.5%,200,76.5%,49.5%,-,-,-,-,-,-,-,-,-
754,Eliminated,0,0,4,3,8,49.5%,200,85.5%,49.5%,-,-,-,-,-,-,-,-,-
755,Eliminated,0,0,6,3,8,49.5%,200,86.5%,49.5%,-,-,-,-,-,-,-,-,-
756,Eliminated,0,0,8,3,10,49.5%,200,90.0%,49.5%,-,-,-,-,-,-,-,-,-
757,Eliminated,0,5,4,3,8,49.5%,200,79.5%,49.5%,-,-,-,-,-,-,-,-,-
758,Eliminated,0,10,4,3,6,49.5%,200,77.0%,49.5%,-,-,-,-,-,-,-,-,-
759,Eliminated,0,10,4,3,10,49.5%,200,71.5%,49.5%,-,-,-,-,-,-,-,-,-
760,Eliminated,5,0,0,3,8,49.5%,200,83.5%,49.5%,-,-,-,-,-,-,-,-,-
761,Eliminated,5,0,4,1,8,49.5%,200,85.5%,49.5%,-,-,-,-,-,-,-,-,-
762,Eliminated,5,0,8,3,4,49.5%,200,85.0%,49.5%,-,-,-,-,-,-,-,-,-
763,Eliminated,5,20,8,3,4,49.5%,200,76.5%,49.5%,-,-,-,-,-,-,-,-,-
764,Eliminated,10,0,0,2,4,49.5%,200,77.0%,49.5%,-,-,-,-,-,-,-,-,-
765,Eliminated,10,10,0,2,10,49.5%,200,71.5%,49.5%,-,-,-,-,-,-,-,-,-
766,Eliminated,10,20,4,2,8,49.5%,200,82.5%,49.5%,-,-,-,-,-,-,-,-,-
767,Eliminated,10,20,6,3,10,49.5%,200,80.0%,49.5%,-,-,-,-,-,-,-,-,-
768,Eliminated,10,20,8,2,4,49.5%,200,76.0%,49.5%,-,-,-,-,-,-,-,-,-
769,Eliminated,10,20,8,2,10,49.5%,200,86.0%,49.5%,-,-,-,-,-,-,-,-,-
770,Eliminated,10,20,10,2,10,49.5%,200,74.5%,49.5%,-,-,-,-,-,-,-,-,-
771,Eliminated,15,0,0,3,8,49.5%,200,85.5%,49.5%,-,-,-,-,-,-,-,-,-
772,Eliminated,15,0,0,3,10,49.5%,200,86.5%,49.5%,-,-,-,-,-,-,-,-,-
773,Eliminated,15,0,2,2,2,49.5%,200,81.5%,49.5%,-,-,-,-,-,-,-,-,-
774,Eliminated,15,5,2,2,2,49.5%,200,74.0%,49.5%,-,-,-,-,-,-,-,-,-
775,Eliminated,15,5,4,3,0,49.5%,200,73.5%,49.5%,-,-,-,-,-,-,-,-,-
776,Eliminated,15,10,6,2,10,49.5%,200,84.5%,49.5%,-,-,-,-,-,-,-,-,-
777,Eliminated,15,10,8,2,4,49.5%,200,80.5%,49.5%,-,-,-,-,-,-,-,-,-
778,Eliminated,15,10,8,2,10,49.5%,200,85.5%,49.5%,-,-,-,-,-,-,-,-,-
779,Eliminated,15,15,2,3,10,49.5%,200,75.0%,49.5%,-,-,-,-,-,-,-,-,-
780,Eliminated,15,15,6,3,8,49.5%,200,86.0%,49.5%,-,-,-,-,-,-,-,-,-
781,Eliminated,15,20,4,3,4,49.5%,200,79.0%,49.5%,-,-,-,-,-,-,-,-,-
782,Eliminated,15,20,8,3,10,49.5%,200,86.5%,49.5%,-,-,-,-,-,-,-,-,-
783,Eliminated,20,0,2,2,2,49.5%,200,81.5%,49.5%,-,-,-,-,-,-,-,-,-
784,Eliminated,20,0,8,1,8,49.5%,200,95.0%,49.5%,-,-,-,-,-,-,-,-,-
785,Eliminated,20,5,4,1,2,49.5%,200,79.0%,49.5%,-,-,-,-,-,-,-,-,-
786,Eliminated,20,15,6,2,10,49.5%,200,79.5%,49.5%,-,-,-,-,-,-,-,-,-
787,Eliminated,20,15,8,2,8,49.5%,200,85.0%,49.5%,-,-,-,-,-,-,-,-,-
788,Eliminated,20,20,2,2,8,49.5%,200,71.5%,49.5%,-,-,-,-,-,-,-,-,-
789,Eliminated,20,20,4,3,10,49.5%,200,79.5%,49.5%,-,-,-,-,-,-,-,-,-
790,Eliminated,0,0,4,2,10,49.0%,200,83.0%,49.0%,-,-,-,-,-,-,-,-,-
791,Eliminated,0,0,10,2,4,49.0%,200,79.0%,49.0%,-,-,-,-,-,-,-,-,-
792,Eliminated,0,5,8,3,8,49.0%,200,86.0%,49.0%,-,-,-,-,-,-,-,-,-
793,Eliminated,0,10,2,3,6,49.0%,200,73.5%,49.0%,-,-,-,-,-,-,-,-,-
794,Eliminated,0,10,10,3,2,49.0%,200,75.0%,49.0%,-,-,-,-,-,-,-,-,-
795,Eliminated,0,20,4,3,8,49.0%,200,72.5%,49.0%,-,-,-,-,-,-,-,-,-
796,Eliminated,5,5,2,2,10,49.0%,200,81.0%,49.0%,-,-,-,-,-,-,-,-,-
797,Eliminated,5,5,10,2,6,49.0%,200,83.5%,49.0%,-,-,-,-,-,-,-,-,-
798,Eliminated,5,10,4,2,4,49.0%,200,74.5%,49.0%,-,-,-,-,-,-,-,-,-
799,Eliminated,5,15,10,3,4,49.0%,200,75.0%,49.0%,-,-,-,-,-,-,-,-,-
800,Eliminated,10,0,2,2,4,49.0%,200,87.0%,49.0%,-,-,-,-,-,-,-,-,-
801,Eliminated,10,0,6,1,6,49.0%,200,94.5%,49.0%,-,-,-,-,-,-,-,-,-
802,Eliminated,10,5,0,3,4,49.0%,200,71.5%,49.0%,-,-,-,-,-,-,-,-,-
803,Eliminated,10,15,2,2,8,49.0%,200,73.5%,49.0%,-,-,-,-,-,-,-,-,-
804,Eliminated,10,15,4,2,10,49.0%,200,77.0%,49.0%,-,-,-,-,-,-,-,-,-
805,Eliminated,10,15,6,2,8,49.0%,200,82.5%,49.0%,-,-,-,-,-,-,-,-,-
806,Eliminated,10,15,10,2,6,49.0%,200,75.5%,49.0%,-,-,-,-,-,-,-,-,-
807,Eliminated,10,15,10,2,8,49.0%,200,77.0%,49.0%,-,-,-,-,-,-,-,-,-
808,Eliminated,10,20,2,3,8,49.0%,200,74.0%,49.0%,-,-,-,-,-,-,-,-,-
809,Eliminated,10,20,6,2,8,49.0%,200,83.0%,49.0%,-,-,-,-,-,-,-,-,-
810,Eliminated,15,0,0,1,2,49.0%,200,73.0%,49.0%,-,-,-,-,-,-,-,-,-
811,Eliminated,15,20,6,2,6,49.0%,200,86.0%,49.0%,-,-,-,-,-,-,-,-,-
812,Eliminated,15,20,6,3,8,49.0%,200,87.5%,49.0%,-,-,-,-,-,-,-,-,-
813,Eliminated,20,0,2,3,4,49.0%,200,80.5%,49.0%,-,-,-,-,-,-,-,-,-
814,Eliminated,20,5,8,3,2,49.0%,200,82.5%,49.0%,-,-,-,-,-,-,-,-,-
815,Eliminated,20,10,4,3,8,49.0%,200,83.0%,49.0%,-,-,-,-,-,-,-,-,-
816,Eliminated,20,10,8,2,10,49.0%,200,87.0%,49.0%,-,-,-,-,-,-,-,-,-
817,Eliminated,20,10,10,2,6,49.0%,200,85.0%,49.0%,-,-,-,-,-,-,-,-,-
818,Eliminated,20,20,8,2,10,49.0%,200,87.5%,49.0%,-,-,-,-,-,-,-,-,-
819,Eliminated,20,20,10,2,6,49.0%,200,89.0%,49.0%,-,-,-,-,-,-,-,-,-
820,Eliminated,0,15,6,3,8,48.5%,200,81.0%,48.5%,-,-,-,-,-,-,-,-,-
821,Eliminated,5,0,0,2,6,48.5%,200,80.5%,48.5%,-,-,-,-,-,-,-,-,-
822,Eliminated,5,0,2,1,6,48.5%,200,82.5%,48.5%,-,-,-,-,-,-,-,-,-
823,Eliminated,5,5,2,2,2,48.5%,200,73.5%,48.5%,-,-,-,-,-,-,-,-,-
824,Eliminated,5,5,6,3,8,48.5%,200,86.5%,48.5%,-,-,-,-,-,-,-,-,-
825,Eliminated,5,20,2,3,8,48.5%,200,71.0%,48.5%,-,-,-,-,-,-,-,-,-
826,Eliminated,10,0,2,1,10,48.5%,200,92.5%,48.5%,-,-,-,-,-,-,-,-,-
827,Eliminated,10,0,2,2,0,48.5%,200,74.0%,48.5%,-,-,-,-,-,-,-,-,-
828,Eliminated,10,0,2,2,6,48.5%,200,85.0%,48.5%,-,-,-,-,-,-,-,-,-
829,Eliminated,10,0,2,2,8,48.5%,200,91.0%,48.5%,-,-,-,-,-,-,-,-,-
830,Eliminated,10,0,6,1,10,48.5%,200,96.5%,48.5%,-,-,-,-,-,-,-,-,-
831,Eliminated,10,15,8,2,10,48.5%,200,81.5%,48.5%,-,-,-,-,-,-,-,-,-
832,Eliminated,10,20,4,2,4,48.5%,200,76.0%,48.5%,-,-,-,-,-,-,-,-,-
833,Eliminated,15,0,2,2,10,48.5%,200,93.5%,48.5%,-,-,-,-,-,-,-,-,-
834,Eliminated,15,5,2,2,4,48.5%,200,82.0%,48.5%,-,-,-,-,-,-,-,-,-
835,Eliminated,15,5,2,3,8,48.5%,200,77.0%,48.5%,-,-,-,-,-,-,-,-,-
836,Eliminated,15,10,4,3,8,48.5%,200,86.5%,48.5%,-,-,-,-,-,-,-,-,-
837,Eliminated,15,15,6,3,4,48.5%,200,84.0%,48.5%,-,-,-,-,-,-,-,-,-
838,Eliminated,15,20,2,2,6,48.5%,200,74.0%,48.5%,-,-,-,-,-,-,-,-,-
839,Eliminated,15,20,6,2,10,48.5%,200,82.0%,48.5%,-,-,-,-,-,-,-,-,-
840,Eliminated,15,20,10,3,6,48.5%,200,81.5%,48.5%,-,-,-,-,-,-,-,-,-
841,Eliminated,20,0,0,3,4,48.5%,200,77.0%,48.5%,-,-,-,-,-,-,-,-,-
842,Eliminated,20,20,6,3,10,48.5%,200,84.0%,48.5%,-,-,-,-,-,-,-,-,-
843,Eliminated,0,0,0,3,4,48.0%,200,72.5%,48.0%,-,-,-,-,-,-,-,-,-
844,Eliminated,0,5,8,2,4,48.0%,200,79.0%,48.0%,-,-,-,-,-,-,-,-,-
845,Eliminated,5,5,4,2,2,48.0%,200,72.0%,48.0%,-,-,-,-,-,-,-,-,-
846,Eliminated,5,5,8,2,6,48.0%,200,84.5%,48.0%,-,-,-,-,-,-,-,-,-
847,Eliminated,5,10,6,2,4,48.0%,200,74.5%,48.0%,-,-,-,-,-,-,-,-,-
848,Eliminated,10,0,0,3,0,48.0%,200,74.5%,48.0%,-,-,-,-,-,-,-,-,-
849,Eliminated,10,0,4,1,4,48.0%,200,89.0%,48.0%,-,-,-,-,-,-,-,-,-
850,Eliminated,10,0,6,1,8,48.0%,200,94.5%,48.0%,-,-,-,-,-,-,-,-,-
851,Eliminated,10,0,6,2,4,48.0%,200,90.5%,48.0%,-,-,-,-,-,-,-,-,-
852,Eliminated,10,15,6,2,4,48.0%,200,77.5%,48.0%,-,-,-,-,-,-,-,-,-
853,Eliminated,15,0,10,3,2,48.0%,200,79.0%,48.0%,-,-,-,-,-,-,-,-,-
854,Eliminated,15,5,0,3,2,48.0%,200,71.0%,48.0%,-,-,-,-,-,-,-,-,-
855,Eliminated,15,5,0,3,4,48.0%,200,76.5%,48.0%,-,-,-,-,-,-,-,-,-
856,Eliminated,15,5,6,1,2,48.0%,200,77.0%,48.0%,-,-,-,-,-,-,-,-,-
857,Eliminated,15,15,4,3,4,48.0%,200,78.5%,48.0%,-,-,-,-,-,-,-,-,-
858,Eliminated,15,20,4,2,8,48.0%,200,75.0%,48.0%,-,-,-,-,-,-,-,-,-
859,Eliminated,15,20,10,2,6,48.0%,200,87.5%,48.0%,-,-,-,-,-,-,-,-,-
860,Eliminated,20,0,0,1,8,48.0%,200,88.0%,48.0%,-,-,-,-,-,-,-,-,-
861,Eliminated,20,0,2,1,8,48.0%,200,92.0%,48.0%,-,-,-,-,-,-,-,-,-
862,Eliminated,20,5,0,3,8,48.0%,200,75.0%,48.0%,-,-,-,-,-,-,-,-,-
863,Eliminated,20,5,4,2,10,48.0%,200,87.0%,48.0%,-,-,-,-,-,-,-,-,-
864,Eliminated,20,5,6,1,2,48.0%,200,77.0%,48.0%,-,-,-,-,-,-,-,-,-
865,Eliminated,20,15,6,3,4,48.0%,200,79.0%,48.0%,-,-,-,-,-,-,-,-,-
866,Eliminated,20,15,8,3,6,48.0%,200,84.5%,48.0%,-,-,-,-,-,-,-,-,-
867,Eliminated,20,20,8,2,6,48.0%,200,85.0%,48.0%,-,-,-,-,-,-,-,-,-
868,Eliminated,20,20,10,2,4,48.0%,200,77.5%,48.0%,-,-,-,-,-,-,-,-,-
869,Eliminated,0,0,8,2,8,47.5%,200,90.5%,47.5%,-,-,-,-,-,-,-,-,-
870,Eliminated,0,10,10,3,8,47.5%,200,84.5%,47.5%,-,-,-,-,-,-,-,-,-
871,Eliminated,5,0,0,3,6,47.5%,200,73.5%,47.5%,-,-,-,-,-,-,-,-,-
872,Eliminated,5,0,6,1,8,47.5%,200,85.0%,47.5%,-,-,-,-,-,-,-,-,-
873,Eliminated,5,5,2,3,6,47.5%,200,76.0%,47.5%,-,-,-,-,-,-,-,-,-
874,Eliminated,5,5,2,3,8,47.5%,200,75.5%,47.5%,-,-,-,-,-,-,-,-,-
875,Eliminated,5,5,6,2,10,47.5%,200,82.0%,47.5%,-,-,-,-,-,-,-,-,-
876,Eliminated,5,10,4,2,10,47.5%,200,79.5%,47.5%,-,-,-,-,-,-,-,-,-
877,Eliminated,10,5,6,3,10,47.5%,200,88.5%,47.5%,-,-,-,-,-,-,-,-,-
878,Eliminated,10,15,2,2,10,47.5%,200,81.0%,47.5%,-,-,-,-,-,-,-,-,-
879,Eliminated,10,20,4,3,4,47.5%,200,77.0%,47.5%,-,-,-,-,-,-,-,-,-
880,Eliminated,15,0,2,2,6,47.5%,200,88.5%,47.5%,-,-,-,-,-,-,-,-,-
881,Eliminated,15,0,6,1,4,47.5%,200,91.0%,47.5%,-,-,-,-,-,-,-,-,-
882,Eliminated,15,5,10,3,2,47.5%,200,76.0%,47.5%,-,-,-,-,-,-,-,-,-
883,Eliminated,15,15,2,3,6,47.5%,200,73.0%,47.5%,-,-,-,-,-,-,-,-,-
884,Eliminated,15,15,4,2,10,47.5%,200,80.0%,47.5%,-,-,-,-,-,-,-,-,-
885,Eliminated,15,15,6,2,10,47.5%,200,86.5%,47.5%,-,-,-,-,-,-,-,-,-
886,Eliminated,15,15,8,2,10,47.5%,200,85.5%,47.5%,-,-,-,-,-,-,-,-,-
887,Eliminated,15,20,6,2,8,47.5%,200,86.5%,47.5%,-,-,-,-,-,-,-,-,-
888,Eliminated,20,5,0,2,4,47.5%,200,73.5%,47.5%,-,-,-,-,-,-,-,-,-
889,Eliminated,20,5,4,1,4,47.5%,200,83.5%,47.5%,-,-,-,-,-,-,-,-,-
890,Eliminated,20,15,8,3,4,47.5%,200,78.5%,47.5%,-,-,-,-,-,-,-,-,-
891,Eliminated,20,20,2,2,10,47.5%,200,74.0%,47.5%,-,-,-,-,-,-,-,-,-
892,Eliminated,20,20,4,3,8,47.5%,200,83.0%,47.5%,-,-,-,-,-,-,-,-,-
893,Eliminated,20,20,6,3,8,47.5%,200,82.5%,47.5%,-,-,-,-,-,-,-,-,-
894,Eliminated,20,20,10,2,10,47.5%,200,81.5%,47.5%,-,-,-,-,-,-,-,-,-
895,Eliminated,0,0,6,3,10,47.0%,200,91.0%,47.0%,-,-,-,-,-,-,-,-,-
896,Eliminated,0,5,4,2,6,47.0%,200,78.5%,47.0%,-,-,-,-,-,-,-,-,-
897,Eliminated,0,10,6,3,10,47.0%,200,78.5%,47.0%,-,-,-,-,-,-,-,-,-
898,Eliminated,5,20,10,3,10,47.0%,200,84.0%,47.0%,-,-,-,-,-,-,-,-,-
899,Eliminated,10,0,0,1,4,47.0%,200,78.5%,47.0%,-,-,-,-,-,-,-,-,-
900,Eliminated,10,0,8,3,2,47.0%,200,77.0%,47.0%,-,-,-,-,-,-,-,-,-
901,Eliminated,10,5,10,2,8,47.0%,200,89.5%,47.0%,-,-,-,-,-,-,-,-,-
902,Eliminated,10,10,4,2,4,47.0%,200,80.0%,47.0%,-,-,-,-,-,-,-,-,-
903,Eliminated,10,10,4,3,2,47.0%,200,70.5%,47.0%,-,-,-,-,-,-,-,-,-
904,Eliminated,10,15,6,2,10,47.0%,200,81.0%,47.0%,-,-,-,-,-,-,-,-,-
905,Eliminated,10,15,8,2,4,47.0%,200,79.0%,47.0%,-,-,-,-,-,-,-,-,-
906,Eliminated,10,15,10,2,10,47.0%,200,77.5%,47.0%,-,-,-,-,-,-,-,-,-
907,Eliminated,15,0,8,1,10,47.0%,200,94.5%,47.0%,-,-,-,-,-,-,-,-,-
908,Eliminated,15,0,8,2,4,47.0%,200,91.0%,47.0%,-,-,-,-,-,-,-,-,-
909,Eliminated,15,5,0,3,10,47.0%,200,73.5%,47.0%,-,-,-,-,-,-,-,-,-
910,Eliminated,15,5,2,2,0,47.0%,200,72.5%,47.0%,-,-,-,-,-,-,-,-,-
911,Eliminated,15,5,2,2,8,47.0%,200,78.0%,47.0%,-,-,-,-,-,-,-,-,-
912,Eliminated,15,5,4,1,4,47.0%,200,79.5%,47.0%,-,-,-,-,-,-,-,-,-
913,Eliminated,15,20,8,2,4,47.0%,200,80.0%,47.0%,-,-,-,-,-,-,-,-,-
914,Eliminated,15,20,10,3,4,47.0%,200,76.0%,47.0%,-,-,-,-,-,-,-,-,-
915,Eliminated,20,0,10,3,2,47.0%,200,81.5%,47.0%,-,-,-,-,-,-,-,-,-
916,Eliminated,20,5,4,3,10,47.0%,200,83.5%,47.0%,-,-,-,-,-,-,-,-,-
917,Eliminated,20,5,10,3,2,47.0%,200,72.5%,47.0%,-,-,-,-,-,-,-,-,-
918,Eliminated,20,15,10,2,6,47.0%,200,87.0%,47.0%,-,-,-,-,-,-,-,-,-
919,Eliminated,0,5,10,3,10,46.5%,200,81.5%,46.5%,-,-,-,-,-,-,-,-,-
920,Eliminated,0,10,8,3,8,46.5%,200,84.5%,46.5%,-,-,-,-,-,-,-,-,-
921,Eliminated,0,15,6,3,10,46.5%,200,79.5%,46.5%,-,-,-,-,-,-,-,-,-
922,Eliminated,5,0,0,1,4,46.5%,200,70.5%,46.5%,-,-,-,-,-,-,-,-,-
923,Eliminated,5,0,2,3,2,46.5%,200,72.5%,46.5%,-,-,-,-,-,-,-,-,-
924,Eliminated,5,5,10,2,2,46.5%,200,74.0%,46.5%,-,-,-,-,-,-,-,-,-
925,Eliminated,5,10,6,2,10,46.5%,200,76.0%,46.5%,-,-,-,-,-,-,-,-,-
926,Eliminated,5,15,2,3,8,46.5%,200,71.5%,46.5%,-,-,-,-,-,-,-,-,-
927,Eliminated,10,0,2,1,4,46.5%,200,84.0%,46.5%,-,-,-,-,-,-,-,-,-
928,Eliminated,10,0,8,2,4,46.5%,200,89.0%,46.5%,-,-,-,-,-,-,-,-,-
929,Eliminated,10,0,10,3,2,46.5%,200,85.0%,46.5%,-,-,-,-,-,-,-,-,-
930,Eliminated,10,10,6,3,10,46.5%,200,86.0%,46.5%,-,-,-,-,-,-,-,-,-
931,Eliminated,10,15,8,2,8,46.5%,200,88.0%,46.5%,-,-,-,-,-,-,-,-,-
932,Eliminated,10,15,10,3,4,46.5%,200,78.0%,46.5%,-,-,-,-,-,-,-,-,-
933,Eliminated,15,0,0,3,2,46.5%,200,75.0%,46.5%,-,-,-,-,-,-,-,-,-
934,Eliminated,15,0,4,3,2,46.5%,200,84.0%,46.5%,-,-,-,-,-,-,-,-,-
935,Eliminated,15,5,2,1,6,46.5%,200,75.0%,46.5%,-,-,-,-,-,-,-,-,-
936,Eliminated,15,5,4,1,2,46.5%,200,77.0%,46.5%,-,-,-,-,-,-,-,-,-
937,Eliminated,15,10,8,3,10,46.5%,200,90.0%,46.5%,-,-,-,-,-,-,-,-,-
938,Eliminated,20,0,0,1,2,46.5%,200,73.0%,46.5%,-,-,-,-,-,-,-,-,-
939,Eliminated,20,0,0,1,4,46.5%,200,74.5%,46.5%,-,-,-,-,-,-,-,-,-
940,Eliminated,20,0,0,1,6,46.5%,200,78.0%,46.5%,-,-,-,-,-,-,-,-,-
941,Eliminated,20,0,8,3,2,46.5%,200,79.0%,46.5%,-,-,-,-,-,-,-,-,-
942,Eliminated,20,0,10,2,2,46.5%,200,74.5%,46.5%,-,-,-,-,-,-,-,-,-
943,Eliminated,20,5,0,2,8,46.5%,200,77.5%,46.5%,-,-,-,-,-,-,-,-,-
944,Eliminated,20,15,0,2,10,46.5%,200,72.0%,46.5%,-,-,-,-,-,-,-,-,-
945,Eliminated,20,15,2,3,6,46.5%,200,74.5%,46.5%,-,-,-,-,-,-,-,-,-
946,Eliminated,20,15,2,3,10,46.5%,200,73.0%,46.5%,-,-,-,-,-,-,-,-,-
947,Eliminated,20,15,8,2,4,46.5%,200,77.5%,46.5%,-,-,-,-,-,-,-,-,-
948,Eliminated,20,20,10,3,4,46.5%,200,83.0%,46.5%,-,-,-,-,-,-,-,-,-
949,Eliminated,0,20,10,3,10,46.0%,200,73.5%,46.0%,-,-,-,-,-,-,-,-,-
950,Eliminated,5,0,2,2,4,46.0%,200,75.5%,46.0%,-,-,-,-,-,-,-,-,-
951,Eliminated,5,5,8,2,2,46.0%,200,77.5%,46.0%,-,-,-,-,-,-,-,-,-
952,Eliminated,5,5,10,2,10,46.0%,200,82.0%,46.0%,-,-,-,-,-,-,-,-,-
953,Eliminated,5,20,0,3,10,46.0%,200,70.5%,46.0%,-,-,-,-,-,-,-,-,-
954,Eliminated,10,0,6,3,4,46.0%,200,87.5%,46.0%,-,-,-,-,-,-,-,-,-
955,Eliminated,10,5,0,3,6,46.0%,200,70.5%,46.0%,-,-,-,-,-,-,-,-,-
956,Eliminated,10,5,6,1,2,46.0%,200,72.0%,46.0%,-,-,-,-,-,-,-,-,-
957,Eliminated,10,5,10,3,2,46.0%,200,75.5%,46.0%,-,-,-,-,-,-,-,-,-
958,Eliminated,10,10,2,2,6,46.0%,200,76.5%,46.0%,-,-,-,-,-,-,-,-,-
959,Eliminated,10,10,2,3,6,46.0%,200,72.0%,46.0%,-,-,-,-,-,-,-,-,-
960,Eliminated,15,5,0,3,6,46.0%,200,73.5%,46.0%,-,-,-,-,-,-,-,-,-
961,Eliminated,15,5,8,2,2,46.0%,200,77.5%,46.0%,-,-,-,-,-,-,-,-,-
962,Eliminated,15,5,8,3,8,46.0%,200,90.0%,46.0%,-,-,-,-,-,-,-,-,-
963,Eliminated,15,10,0,3,2,46.0%,200,71.0%,46.0%,-,-,-,-,-,-,-,-,-
964,Eliminated,15,20,10,2,10,46.0%,200,82.0%,46.0%,-,-,-,-,-,-,-,-,-
965,Eliminated,20,0,0,3,2,46.0%,200,74.5%,46.0%,-,-,-,-,-,-,-,-,-
966,Eliminated,20,0,2,2,0,46.0%,200,72.0%,46.0%,-,-,-,-,-,-,-,-,-
967,Eliminated,20,0,4,1,10,46.0%,200,92.5%,46.0%,-,-,-,-,-,-,-,-,-
968,Eliminated,20,10,6,3,4,46.0%,200,83.0%,46.0%,-,-,-,-,-,-,-,-,-
969,Eliminated,0,10,4,2,4,45.5%,200,73.0%,45.5%,-,-,-,-,-,-,-,-,-
970,Eliminated,5,0,4,3,2,45.5%,200,75.0%,45.5%,-,-,-,-,-,-,-,-,-
971,Eliminated,5,5,10,3,2,45.5%,200,75.5%,45.5%,-,-,-,-,-,-,-,-,-
972,Eliminated,5,10,2,3,8,45.5%,200,74.0%,45.5%,-,-,-,-,-,-,-,-,-
973,Eliminated,5,15,2,3,10,45.5%,200,73.5%,45.5%,-,-,-,-,-,-,-,-,-
974,Eliminated,5,15,4,2,10,45.5%,200,70.5%,45.5%,-,-,-,-,-,-,-,-,-
975,Eliminated,5,20,10,3,4,45.5%,200,74.5%,45.5%,-,-,-,-,-,-,-,-,-
976,Eliminated,10,0,0,1,2,45.5%,200,71.5%,45.5%,-,-,-,-,-,-,-,-,-
977,Eliminated,10,0,0,3,6,45.5%,200,82.0%,45.5%,-,-,-,-,-,-,-,-,-
978,Eliminated,10,0,2,1,0,45.5%,200,72.0%,45.5%,-,-,-,-,-,-,-,-,-
979,Eliminated,10,0,2,1,8,45.5%,200,90.5%,45.5%,-,-,-,-,-,-,-,-,-
980,Eliminated,10,5,8,3,2,45.5%,200,79.0%,45.5%,-,-,-,-,-,-,-,-,-
981,Eliminated,10,5,10,2,2,45.5%,200,83.0%,45.5%,-,-,-,-,-,-,-,-,-
982,Eliminated,10,10,6,3,2,45.5%,200,74.5%,45.5%,-,-,-,-,-,-,-,-,-
983,Eliminated,10,15,2,3,4,45.5%,200,73.5%,45.5%,-,-,-,-,-,-,-,-,-
984,Eliminated,10,20,2,3,6,45.5%,200,74.0%,45.5%,-,-,-,-,-,-,-,-,-
985,Eliminated,10,20,8,2,8,45.5%,200,79.5%,45.5%,-,-,-,-,-,-,-,-,-
986,Eliminated,10,20,10,2,4,45.5%,200,72.0%,45.5%,-,-,-,-,-,-,-,-,-
987,Eliminated,15,0,8,2,0,45.5%,200,75.5%,45.5%,-,-,-,-,-,-,-,-,-
988,Eliminated,15,5,2,1,8,45.5%,200,73.0%,45.5%,-,-,-,-,-,-,-,-,-
989,Eliminated,15,5,2,3,10,45.5%,200,77.0%,45.5%,-,-,-,-,-,-,-,-,-
990,Eliminated,15,10,4,3,10,45.5%,200,83.5%,45.5%,-,-,-,-,-,-,-,-,-
991,Eliminated,15,10,8,3,2,45.5%,200,74.0%,45.5%,-,-,-,-,-,-,-,-,-
992,Eliminated,15,15,8,2,4,45.5%,200,76.5%,45.5%,-,-,-,-,-,-,-,-,-
993,Eliminated,15,20,2,2,4,45.5%,200,72.0%,45.5%,-,-,-,-,-,-,-,-,-
994,Eliminated,20,0,0,3,6,45.5%,200,84.0%,45.5%,-,-,-,-,-,-,-,-,-
995,Eliminated,20,0,0,3,8,45.5%,200,87.5%,45.5%,-,-,-,-,-,-,-,-,-
996,Eliminated,20,0,0,3,10,45.5%,200,87.5%,45.5%,-,-,-,-,-,-,-,-,-
997,Eliminated,20,0,6,1,4,45.5%,200,91.5%,45.5%,-,-,-,-,-,-,-,-,-
998,Eliminated,20,5,2,1,6,45.5%,200,82.0%,45.5%,-,-,-,-,-,-,-,-,-
999,Eliminated,20,5,2,1,10,45.5%,200,75.5%,45.5%,-,-,-,-,-,-,-,-,-
1000,Eliminated,20,20,6,2,4,45.5%,200,78.5%,45.5%,-,-,-,-,-,-,-,-,-
1001,Eliminated,5,5,6,2,2,45.0%,200,71.5%,45.0%,-,-,-,-,-,-,-,-,-
1002,Eliminated,5,5,8,2,10,45.0%,200,85.0%,45.0%,-,-,-,-,-,-,-,-,-
1003,Eliminated,10,0,2,3,8,45.0%,200,93.0%,45.0%,-,-,-,-,-,-,-,-,-
1004,Eliminated,10,5,2,1,6,45.0%,200,72.0%,45.0%,-,-,-,-,-,-,-,-,-
1005,Eliminated,10,5,2,1,10,45.0%,200,72.0%,45.0%,-,-,-,-,-,-,-,-,-
1006,Eliminated,10,10,8,2,8,45.0%,200,83.5%,45.0%,-,-,-,-,-,-,-,-,-
1007,Eliminated,10,10,10,2,4,45.0%,200,78.5%,45.0%,-,-,-,-,-,-,-,-,-
1008,Eliminated,15,0,0,3,0,45.0%,200,71.5%,45.0%,-,-,-,-,-,-,-,-,-
1009,Eliminated,15,5,2,1,2,45.0%,200,75.5%,45.0%,-,-,-,-,-,-,-,-,-
1010,Eliminated,15,5,2,1,10,45.0%,200,76.0%,45.0%,-,-,-,-,-,-,-,-,-
1011,Eliminated,15,5,6,3,10,45.0%,200,87.5%,45.0%,-,-,-,-,-,-,-,-,-
1012,Eliminated,20,0,0,2,4,45.0%,200,76.0%,45.0%,-,-,-,-,-,-,-,-,-
1013,Eliminated,20,0,2,3,8,45.0%,200,91.5%,45.0%,-,-,-,-,-,-,-,-,-
1014,Eliminated,20,0,10,1,8,45.0%,200,79.0%,45.0%,-,-,-,-,-,-,-,-,-
1015,Eliminated,20,5,0,2,2,45.0%,200,74.0%,45.0%,-,-,-,-,-,-,-,-,-
1016,Eliminated,20,10,6,3,8,45.0%,200,84.5%,45.0%,-,-,-,-,-,-,-,-,-
1017,Eliminated,20,15,0,2,6,45.0%,200,71.5%,45.0%,-,-,-,-,-,-,-,-,-
1018,Eliminated,0,10,8,3,10,44.5%,200,78.5%,44.5%,-,-,-,-,-,-,-,-,-
1019,Eliminated,0,20,10,3,8,44.5%,200,77.0%,44.5%,-,-,-,-,-,-,-,-,-
1020,Eliminated,5,5,2,3,10,44.5%,200,74.5%,44.5%,-,-,-,-,-,-,-,-,-
1021,Eliminated,5,10,0,3,10,44.5%,200,73.0%,44.5%,-,-,-,-,-,-,-,-,-
1022,Eliminated,5,10,2,2,10,44.5%,200,74.5%,44.5%,-,-,-,-,-,-,-,-,-
1023,Eliminated,5,10,6,3,2,44.5%,200,74.0%,44.5%,-,-,-,-,-,-,-,-,-
1024,Eliminated,5,10,10,2,6,44.5%,200,72.5%,44.5%,-,-,-,-,-,-,-,-,-
1025,Eliminated,10,0,0,1,10,44.5%,200,87.0%,44.5%,-,-,-,-,-,-,-,-,-
1026,Eliminated,10,10,4,1,2,44.5%,200,72.0%,44.5%,-,-,-,-,-,-,-,-,-
1027,Eliminated,10,20,2,2,6,44.5%,200,75.5%,44.5%,-,-,-,-,-,-,-,-,-
1028,Eliminated,10,20,2,2,10,44.5%,200,72.5%,44.5%,-,-,-,-,-,-,-,-,-
1029,Eliminated,10,20,10,3,4,44.5%,200,78.0%,44.5%,-,-,-,-,-,-,-,-,-
1030,Eliminated,15,10,0,2,10,44.5%,200,74.0%,44.5%,-,-,-,-,-,-,-,-,-
1031,Eliminated,15,15,2,2,8,44.5%,200,77.5%,44.5%,-,-,-,-,-,-,-,-,-
1032,Eliminated,15,15,2,2,10,44.5%,200,74.5%,44.5%,-,-,-,-,-,-,-,-,-
1033,Eliminated,15,15,4,3,10,44.5%,200,79.0%,44.5%,-,-,-,-,-,-,-,-,-
1034,Eliminated,15,20,4,3,6,44.5%,200,80.5%,44.5%,-,-,-,-,-,-,-,-,-
1035,Eliminated,15,20,10,2,4,44.5%,200,77.5%,44.5%,-,-,-,-,-,-,-,-,-
1036,Eliminated,20,0,4,2,0,44.5%,200,74.5%,44.5%,-,-,-,-,-,-,-,-,-
1037,Eliminated,20,5,0,2,6,44.5%,200,72.0%,44.5%,-,-,-,-,-,-,-,-,-
1038,Eliminated,20,5,6,1,4,44.5%,200,78.0%,44.5%,-,-,-,-,-,-,-,-,-
1039,Eliminated,20,5,8,1,2,44.5%,200,75.0%,44.5%,-,-,-,-,-,-,-,-,-
1040,Eliminated,20,15,2,2,6,44.5%,200,75.5%,44.5%,-,-,-,-,-,-,-,-,-
1041,Eliminated,20,15,8,3,8,44.5%,200,85.0%,44.5%,-,-,-,-,-,-,-,-,-
1042,Eliminated,20,15,10,2,10,44.5%,200,86.5%,44.5%,-,-,-,-,-,-,-,-,-
1043,Eliminated,20,20,2,2,6,44.5%,200,76.0%,44.5%,-,-,-,-,-,-,-,-,-
1044,Eliminated,0,5,4,3,10,44.0%,200,85.0%,44.0%,-,-,-,-,-,-,-,-,-
1045,Eliminated,0,15,10,3,10,44.0%,200,77.0%,44.0%,-,-,-,-,-,-,-,-,-
1046,Eliminated,5,0,6,2,2,44.0%,200,80.5%,44.0%,-,-,-,-,-,-,-,-,-
1047,Eliminated,5,10,6,2,6,44.0%,200,76.5%,44.0%,-,-,-,-,-,-,-,-,-
1048,Eliminated,5,10,8,2,2,44.0%,200,73.0%,44.0%,-,-,-,-,-,-,-,-,-
1049,Eliminated,10,5,0,2,4,44.0%,200,78.0%,44.0%,-,-,-,-,-,-,-,-,-
1050,Eliminated,10,5,0,2,10,44.0%,200,72.0%,44.0%,-,-,-,-,-,-,-,-,-
1051,Eliminated,15,5,8,2,10,44.0%,200,90.0%,44.0%,-,-,-,-,-,-,-,-,-
1052,Eliminated,15,15,10,2,4,44.0%,200,72.0%,44.0%,-,-,-,-,-,-,-,-,-
1053,Eliminated,15,20,2,3,10,44.0%,200,79.0%,44.0%,-,-,-,-,-,-,-,-,-
1054,Eliminated,20,5,0,3,10,44.0%,200,76.0%,44.0%,-,-,-,-,-,-,-,-,-
1055,Eliminated,20,5,2,1,8,44.0%,200,83.0%,44.0%,-,-,-,-,-,-,-,-,-
1056,Eliminated,20,5,4,3,8,44.0%,200,86.0%,44.0%,-,-,-,-,-,-,-,-,-
1057,Eliminated,20,10,10,2,10,44.0%,200,84.5%,44.0%,-,-,-,-,-,-,-,-,-
1058,Eliminated,20,20,6,3,4,44.0%,200,80.0%,44.0%,-,-,-,-,-,-,-,-,-
1059,Eliminated,20,20,8,2,4,44.0%,200,76.5%,44.0%,-,-,-,-,-,-,-,-,-
1060,Eliminated,0,0,2,3,10,43.5%,200,76.5%,43.5%,-,-,-,-,-,-,-,-,-
1061,Eliminated,5,10,4,2,8,43.5%,200,77.0%,43.5%,-,-,-,-,-,-,-,-,-
1062,Eliminated,10,0,4,2,2,43.5%,200,81.5%,43.5%,-,-,-,-,-,-,-,-,-
1063,Eliminated,10,5,2,1,8,43.5%,200,75.5%,43.5%,-,-,-,-,-,-,-,-,-
1064,Eliminated,15,0,0,3,6,43.5%,200,82.0%,43.5%,-,-,-,-,-,-,-,-,-
1065,Eliminated,15,0,2,2,4,43.5%,200,82.0%,43.5%,-,-,-,-,-,-,-,-,-
1066,Eliminated,15,5,4,1,6,43.5%,200,81.5%,43.5%,-,-,-,-,-,-,-,-,-
1067,Eliminated,15,10,10,2,2,43.5%,200,71.5%,43.5%,-,-,-,-,-,-,-,-,-
1068,Eliminated,15,20,4,3,10,43.5%,200,81.0%,43.5%,-,-,-,-,-,-,-,-,-
1069,Eliminated,20,0,2,3,0,43.5%,200,73.0%,43.5%,-,-,-,-,-,-,-,-,-
1070,Eliminated,20,0,8,1,4,43.5%,200,90.0%,43.5%,-,-,-,-,-,-,-,-,-
1071,Eliminated,20,5,4,1,6,43.5%,200,83.5%,43.5%,-,-,-,-,-,-,-,-,-
1072,Eliminated,20,5,10,2,2,43.5%,200,81.5%,43.5%,-,-,-,-,-,-,-,-,-
1073,Eliminated,20,10,0,1,8,43.5%,200,72.0%,43.5%,-,-,-,-,-,-,-,-,-
1074,Eliminated,20,20,8,3,4,43.5%,200,79.5%,43.5%,-,-,-,-,-,-,-,-,-
1075,Eliminated,0,0,6,2,2,43.0%,200,80.0%,43.0%,-,-,-,-,-,-,-,-,-
1076,Eliminated,0,5,2,3,10,43.0%,200,76.0%,43.0%,-,-,-,-,-,-,-,-,-
1077,Eliminated,0,5,6,3,10,43.0%,200,85.5%,43.0%,-,-,-,-,-,-,-,-,-
1078,Eliminated,0,5,8,3,10,43.0%,200,84.0%,43.0%,-,-,-,-,-,-,-,-,-
1079,Eliminated,0,20,6,3,10,43.0%,200,75.5%,43.0%,-,-,-,-,-,-,-,-,-
1080,Eliminated,5,0,2,2,2,43.0%,200,77.0%,43.0%,-,-,-,-,-,-,-,-,-
1081,Eliminated,5,0,4,1,6,43.0%,200,86.5%,43.0%,-,-,-,-,-,-,-,-,-
1082,Eliminated,5,10,2,2,8,43.0%,200,73.0%,43.0%,-,-,-,-,-,-,-,-,-
1083,Eliminated,5,10,4,2,6,43.0%,200,76.5%,43.0%,-,-,-,-,-,-,-,-,-
1084,Eliminated,5,10,6,2,8,43.0%,200,77.5%,43.0%,-,-,-,-,-,-,-,-,-
1085,Eliminated,5,20,2,2,10,43.0%,200,74.5%,43.0%,-,-,-,-,-,-,-,-,-
1086,Eliminated,5,20,2,3,10,43.0%,200,71.0%,43.0%,-,-,-,-,-,-,-,-,-
1087,Eliminated,10,0,10,2,2,43.0%,200,81.5%,43.0%,-,-,-,-,-,-,-,-,-
1088,Eliminated,10,5,2,3,8,43.0%,200,82.5%,43.0%,-,-,-,-,-,-,-,-,-
1089,Eliminated,10,5,2,3,10,43.0%,200,80.0%,43.0%,-,-,-,-,-,-,-,-,-
1090,Eliminated,10,5,8,3,0,43.0%,200,71.0%,43.0%,-,-,-,-,-,-,-,-,-
1091,Eliminated,10,20,0,2,10,43.0%,200,73.5%,43.0%,-,-,-,-,-,-,-,-,-
1092,Eliminated,10,20,2,2,8,43.0%,200,75.0%,43.0%,-,-,-,-,-,-,-,-,-
1093,Eliminated,15,0,0,1,4,43.0%,200,78.5%,43.0%,-,-,-,-,-,-,-,-,-
1094,Eliminated,15,0,2,3,2,43.0%,200,82.0%,43.0%,-,-,-,-,-,-,-,-,-
1095,Eliminated,15,0,8,1,4,43.0%,200,88.5%,43.0%,-,-,-,-,-,-,-,-,-
1096,Eliminated,15,0,8,2,2,43.0%,200,83.0%,43.0%,-,-,-,-,-,-,-,-,-
1097,Eliminated,15,5,6,1,4,43.0%,200,83.5%,43.0%,-,-,-,-,-,-,-,-,-
1098,Eliminated,15,15,8,3,4,43.0%,200,79.5%,43.0%,-,-,-,-,-,-,-,-,-
1099,Eliminated,20,10,2,3,10,43.0%,200,74.5%,43.0%,-,-,-,-,-,-,-,-,-
1100,Eliminated,20,20,4,2,2,43.0%,200,71.0%,43.0%,-,-,-,-,-,-,-,-,-
1101,Eliminated,0,0,10,2,2,42.5%,200,77.0%,42.5%,-,-,-,-,-,-,-,-,-
1102,Eliminated,5,0,2,3,4,42.5%,200,78.0%,42.5%,-,-,-,-,-,-,-,-,-
1103,Eliminated,10,5,0,2,8,42.5%,200,76.5%,42.5%,-,-,-,-,-,-,-,-,-
1104,Eliminated,10,10,6,2,2,42.5%,200,71.0%,42.5%,-,-,-,-,-,-,-,-,-
1105,Eliminated,15,0,2,3,0,42.5%,200,72.0%,42.5%,-,-,-,-,-,-,-,-,-
1106,Eliminated,15,0,2,3,8,42.5%,200,88.0%,42.5%,-,-,-,-,-,-,-,-,-
1107,Eliminated,15,5,0,2,10,42.5%,200,80.0%,42.5%,-,-,-,-,-,-,-,-,-
1108,Eliminated,15,10,0,3,10,42.5%,200,71.0%,42.5%,-,-,-,-,-,-,-,-,-
1109,Eliminated,15,10,4,1,4,42.5%,200,76.5%,42.5%,-,-,-,-,-,-,-,-,-
1110,Eliminated,15,10,8,2,2,42.5%,200,75.5%,42.5%,-,-,-,-,-,-,-,-,-
1111,Eliminated,15,15,0,1,10,42.5%,200,72.0%,42.5%,-,-,-,-,-,-,-,-,-
1112,Eliminated,20,0,10,1,6,42.5%,200,82.5%,42.5%,-,-,-,-,-,-,-,-,-
1113,Eliminated,0,0,8,2,10,42.0%,200,90.0%,42.0%,-,-,-,-,-,-,-,-,-
1114,Eliminated,0,0,10,2,6,42.0%,200,84.0%,42.0%,-,-,-,-,-,-,-,-,-
1115,Eliminated,0,5,2,2,6,42.0%,200,74.0%,42.0%,-,-,-,-,-,-,-,-,-
1116,Eliminated,0,5,8,2,6,42.0%,200,84.5%,42.0%,-,-,-,-,-,-,-,-,-
1117,Eliminated,5,0,6,1,10,42.0%,200,87.0%,42.0%,-,-,-,-,-,-,-,-,-
1118,Eliminated,5,5,8,3,2,42.0%,200,71.0%,42.0%,-,-,-,-,-,-,-,-,-
1119,Eliminated,5,15,2,3,6,42.0%,200,71.0%,42.0%,-,-,-,-,-,-,-,-,-
1120,Eliminated,5,15,6,2,8,42.0%,200,73.5%,42.0%,-,-,-,-,-,-,-,-,-
1121,Eliminated,5,15,6,3,2,42.0%,200,70.5%,42.0%,-,-,-,-,-,-,-,-,-
1122,Eliminated,10,0,2,3,6,42.0%,200,85.0%,42.0%,-,-,-,-,-,-,-,-,-
1123,Eliminated,10,0,6,2,2,42.0%,200,83.5%,42.0%,-,-,-,-,-,-,-,-,-
1124,Eliminated,10,5,0,2,6,42.0%,200,71.5%,42.0%,-,-,-,-,-,-,-,-,-
1125,Eliminated,15,5,10,2,2,42.0%,200,77.0%,42.0%,-,-,-,-,-,-,-,-,-
1126,Eliminated,15,10,0,1,8,42.0%,200,73.0%,42.0%,-,-,-,-,-,-,-,-,-
1127,Eliminated,20,10,2,1,10,42.0%,200,76.0%,42.0%,-,-,-,-,-,-,-,-,-
1128,Eliminated,20,20,10,3,10,42.0%,200,86.5%,42.0%,-,-,-,-,-,-,-,-,-
1129,Eliminated,0,15,8,3,10,41.5%,200,78.5%,41.5%,-,-,-,-,-,-,-,-,-
1130,Eliminated,5,10,2,3,4,41.5%,200,72.0%,41.5%,-,-,-,-,-,-,-,-,-
1131,Eliminated,5,10,8,2,4,41.5%,200,71.5%,41.5%,-,-,-,-,-,-,-,-,-
1132,Eliminated,10,0,0,2,0,41.5%,200,70.5%,41.5%,-,-,-,-,-,-,-,-,-
1133,Eliminated,10,0,4,1,2,41.5%,200,80.0%,41.5%,-,-,-,-,-,-,-,-,-
1134,Eliminated,10,0,6,1,4,41.5%,200,87.5%,41.5%,-,-,-,-,-,-,-,-,-
1135,Eliminated,10,5,6,1,4,41.5%,200,84.5%,41.5%,-,-,-,-,-,-,-,-,-
1136,Eliminated,10,5,8,1,2,41.5%,200,74.0%,41.5%,-,-,-,-,-,-,-,-,-
1137,Eliminated,10,15,0,3,8,41.5%,200,71.5%,41.5%,-,-,-,-,-,-,-,-,-
1138,Eliminated,15,5,0,2,8,41.5%,200,73.5%,41.5%,-,-,-,-,-,-,-,-,-
1139,Eliminated,15,10,0,1,10,41.5%,200,71.5%,41.5%,-,-,-,-,-,-,-,-,-
1140,Eliminated,20,0,4,3,2,41.5%,200,83.0%,41.5%,-,-,-,-,-,-,-,-,-
1141,Eliminated,0,20,8,3,8,41.0%,200,79.0%,41.0%,-,-,-,-,-,-,-,-,-
1142,Eliminated,5,0,4,1,4,41.0%,200,77.5%,41.0%,-,-,-,-,-,-,-,-,-
1143,Eliminated,5,20,4,2,8,41.0%,200,72.5%,41.0%,-,-,-,-,-,-,-,-,-
1144,Eliminated,10,10,2,1,6,41.0%,200,70.5%,41.0%,-,-,-,-,-,-,-,-,-
1145,Eliminated,10,20,8,2,6,41.0%,200,79.5%,41.0%,-,-,-,-,-,-,-,-,-
1146,Eliminated,15,0,6,3,2,41.0%,200,80.0%,41.0%,-,-,-,-,-,-,-,-,-
1147,Eliminated,20,0,2,3,6,41.0%,200,84.0%,41.0%,-,-,-,-,-,-,-,-,-
1148,Eliminated,20,0,10,1,4,41.0%,200,75.5%,41.0%,-,-,-,-,-,-,-,-,-
1149,Eliminated,20,0,10,2,0,41.0%,200,72.5%,41.0%,-,-,-,-,-,-,-,-,-
1150,Eliminated,20,10,6,3,2,41.0%,200,72.5%,41.0%,-,-,-,-,-,-,-,-,-
1151,Eliminated,20,20,2,1,6,41.0%,200,73.0%,41.0%,-,-,-,-,-,-,-,-,-
1152,Eliminated,5,0,2,1,4,40.5%,200,73.5%,40.5%,-,-,-,-,-,-,-,-,-
1153,Eliminated,5,0,6,1,4,40.5%,200,85.0%,40.5%,-,-,-,-,-,-,-,-,-
1154,Eliminated,5,0,8,3,2,40.5%,200,80.5%,40.5%,-,-,-,-,-,-,-,-,-
1155,Eliminated,10,0,6,1,2,40.5%,200,81.5%,40.5%,-,-,-,-,-,-,-,-,-
1156,Eliminated,10,20,6,2,6,40.5%,200,82.0%,40.5%,-,-,-,-,-,-,-,-,-
1157,Eliminated,10,20,10,2,6,40.5%,200,72.5%,40.5%,-,-,-,-,-,-,-,-,-
1158,Eliminated,20,0,10,1,10,40.5%,200,71.5%,40.5%,-,-,-,-,-,-,-,-,-
1159,Eliminated,20,5,2,2,8,40.5%,200,82.5%,40.5%,-,-,-,-,-,-,-,-,-
1160,Eliminated,20,10,2,1,8,40.5%,200,76.5%,40.5%,-,-,-,-,-,-,-,-,-
1161,Eliminated,5,0,8,2,2,40.0%,200,77.0%,40.0%,-,-,-,-,-,-,-,-,-
1162,Eliminated,5,5,0,2,10,40.0%,200,72.0%,40.0%,-,-,-,-,-,-,-,-,-
1163,Eliminated,5,15,6,2,10,40.0%,200,76.5%,40.0%,-,-,-,-,-,-,-,-,-
1164,Eliminated,15,0,4,1,2,40.0%,200,77.5%,40.0%,-,-,-,-,-,-,-,-,-
1165,Eliminated,15,5,0,1,4,40.0%,200,72.5%,40.0%,-,-,-,-,-,-,-,-,-
1166,Eliminated,15,20,0,1,8,40.0%,200,71.0%,40.0%,-,-,-,-,-,-,-,-,-
1167,Eliminated,20,0,8,2,2,40.0%,200,75.5%,40.0%,-,-,-,-,-,-,-,-,-
1168,Eliminated,20,5,0,1,0,40.0%,200,72.0%,40.0%,-,-,-,-,-,-,-,-,-
1169,Eliminated,20,10,2,1,4,40.0%,200,73.0%,40.0%,-,-,-,-,-,-,-,-,-
1170,Eliminated,20,10,10,3,2,40.0%,200,72.5%,40.0%,-,-,-,-,-,-,-,-,-
1171,Eliminated,0,5,2,2,8,39.5%,200,74.0%,39.5%,-,-,-,-,-,-,-,-,-
1172,Eliminated,0,20,4,3,10,39.5%,200,73.5%,39.5%,-,-,-,-,-,-,-,-,-
1173,Eliminated,0,20,8,3,10,39.5%,200,73.0%,39.5%,-,-,-,-,-,-,-,-,-
1174,Eliminated,5,0,2,1,2,39.5%,200,74.5%,39.5%,-,-,-,-,-,-,-,-,-
1175,Eliminated,5,0,6,3,2,39.5%,200,80.0%,39.5%,-,-,-,-,-,-,-,-,-
1176,Eliminated,5,0,10,3,2,39.5%,200,74.0%,39.5%,-,-,-,-,-,-,-,-,-
1177,Eliminated,5,15,4,2,6,39.5%,200,74.5%,39.5%,-,-,-,-,-,-,-,-,-
1178,Eliminated,10,0,10,3,0,39.5%,200,73.5%,39.5%,-,-,-,-,-,-,-,-,-
1179,Eliminated,15,20,0,3,10,39.5%,200,71.0%,39.5%,-,-,-,-,-,-,-,-,-
1180,Eliminated,20,5,0,1,6,39.5%,200,79.5%,39.5%,-,-,-,-,-,-,-,-,-
1181,Eliminated,20,5,4,1,8,39.5%,200,76.5%,39.5%,-,-,-,-,-,-,-,-,-
1182,Eliminated,20,5,6,1,6,39.5%,200,84.0%,39.5%,-,-,-,-,-,-,-,-,-
1183,Eliminated,5,5,0,3,10,39.0%,200,73.0%,39.0%,-,-,-,-,-,-,-,-,-
1184,Eliminated,5,10,8,2,6,39.0%,200,77.5%,39.0%,-,-,-,-,-,-,-,-,-
1185,Eliminated,10,5,4,1,6,39.0%,200,84.0%,39.0%,-,-,-,-,-,-,-,-,-
1186,Eliminated,10,10,2,1,8,39.0%,200,71.0%,39.0%,-,-,-,-,-,-,-,-,-
1187,Eliminated,15,0,10,3,0,39.0%,200,70.5%,39.0%,-,-,-,-,-,-,-,-,-
1188,Eliminated,15,5,0,1,6,39.0%,200,74.0%,39.0%,-,-,-,-,-,-,-,-,-
1189,Eliminated,15,5,0,1,8,39.0%,200,76.0%,39.0%,-,-,-,-,-,-,-,-,-
1190,Eliminated,15,5,4,1,8,39.0%,200,80.0%,39.0%,-,-,-,-,-,-,-,-,-
1191,Eliminated,15,10,4,1,10,39.0%,200,75.5%,39.0%,-,-,-,-,-,-,-,-,-
1192,Eliminated,20,20,0,3,10,39.0%,200,76.5%,39.0%,-,-,-,-,-,-,-,-,-
1193,Eliminated,0,5,2,2,10,38.5%,200,71.5%,38.5%,-,-,-,-,-,-,-,-,-
1194,Eliminated,0,5,4,2,8,38.5%,200,76.0%,38.5%,-,-,-,-,-,-,-,-,-
1195,Eliminated,0,15,2,3,10,38.5%,200,73.5%,38.5%,-,-,-,-,-,-,-,-,-
1196,Eliminated,10,0,6,3,2,38.5%,200,82.0%,38.5%,-,-,-,-,-,-,-,-,-
1197,Eliminated,10,20,4,1,10,38.5%,200,74.0%,38.5%,-,-,-,-,-,-,-,-,-
1198,Eliminated,15,0,4,2,2,38.5%,200,80.5%,38.5%,-,-,-,-,-,-,-,-,-
1199,Eliminated,15,0,6,2,0,38.5%,200,73.5%,38.5%,-,-,-,-,-,-,-,-,-
1200,Eliminated,15,0,10,2,2,38.5%,200,84.5%,38.5%,-,-,-,-,-,-,-,-,-
1201,Eliminated,15,10,0,1,6,38.5%,200,70.5%,38.5%,-,-,-,-,-,-,-,-,-
1202,Eliminated,15,15,6,3,2,38.5%,200,72.0%,38.5%,-,-,-,-,-,-,-,-,-
1203,Eliminated,20,10,4,1,8,38.5%,200,71.0%,38.5%,-,-,-,-,-,-,-,-,-
1204,Eliminated,5,10,8,2,8,38.0%,200,73.0%,38.0%,-,-,-,-,-,-,-,-,-
1205,Eliminated,5,15,2,2,8,38.0%,200,70.5%,38.0%,-,-,-,-,-,-,-,-,-
1206,Eliminated,10,0,4,3,2,38.0%,200,80.0%,38.0%,-,-,-,-,-,-,-,-,-
1207,Eliminated,10,5,0,1,8,38.0%,200,74.0%,38.0%,-,-,-,-,-,-,-,-,-
1208,Eliminated,10,5,0,1,10,38.0%,200,77.5%,38.0%,-,-,-,-,-,-,-,-,-
1209,Eliminated,10,20,6,2,4,38.0%,200,79.0%,38.0%,-,-,-,-,-,-,-,-,-
1210,Eliminated,15,10,2,1,8,38.0%,200,75.0%,38.0%,-,-,-,-,-,-,-,-,-
1211,Eliminated,15,10,10,3,2,38.0%,200,73.0%,38.0%,-,-,-,-,-,-,-,-,-
1212,Eliminated,20,10,2,1,6,38.0%,200,73.5%,38.0%,-,-,-,-,-,-,-,-,-
1213,Eliminated,20,20,8,3,2,38.0%,200,73.5%,38.0%,-,-,-,-,-,-,-,-,-
1214,Eliminated,5,5,0,2,4,37.5%,200,71.5%,37.5%,-,-,-,-,-,-,-,-,-
1215,Eliminated,10,0,10,1,6,37.5%,200,77.5%,37.5%,-,-,-,-,-,-,-,-,-
1216,Eliminated,15,0,0,1,0,37.5%,200,70.5%,37.5%,-,-,-,-,-,-,-,-,-
1217,Eliminated,20,0,8,2,0,37.5%,200,75.5%,37.5%,-,-,-,-,-,-,-,-,-
1218,Eliminated,20,5,8,1,4,37.5%,200,81.5%,37.5%,-,-,-,-,-,-,-,-,-
1219,Eliminated,20,10,4,1,4,37.5%,200,77.5%,37.5%,-,-,-,-,-,-,-,-,-
1220,Eliminated,20,10,6,2,2,37.5%,200,71.0%,37.5%,-,-,-,-,-,-,-,-,-
1221,Eliminated,10,0,8,2,2,37.0%,200,78.5%,37.0%,-,-,-,-,-,-,-,-,-
1222,Eliminated,10,10,0,3,10,37.0%,200,71.5%,37.0%,-,-,-,-,-,-,-,-,-
1223,Eliminated,10,15,6,2,2,37.0%,200,70.5%,37.0%,-,-,-,-,-,-,-,-,-
1224,Eliminated,15,0,8,3,2,37.0%,200,78.5%,37.0%,-,-,-,-,-,-,-,-,-
1225,Eliminated,15,20,0,2,8,37.0%,200,74.5%,37.0%,-,-,-,-,-,-,-,-,-
1226,Eliminated,20,10,4,1,6,37.0%,200,71.0%,37.0%,-,-,-,-,-,-,-,-,-
1227,Eliminated,20,10,8,2,2,37.0%,200,74.0%,37.0%,-,-,-,-,-,-,-,-,-
1228,Eliminated,20,15,0,1,8,37.0%,200,72.5%,37.0%,-,-,-,-,-,-,-,-,-
1229,Eliminated,20,20,2,1,10,37.0%,200,75.5%,37.0%,-,-,-,-,-,-,-,-,-
1230,Eliminated,20,20,4,1,10,37.0%,200,74.5%,37.0%,-,-,-,-,-,-,-,-,-
1231,Eliminated,0,5,2,3,8,36.5%,200,70.5%,36.5%,-,-,-,-,-,-,-,-,-
1232,Eliminated,0,5,6,2,8,36.5%,200,76.0%,36.5%,-,-,-,-,-,-,-,-,-
1233,Eliminated,10,0,8,1,2,36.5%,200,82.0%,36.5%,-,-,-,-,-,-,-,-,-
1234,Eliminated,10,15,0,2,8,36.5%,200,76.5%,36.5%,-,-,-,-,-,-,-,-,-
1235,Eliminated,15,0,10,1,8,36.5%,200,72.0%,36.5%,-,-,-,-,-,-,-,-,-
1236,Eliminated,20,0,8,3,0,36.5%,200,79.5%,36.5%,-,-,-,-,-,-,-,-,-
1237,Eliminated,20,5,0,1,8,36.5%,200,75.5%,36.5%,-,-,-,-,-,-,-,-,-
1238,Eliminated,20,5,4,1,10,36.5%,200,76.0%,36.5%,-,-,-,-,-,-,-,-,-
1239,Eliminated,20,15,2,1,10,36.5%,200,75.0%,36.5%,-,-,-,-,-,-,-,-,-
1240,Eliminated,0,0,0,1,6,36.0%,200,70.5%,36.0%,-,-,-,-,-,-,-,-,-
1241,Eliminated,5,5,0,1,8,36.0%,200,74.0%,36.0%,-,-,-,-,-,-,-,-,-
1242,Eliminated,10,0,8,1,4,36.0%,200,90.0%,36.0%,-,-,-,-,-,-,-,-,-
1243,Eliminated,15,0,6,1,2,36.0%,200,83.0%,36.0%,-,-,-,-,-,-,-,-,-
1244,Eliminated,15,0,6,2,2,36.0%,200,81.5%,36.0%,-,-,-,-,-,-,-,-,-
1245,Eliminated,15,5,0,1,10,36.0%,200,77.5%,36.0%,-,-,-,-,-,-,-,-,-
1246,Eliminated,15,10,0,2,8,36.0%,200,72.5%,36.0%,-,-,-,-,-,-,-,-,-
1247,Eliminated,15,10,4,1,8,36.0%,200,76.0%,36.0%,-,-,-,-,-,-,-,-,-
1248,Eliminated,15,15,0,3,10,36.0%,200,73.0%,36.0%,-,-,-,-,-,-,-,-,-
1249,Eliminated,15,20,4,1,8,36.0%,200,74.0%,36.0%,-,-,-,-,-,-,-,-,-
1250,Eliminated,20,0,6,1,0,36.0%,200,71.0%,36.0%,-,-,-,-,-,-,-,-,-
1251,Eliminated,20,10,0,1,10,36.0%,200,72.0%,36.0%,-,-,-,-,-,-,-,-,-
1252,Eliminated,20,20,4,1,8,36.0%,200,71.0%,36.0%,-,-,-,-,-,-,-,-,-
1253,Eliminated,10,0,10,1,10,35.5%,200,74.0%,35.5%,-,-,-,-,-,-,-,-,-
1254,Eliminated,10,5,0,1,4,35.5%,200,72.0%,35.5%,-,-,-,-,-,-,-,-,-
1255,Eliminated,10,5,8,1,4,35.5%,200,80.0%,35.5%,-,-,-,-,-,-,-,-,-
1256,Eliminated,10,15,8,3,2,35.5%,200,71.0%,35.5%,-,-,-,-,-,-,-,-,-
1257,Eliminated,15,5,8,1,4,35.5%,200,75.5%,35.5%,-,-,-,-,-,-,-,-,-
1258,Eliminated,20,0,6,2,2,35.5%,200,82.5%,35.5%,-,-,-,-,-,-,-,-,-
1259,Eliminated,20,0,6,3,2,35.5%,200,81.0%,35.5%,-,-,-,-,-,-,-,-,-
1260,Eliminated,20,15,4,1,4,35.5%,200,71.5%,35.5%,-,-,-,-,-,-,-,-,-
1261,Eliminated,0,10,2,2,8,35.0%,200,71.0%,35.0%,-,-,-,-,-,-,-,-,-
1262,Eliminated,0,10,4,2,6,35.0%,200,75.5%,35.0%,-,-,-,-,-,-,-,-,-
1263,Eliminated,0,10,10,3,10,35.0%,200,76.0%,35.0%,-,-,-,-,-,-,-,-,-
1264,Eliminated,5,5,2,1,8,35.0%,200,73.5%,35.0%,-,-,-,-,-,-,-,-,-
1265,Eliminated,5,15,6,2,6,35.0%,200,73.0%,35.0%,-,-,-,-,-,-,-,-,-
1266,Eliminated,10,5,4,1,10,35.0%,200,75.0%,35.0%,-,-,-,-,-,-,-,-,-
1267,Eliminated,15,0,4,2,0,35.0%,200,70.5%,35.0%,-,-,-,-,-,-,-,-,-
1268,Eliminated,15,5,4,1,10,35.0%,200,87.0%,35.0%,-,-,-,-,-,-,-,-,-
1269,Eliminated,15,5,6,1,6,35.0%,200,83.5%,35.0%,-,-,-,-,-,-,-,-,-
1270,Eliminated,15,15,2,1,8,35.0%,200,72.5%,35.0%,-,-,-,-,-,-,-,-,-
1271,Eliminated,0,0,10,2,8,34.5%,200,81.0%,34.5%,-,-,-,-,-,-,-,-,-
1272,Eliminated,5,20,8,2,8,34.5%,200,70.5%,34.5%,-,-,-,-,-,-,-,-,-
1273,Eliminated,10,10,10,2,2,34.5%,200,72.5%,34.5%,-,-,-,-,-,-,-,-,-
1274,Eliminated,15,0,10,1,6,34.5%,200,83.0%,34.5%,-,-,-,-,-,-,-,-,-
1275,Eliminated,0,5,4,2,10,34.0%,200,77.0%,34.0%,-,-,-,-,-,-,-,-,-
1276,Eliminated,0,10,2,3,10,34.0%,200,70.5%,34.0%,-,-,-,-,-,-,-,-,-
1277,Eliminated,10,0,8,3,0,34.0%,200,75.5%,34.0%,-,-,-,-,-,-,-,-,-
1278,Eliminated,10,20,0,3,8,34.0%,200,71.5%,34.0%,-,-,-,-,-,-,-,-,-
1279,Eliminated,20,15,2,1,2,34.0%,200,71.5%,34.0%,-,-,-,-,-,-,-,-,-
1280,Eliminated,0,0,10,2,10,33.5%,200,72.0%,33.5%,-,-,-,-,-,-,-,-,-
1281,Eliminated,5,0,8,1,4,33.5%,200,77.5%,33.5%,-,-,-,-,-,-,-,-,-
1282,Eliminated,5,5,0,2,8,33.5%,200,72.0%,33.5%,-,-,-,-,-,-,-,-,-
1283,Eliminated,10,10,4,1,6,33.5%,200,73.5%,33.5%,-,-,-,-,-,-,-,-,-
1284,Eliminated,15,0,8,3,0,33.5%,200,73.0%,33.5%,-,-,-,-,-,-,-,-,-
1285,Eliminated,15,0,10,1,10,33.5%,200,73.5%,33.5%,-,-,-,-,-,-,-,-,-
1286,Eliminated,20,0,4,2,2,33.5%,200,84.5%,33.5%,-,-,-,-,-,-,-,-,-
1287,Eliminated,20,0,6,1,2,33.5%,200,79.0%,33.5%,-,-,-,-,-,-,-,-,-
1288,Eliminated,0,15,6,2,4,33.0%,200,71.5%,33.0%,-,-,-,-,-,-,-,-,-
1289,Eliminated,5,0,6,3,0,33.0%,200,71.0%,33.0%,-,-,-,-,-,-,-,-,-
1290,Eliminated,5,0,10,2,2,33.0%,200,72.5%,33.0%,-,-,-,-,-,-,-,-,-
1291,Eliminated,5,10,8,2,10,33.0%,200,77.5%,33.0%,-,-,-,-,-,-,-,-,-
1292,Eliminated,10,15,4,1,8,33.0%,200,72.5%,33.0%,-,-,-,-,-,-,-,-,-
1293,Eliminated,0,0,2,1,8,32.5%,200,73.5%,32.5%,-,-,-,-,-,-,-,-,-
1294,Eliminated,0,0,2,1,10,32.5%,200,70.5%,32.5%,-,-,-,-,-,-,-,-,-
1295,Eliminated,5,0,6,1,0,32.5%,200,70.5%,32.5%,-,-,-,-,-,-,-,-,-
1296,Eliminated,5,10,0,2,8,32.5%,200,71.0%,32.5%,-,-,-,-,-,-,-,-,-
1297,Eliminated,5,20,6,2,10,32.5%,200,73.0%,32.5%,-,-,-,-,-,-,-,-,-
1298,Eliminated,10,0,10,1,8,32.5%,200,74.5%,32.5%,-,-,-,-,-,-,-,-,-
1299,Eliminated,15,15,0,2,8,32.5%,200,71.0%,32.5%,-,-,-,-,-,-,-,-,-
1300,Eliminated,15,20,2,1,6,32.5%,200,71.0%,32.5%,-,-,-,-,-,-,-,-,-
1301,Eliminated,20,5,0,1,10,32.5%,200,80.0%,32.5%,-,-,-,-,-,-,-,-,-
1302,Eliminated,5,20,0,2,8,32.0%,200,71.0%,32.0%,-,-,-,-,-,-,-,-,-
1303,Eliminated,10,5,6,1,8,32.0%,200,76.0%,32.0%,-,-,-,-,-,-,-,-,-
1304,Eliminated,15,5,6,1,8,32.0%,200,78.0%,32.0%,-,-,-,-,-,-,-,-,-
1305,Eliminated,5,0,4,1,0,31.5%,200,72.0%,31.5%,-,-,-,-,-,-,-,-,-
1306,Eliminated,10,5,6,1,6,31.5%,200,82.5%,31.5%,-,-,-,-,-,-,-,-,-
1307,Eliminated,10,10,0,2,8,31.5%,200,75.5%,31.5%,-,-,-,-,-,-,-,-,-
1308,Eliminated,15,5,8,1,2,31.5%,200,70.5%,31.5%,-,-,-,-,-,-,-,-,-
1309,Eliminated,15,20,4,1,6,31.5%,200,71.0%,31.5%,-,-,-,-,-,-,-,-,-
1310,Eliminated,20,5,6,1,8,31.5%,200,78.5%,31.5%,-,-,-,-,-,-,-,-,-
1311,Eliminated,20,5,6,1,10,31.5%,200,76.0%,31.5%,-,-,-,-,-,-,-,-,-
1312,Eliminated,5,0,4,2,2,31.0%,200,74.5%,31.0%,-,-,-,-,-,-,-,-,-
1313,Eliminated,5,0,6,1,6,31.0%,200,90.5%,31.0%,-,-,-,-,-,-,-,-,-
1314,Eliminated,15,0,10,2,0,31.0%,200,74.0%,31.0%,-,-,-,-,-,-,-,-,-
1315,Eliminated,20,0,8,1,2,31.0%,200,81.0%,31.0%,-,-,-,-,-,-,-,-,-
1316,Eliminated,20,10,4,1,10,31.0%,200,74.5%,31.0%,-,-,-,-,-,-,-,-,-
1317,Eliminated,20,15,4,1,6,31.0%,200,72.0%,31.0%,-,-,-,-,-,-,-,-,-
1318,Eliminated,15,10,6,1,4,30.5%,200,74.0%,30.5%,-,-,-,-,-,-,-,-,-
1319,Eliminated,20,5,8,1,6,30.0%,200,83.5%,30.0%,-,-,-,-,-,-,-,-,-
1320,Eliminated,5,0,6,1,2,29.5%,200,75.5%,29.5%,-,-,-,-,-,-,-,-,-
1321,Eliminated,5,0,8,1,10,29.5%,200,85.5%,29.5%,-,-,-,-,-,-,-,-,-
1322,Eliminated,5,0,10,2,0,29.5%,200,74.0%,29.5%,-,-,-,-,-,-,-,-,-
1323,Eliminated,5,5,4,1,4,29.5%,200,74.5%,29.5%,-,-,-,-,-,-,-,-,-
1324,Eliminated,5,0,8,1,6,29.0%,200,87.5%,29.0%,-,-,-,-,-,-,-,-,-
1325,Eliminated,10,0,10,1,2,29.0%,200,76.0%,29.0%,-,-,-,-,-,-,-,-,-
1326,Eliminated,15,5,8,1,6,29.0%,200,78.5%,29.0%,-,-,-,-,-,-,-,-,-
1327,Eliminated,20,15,6,1,6,29.0%,200,72.5%,29.0%,-,-,-,-,-,-,-,-,-
1328,Eliminated,5,0,8,1,8,28.5%,200,81.5%,28.5%,-,-,-,-,-,-,-,-,-
1329,Eliminated,10,0,10,1,4,28.5%,200,79.5%,28.5%,-,-,-,-,-,-,-,-,-
1330,Eliminated,10,5,4,1,8,28.5%,200,74.5%,28.5%,-,-,-,-,-,-,-,-,-
1331,Eliminated,15,0,6,1,0,28.5%,200,71.0%,28.5%,-,-,-,-,-,-,-,-,-
1332,Eliminated,15,0,8,1,2,28.5%,200,84.5%,28.5%,-,-,-,-,-,-,-,-,-
1333,Eliminated,0,0,4,1,6,28.0%,200,71.5%,28.0%,-,-,-,-,-,-,-,-,-
1334,Eliminated,0,0,8,1,0,27.5%,200,71.0%,27.5%,-,-,-,-,-,-,-,-,-
1335,Eliminated,15,0,8,1,0,27.5%,200,74.0%,27.5%,-,-,-,-,-,-,-,-,-
1336,Eliminated,0,5,6,2,10,27.0%,200,75.5%,27.0%,-,-,-,-,-,-,-,-,-
1337,Eliminated,20,0,10,1,2,27.0%,200,72.0%,27.0%,-,-,-,-,-,-,-,-,-
1338,Eliminated,15,10,4,1,6,26.5%,200,74.0%,26.5%,-,-,-,-,-,-,-,-,-
1339,Eliminated,0,0,4,1,10,26.0%,200,71.5%,26.0%,-,-,-,-,-,-,-,-,-
1340,Eliminated,5,5,6,1,4,26.0%,200,70.5%,26.0%,-,-,-,-,-,-,-,-,-
1341,Eliminated,0,0,4,1,8,25.5%,200,76.5%,25.5%,-,-,-,-,-,-,-,-,-
1342,Eliminated,0,5,8,2,8,25.0%,200,74.0%,25.0%,-,-,-,-,-,-,-,-,-
1343,Eliminated,15,10,6,1,6,24.5%,200,71.0%,24.5%,-,-,-,-,-,-,-,-,-
1344,Eliminated,10,5,8,1,6,24.0%,200,72.5%,24.0%,-,-,-,-,-,-,-,-,-
1345,Eliminated,10,10,6,1,6,23.5%,200,70.5%,23.5%,-,-,-,-,-,-,-,-,-
1346,Eliminated,10,5,6,1,10,23.0%,200,72.5%,23.0%,-,-,-,-,-,-,-,-,-
1347,Eliminated,5,5,6,1,6,20.5%,200,71.0%,20.5%,-,-,-,-,-,-,-,-,-
1348,Eliminated,15,5,6,1,10,20.5%,200,77.0%,20.5%,-,-,-,-,-,-,-,-,-
1349,Eliminated,20,5,8,1,8,18.0%,200,71.0%,18.0%,-,-,-,-,-,-,-,-,-
1350,Eliminated,0,0,6,1,8,12.0%,200,70.5%,12.0%,-,-,-,-,-,-,-,-,-
1351,Eliminated,15,15,2,2,6,70.5%,200,70.5%,-,-,-,-,-,-,-,-,-,-
1352,Eliminated,15,15,10,2,2,70.5%,200,70.5%,-,-,-,-,-,-,-,-,-,-
1353,Eliminated,15,15,10,3,2,70.5%,200,70.5%,-,-,-,-,-,-,-,-,-,-
1354,Eliminated,15,20,4,2,2,70.5%,200,70.5%,-,-,-,-,-,-,-,-,-,-
1355,Eliminated,15,20,6,3,2,70.5%,200,70.5%,-,-,-,-,-,-,-,-,-,-
1356,Eliminated,20,0,6,3,0,70.5%,200,70.5%,-,-,-,-,-,-,-,-,-,-
1357,Eliminated,20,5,0,2,10,70.5%,200,70.5%,-,-,-,-,-,-,-,-,-,-
1358,Eliminated,20,5,4,3,0,70.5%,200,70.5%,-,-,-,-,-,-,-,-,-,-
1359,Eliminated,20,10,0,2,10,70.5%,200,70.5%,-,-,-,-,-,-,-,-,-,-
1360,Eliminated,20,10,6,1,4,70.5%,200,70.5%,-,-,-,-,-,-,-,-,-,-
1361,Eliminated,20,10,10,2,2,70.5%,200,70.5%,-,-,-,-,-,-,-,-,-,-
1362,Eliminated,20,15,2,1,8,70.5%,200,70.5%,-,-,-,-,-,-,-,-,-,-
1363,Eliminated,20,15,8,2,2,70.5%,200,70.5%,-,-,-,-,-,-,-,-,-,-
1364,Eliminated,20,20,4,1,6,70.5%,200,70.5%,-,-,-,-,-,-,-,-,-,-
1365,Eliminated,20,20,6,2,2,70.5%,200,70.5%,-,-,-,-,-,-,-,-,-,-
1366,Eliminated,0,0,0,2,0,70.0%,200,70.0%,-,-,-,-,-,-,-,-,-,-
1367,Eliminated,0,0,6,3,0,70.0%,200,70.0%,-,-,-,-,-,-,-,-,-,-
1368,Eliminated,0,0,8,3,0,70.0%,200,70.0%,-,-,-,-,-,-,-,-,-,-
1369,Eliminated,0,5,2,3,2,70.0%,200,70.0%,-,-,-,-,-,-,-,-,-,-
1370,Eliminated,0,10,2,3,4,70.0%,200,70.0%,-,-,-,-,-,-,-,-,-,-
1371,Eliminated,0,10,6,2,4,70.0%,200,70.0%,-,-,-,-,-,-,-,-,-,-
1372,Eliminated,0,15,4,3,8,70.0%,200,70.0%,-,-,-,-,-,-,-,-,-,-
1373,Eliminated,0,15,6,3,2,70.0%,200,70.0%,-,-,-,-,-,-,-,-,-,-
1374,Eliminated,0,20,6,3,6,70.0%,200,70.0%,-,-,-,-,-,-,-,-,-,-
1375,Eliminated,5,5,2,1,10,70.0%,200,70.0%,-,-,-,-,-,-,-,-,-,-
1376,Eliminated,5,15,0,3,6,70.0%,200,70.0%,-,-,-,-,-,-,-,-,-,-
1377,Eliminated,5,15,4,2,8,70.0%,200,70.0%,-,-,-,-,-,-,-,-,-,-
1378,Eliminated,5,15,8,2,6,70.0%,200,70.0%,-,-,-,-,-,-,-,-,-,-
1379,Eliminated,5,20,0,2,10,70.0%,200,70.0%,-,-,-,-,-,-,-,-,-,-
1380,Eliminated,5,20,2,2,8,70.0%,200,70.0%,-,-,-,-,-,-,-,-,-,-
1381,Eliminated,5,20,4,2,6,70.0%,200,70.0%,-,-,-,-,-,-,-,-,-,-
1382,Eliminated,10,0,0,3,2,70.0%,200,70.0%,-,-,-,-,-,-,-,-,-,-
1383,Eliminated,10,5,0,1,6,70.0%,200,70.0%,-,-,-,-,-,-,-,-,-,-
1384,Eliminated,10,5,8,1,8,70.0%,200,70.0%,-,-,-,-,-,-,-,-,-,-
1385,Eliminated,10,10,0,2,4,70.0%,200,70.0%,-,-,-,-,-,-,-,-,-,-
1386,Eliminated,10,10,2,2,2,70.0%,200,70.0%,-,-,-,-,-,-,-,-,-,-
1387,Eliminated,10,10,4,1,10,70.0%,200,70.0%,-,-,-,-,-,-,-,-,-,-
1388,Eliminated,10,10,6,1,8,70.0%,200,70.0%,-,-,-,-,-,-,-,-,-,-
1389,Eliminated,10,10,10,3,2,70.0%,200,70.0%,-,-,-,-,-,-,-,-,-,-
1390,Eliminated,10,15,0,2,10,70.0%,200,70.0%,-,-,-,-,-,-,-,-,-,-
1391,Eliminated,10,15,2,3,2,70.0%,200,70.0%,-,-,-,-,-,-,-,-,-,-
1392,Eliminated,10,15,10,2,4,70.0%,200,70.0%,-,-,-,-,-,-,-,-,-,-
1393,Eliminated,10,20,0,3,10,70.0%,200,70.0%,-,-,-,-,-,-,-,-,-,-
1394,Eliminated,10,20,8,3,2,70.0%,200,70.0%,-,-,-,-,-,-,-,-,-,-
1395,Eliminated,15,0,10,1,4,70.0%,200,70.0%,-,-,-,-,-,-,-,-,-,-
1396,Eliminated,15,5,8,2,0,70.0%,200,70.0%,-,-,-,-,-,-,-,-,-,-
1397,Eliminated,15,10,2,1,4,70.0%,200,70.0%,-,-,-,-,-,-,-,-,-,-
1398,Eliminated,15,10,4,2,2,70.0%,200,70.0%,-,-,-,-,-,-,-,-,-,-
1399,Eliminated,15,10,6,1,8,70.0%,200,70.0%,-,-,-,-,-,-,-,-,-,-
1400,Eliminated,15,15,0,1,8,70.0%,200,70.0%,-,-,-,-,-,-,-,-,-,-
1401,Eliminated,15,15,2,1,4,70.0%,200,70.0%,-,-,-,-,-,-,-,-,-,-
1402,Eliminated,15,15,2,1,10,70.0%,200,70.0%,-,-,-,-,-,-,-,-,-,-
1403,Eliminated,15,15,4,1,6,70.0%,200,70.0%,-,-,-,-,-,-,-,-,-,-
1404,Eliminated,15,15,4,1,10,70.0%,200,70.0%,-,-,-,-,-,-,-,-,-,-
1405,Eliminated,20,0,4,1,0,70.0%,200,70.0%,-,-,-,-,-,-,-,-,-,-
1406,Eliminated,20,5,0,1,4,70.0%,200,70.0%,-,-,-,-,-,-,-,-,-,-
1407,Eliminated,20,10,4,3,2,70.0%,200,70.0%,-,-,-,-,-,-,-,-,-,-
1408,Eliminated,20,10,6,1,6,70.0%,200,70.0%,-,-,-,-,-,-,-,-,-,-
1409,Eliminated,20,10,8,3,2,70.0%,200,70.0%,-,-,-,-,-,-,-,-,-,-
1410,Eliminated,20,15,0,2,8,70.0%,200,70.0%,-,-,-,-,-,-,-,-,-,-
1411,Eliminated,20,15,0,3,6,70.0%,200,70.0%,-,-,-,-,-,-,-,-,-,-
1412,Eliminated,20,15,2,2,4,70.0%,200,70.0%,-,-,-,-,-,-,-,-,-,-
1413,Eliminated,20,15,6,3,2,70.0%,200,70.0%,-,-,-,-,-,-,-,-,-,-
1414,Eliminated,20,20,2,2,4,70.0%,200,70.0%,-,-,-,-,-,-,-,-,-,-
1415,Eliminated,20,20,2,3,4,70.0%,200,70.0%,-,-,-,-,-,-,-,-,-,-
1416,Eliminated,20,20,2,3,10,70.0%,200,70.0%,-,-,-,-,-,-,-,-,-,-
1417,Eliminated,0,0,0,1,8,69.5%,200,69.5%,-,-,-,-,-,-,-,-,-,-
1418,Eliminated,0,0,8,1,2,69.5%,200,69.5%,-,-,-,-,-,-,-,-,-,-
1419,Eliminated,0,0,10,2,0,69.5%,200,69.5%,-,-,-,-,-,-,-,-,-,-
1420,Eliminated,0,5,0,2,8,69.5%,200,69.5%,-,-,-,-,-,-,-,-,-,-
1421,Eliminated,0,10,2,2,10,69.5%,200,69.5%,-,-,-,-,-,-,-,-,-,-
1422,Eliminated,5,0,0,3,4,69.5%,200,69.5%,-,-,-,-,-,-,-,-,-,-
1423,Eliminated,5,0,4,3,0,69.5%,200,69.5%,-,-,-,-,-,-,-,-,-,-
1424,Eliminated,5,5,0,1,10,69.5%,200,69.5%,-,-,-,-,-,-,-,-,-,-
1425,Eliminated,5,5,0,2,6,69.5%,200,69.5%,-,-,-,-,-,-,-,-,-,-
1426,Eliminated,5,5,4,1,10,69.5%,200,69.5%,-,-,-,-,-,-,-,-,-,-
1427,Eliminated,5,10,2,2,6,69.5%,200,69.5%,-,-,-,-,-,-,-,-,-,-
1428,Eliminated,5,10,2,3,6,69.5%,200,69.5%,-,-,-,-,-,-,-,-,-,-
1429,Eliminated,5,10,10,2,8,69.5%,200,69.5%,-,-,-,-,-,-,-,-,-,-
1430,Eliminated,5,20,8,2,10,69.5%,200,69.5%,-,-,-,-,-,-,-,-,-,-
1431,Eliminated,10,0,8,1,0,69.5%,200,69.5%,-,-,-,-,-,-,-,-,-,-
1432,Eliminated,10,5,0,3,10,69.5%,200,69.5%,-,-,-,-,-,-,-,-,-,-
1433,Eliminated,10,5,8,2,0,69.5%,200,69.5%,-,-,-,-,-,-,-,-,-,-
1434,Eliminated,10,10,0,2,6,69.5%,200,69.5%,-,-,-,-,-,-,-,-,-,-
1435,Eliminated,10,10,2,1,10,69.5%,200,69.5%,-,-,-,-,-,-,-,-,-,-
1436,Eliminated,10,10,8,3,2,69.5%,200,69.5%,-,-,-,-,-,-,-,-,-,-
1437,Eliminated,10,15,0,3,10,69.5%,200,69.5%,-,-,-,-,-,-,-,-,-,-
1438,Eliminated,10,15,2,2,6,69.5%,200,69.5%,-,-,-,-,-,-,-,-,-,-
1439,Eliminated,10,15,10,2,2,69.5%,200,69.5%,-,-,-,-,-,-,-,-,-,-
1440,Eliminated,15,5,0,2,4,69.5%,200,69.5%,-,-,-,-,-,-,-,-,-,-
1441,Eliminated,15,10,0,3,8,69.5%,200,69.5%,-,-,-,-,-,-,-,-,-,-
1442,Eliminated,15,15,0,3,6,69.5%,200,69.5%,-,-,-,-,-,-,-,-,-,-
1443,Eliminated,15,15,2,3,4,69.5%,200,69.5%,-,-,-,-,-,-,-,-,-,-
1444,Eliminated,15,20,4,1,10,69.5%,200,69.5%,-,-,-,-,-,-,-,-,-,-
1445,Eliminated,15,20,4,3,2,69.5%,200,69.5%,-,-,-,-,-,-,-,-,-,-
1446,Eliminated,20,0,6,2,0,69.5%,200,69.5%,-,-,-,-,-,-,-,-,-,-
1447,Eliminated,20,5,0,3,2,69.5%,200,69.5%,-,-,-,-,-,-,-,-,-,-
1448,Eliminated,20,5,2,2,0,69.5%,200,69.5%,-,-,-,-,-,-,-,-,-,-
1449,Eliminated,20,5,10,3,0,69.5%,200,69.5%,-,-,-,-,-,-,-,-,-,-
1450,Eliminated,20,10,0,3,8,69.5%,200,69.5%,-,-,-,-,-,-,-,-,-,-
1451,Eliminated,20,10,8,1,0,69.5%,200,69.5%,-,-,-,-,-,-,-,-,-,-
1452,Eliminated,20,10,8,1,6,69.5%,200,69.5%,-,-,-,-,-,-,-,-,-,-
1453,Eliminated,20,15,10,2,2,69.5%,200,69.5%,-,-,-,-,-,-,-,-,-,-
1454,Eliminated,20,20,0,2,10,69.5%,200,69.5%,-,-,-,-,-,-,-,-,-,-
1455,Eliminated,20,20,0,3,8,69.5%,200,69.5%,-,-,-,-,-,-,-,-,-,-
1456,Eliminated,20,20,10,3,2,69.5%,200,69.5%,-,-,-,-,-,-,-,-,-,-
1457,Eliminated,0,0,0,1,10,69.0%,200,69.0%,-,-,-,-,-,-,-,-,-,-
1458,Eliminated,0,0,0,3,0,69.0%,200,69.0%,-,-,-,-,-,-,-,-,-,-
1459,Eliminated,0,0,2,1,4,69.0%,200,69.0%,-,-,-,-,-,-,-,-,-,-
1460,Eliminated,0,0,4,1,2,69.0%,200,69.0%,-,-,-,-,-,-,-,-,-,-
1461,Eliminated,0,0,6,1,0,69.0%,200,69.0%,-,-,-,-,-,-,-,-,-,-
1462,Eliminated,0,5,2,3,4,69.0%,200,69.0%,-,-,-,-,-,-,-,-,-,-
1463,Eliminated,0,5,4,2,2,69.0%,200,69.0%,-,-,-,-,-,-,-,-,-,-
1464,Eliminated,0,5,8,2,10,69.0%,200,69.0%,-,-,-,-,-,-,-,-,-,-
1465,Eliminated,0,10,6,3,2,69.0%,200,69.0%,-,-,-,-,-,-,-,-,-,-
1466,Eliminated,0,15,4,2,4,69.0%,200,69.0%,-,-,-,-,-,-,-,-,-,-
1467,Eliminated,5,0,4,1,2,69.0%,200,69.0%,-,-,-,-,-,-,-,-,-,-
1468,Eliminated,5,5,0,3,8,69.0%,200,69.0%,-,-,-,-,-,-,-,-,-,-
1469,Eliminated,5,5,2,2,6,69.0%,200,69.0%,-,-,-,-,-,-,-,-,-,-
1470,Eliminated,5,5,6,1,8,69.0%,200,69.0%,-,-,-,-,-,-,-,-,-,-
1471,Eliminated,5,10,2,2,2,69.0%,200,69.0%,-,-,-,-,-,-,-,-,-,-
1472,Eliminated,5,10,10,3,2,69.0%,200,69.0%,-,-,-,-,-,-,-,-,-,-
1473,Eliminated,5,15,8,3,4,69.0%,200,69.0%,-,-,-,-,-,-,-,-,-,-
1474,Eliminated,10,0,4,3,0,69.0%,200,69.0%,-,-,-,-,-,-,-,-,-,-
1475,Eliminated,10,0,8,2,0,69.0%,200,69.0%,-,-,-,-,-,-,-,-,-,-
1476,Eliminated,10,5,0,3,2,69.0%,200,69.0%,-,-,-,-,-,-,-,-,-,-
1477,Eliminated,10,10,8,2,2,69.0%,200,69.0%,-,-,-,-,-,-,-,-,-,-
1478,Eliminated,10,15,0,1,8,69.0%,200,69.0%,-,-,-,-,-,-,-,-,-,-
1479,Eliminated,10,15,2,1,6,69.0%,200,69.0%,-,-,-,-,-,-,-,-,-,-
1480,Eliminated,10,15,2,3,6,69.0%,200,69.0%,-,-,-,-,-,-,-,-,-,-
1481,Eliminated,10,15,4,1,10,69.0%,200,69.0%,-,-,-,-,-,-,-,-,-,-
1482,Eliminated,10,15,4,2,2,69.0%,200,69.0%,-,-,-,-,-,-,-,-,-,-
1483,Eliminated,15,0,0,2,2,69.0%,200,69.0%,-,-,-,-,-,-,-,-,-,-
1484,Eliminated,15,0,10,1,2,69.0%,200,69.0%,-,-,-,-,-,-,-,-,-,-
1485,Eliminated,15,5,0,1,2,69.0%,200,69.0%,-,-,-,-,-,-,-,-,-,-
1486,Eliminated,15,5,8,1,8,69.0%,200,69.0%,-,-,-,-,-,-,-,-,-,-
1487,Eliminated,15,5,8,3,0,69.0%,200,69.0%,-,-,-,-,-,-,-,-,-,-
1488,Eliminated,15,10,0,2,6,69.0%,200,69.0%,-,-,-,-,-,-,-,-,-,-
1489,Eliminated,15,10,2,1,6,69.0%,200,69.0%,-,-,-,-,-,-,-,-,-,-
1490,Eliminated,15,10,6,1,2,69.0%,200,69.0%,-,-,-,-,-,-,-,-,-,-
1491,Eliminated,15,15,0,1,6,69.0%,200,69.0%,-,-,-,-,-,-,-,-,-,-
1492,Eliminated,15,15,2,3,2,69.0%,200,69.0%,-,-,-,-,-,-,-,-,-,-
1493,Eliminated,15,15,8,2,2,69.0%,200,69.0%,-,-,-,-,-,-,-,-,-,-
1494,Eliminated,15,20,0,3,6,69.0%,200,69.0%,-,-,-,-,-,-,-,-,-,-
1495,Eliminated,15,20,2,1,8,69.0%,200,69.0%,-,-,-,-,-,-,-,-,-,-
1496,Eliminated,15,20,8,3,2,69.0%,200,69.0%,-,-,-,-,-,-,-,-,-,-
1497,Eliminated,20,0,4,3,0,69.0%,200,69.0%,-,-,-,-,-,-,-,-,-,-
1498,Eliminated,20,5,0,3,4,69.0%,200,69.0%,-,-,-,-,-,-,-,-,-,-
1499,Eliminated,20,10,0,2,4,69.0%,200,69.0%,-,-,-,-,-,-,-,-,-,-
1500,Eliminated,20,10,0,2,6,69.0%,200,69.0%,-,-,-,-,-,-,-,-,-,-
1501,Eliminated,20,10,0,3,4,69.0%,200,69.0%,-,-,-,-,-,-,-,-,-,-
1502,Eliminated,20,10,2,1,2,69.0%,200,69.0%,-,-,-,-,-,-,-,-,-,-
1503,Eliminated,20,10,6,1,2,69.0%,200,69.0%,-,-,-,-,-,-,-,-,-,-
1504,Eliminated,20,15,2,2,2,69.0%,200,69.0%,-,-,-,-,-,-,-,-,-,-
1505,Eliminated,20,20,2,1,8,69.0%,200,69.0%,-,-,-,-,-,-,-,-,-,-
1506,Eliminated,20,20,8,2,2,69.0%,200,69.0%,-,-,-,-,-,-,-,-,-,-
1507,Eliminated,0,0,0,3,6,68.5%,200,68.5%,-,-,-,-,-,-,-,-,-,-
1508,Eliminated,0,0,4,3,0,68.5%,200,68.5%,-,-,-,-,-,-,-,-,-,-
1509,Eliminated,0,0,6,1,2,68.5%,200,68.5%,-,-,-,-,-,-,-,-,-,-
1510,Eliminated,0,5,0,3,8,68.5%,200,68.5%,-,-,-,-,-,-,-,-,-,-
1511,Eliminated,0,5,2,2,2,68.5%,200,68.5%,-,-,-,-,-,-,-,-,-,-
1512,Eliminated,0,10,2,3,8,68.5%,200,68.5%,-,-,-,-,-,-,-,-,-,-
1513,Eliminated,0,10,6,2,6,68.5%,200,68.5%,-,-,-,-,-,-,-,-,-,-
1514,Eliminated,5,0,0,2,2,68.5%,200,68.5%,-,-,-,-,-,-,-,-,-,-
1515,Eliminated,5,0,4,2,0,68.5%,200,68.5%,-,-,-,-,-,-,-,-,-,-
1516,Eliminated,5,5,2,1,4,68.5%,200,68.5%,-,-,-,-,-,-,-,-,-,-
1517,Eliminated,5,15,4,2,4,68.5%,200,68.5%,-,-,-,-,-,-,-,-,-,-
1518,Eliminated,5,15,8,3,2,68.5%,200,68.5%,-,-,-,-,-,-,-,-,-,-
1519,Eliminated,5,20,4,2,10,68.5%,200,68.5%,-,-,-,-,-,-,-,-,-,-
1520,Eliminated,10,0,6,1,0,68.5%,200,68.5%,-,-,-,-,-,-,-,-,-,-
1521,Eliminated,10,5,0,1,0,68.5%,200,68.5%,-,-,-,-,-,-,-,-,-,-
1522,Eliminated,10,5,2,2,0,68.5%,200,68.5%,-,-,-,-,-,-,-,-,-,-
1523,Eliminated,10,5,4,3,0,68.5%,200,68.5%,-,-,-,-,-,-,-,-,-,-
1524,Eliminated,10,10,0,3,8,68.5%,200,68.5%,-,-,-,-,-,-,-,-,-,-
1525,Eliminated,10,10,2,2,4,68.5%,200,68.5%,-,-,-,-,-,-,-,-,-,-
1526,Eliminated,10,10,4,1,4,68.5%,200,68.5%,-,-,-,-,-,-,-,-,-,-
1527,Eliminated,10,15,2,1,10,68.5%,200,68.5%,-,-,-,-,-,-,-,-,-,-
1528,Eliminated,10,20,4,3,2,68.5%,200,68.5%,-,-,-,-,-,-,-,-,-,-
1529,Eliminated,10,20,6,3,2,68.5%,200,68.5%,-,-,-,-,-,-,-,-,-,-
1530,Eliminated,10,20,8,2,2,68.5%,200,68.5%,-,-,-,-,-,-,-,-,-,-
1531,Eliminated,15,5,0,2,6,68.5%,200,68.5%,-,-,-,-,-,-,-,-,-,-
1532,Eliminated,15,15,2,2,2,68.5%,200,68.5%,-,-,-,-,-,-,-,-,-,-
1533,Eliminated,15,15,4,2,2,68.5%,200,68.5%,-,-,-,-,-,-,-,-,-,-
1534,Eliminated,15,15,6,2,2,68.5%,200,68.5%,-,-,-,-,-,-,-,-,-,-
1535,Eliminated,15,20,6,1,6,68.5%,200,68.5%,-,-,-,-,-,-,-,-,-,-
1536,Eliminated,20,10,0,3,10,68.5%,200,68.5%,-,-,-,-,-,-,-,-,-,-
1537,Eliminated,20,15,0,1,10,68.5%,200,68.5%,-,-,-,-,-,-,-,-,-,-
1538,Eliminated,20,15,2,3,2,68.5%,200,68.5%,-,-,-,-,-,-,-,-,-,-
1539,Eliminated,20,15,4,1,10,68.5%,200,68.5%,-,-,-,-,-,-,-,-,-,-
1540,Eliminated,20,20,0,1,6,68.5%,200,68.5%,-,-,-,-,-,-,-,-,-,-
1541,Eliminated,20,20,0,2,8,68.5%,200,68.5%,-,-,-,-,-,-,-,-,-,-
1542,Eliminated,20,20,0,3,6,68.5%,200,68.5%,-,-,-,-,-,-,-,-,-,-
1543,Eliminated,0,0,2,1,0,68.0%,200,68.0%,-,-,-,-,-,-,-,-,-,-
1544,Eliminated,0,0,2,1,2,68.0%,200,68.0%,-,-,-,-,-,-,-,-,-,-
1545,Eliminated,0,0,4,1,4,68.0%,200,68.0%,-,-,-,-,-,-,-,-,-,-
1546,Eliminated,0,0,6,1,4,68.0%,200,68.0%,-,-,-,-,-,-,-,-,-,-
1547,Eliminated,0,5,6,1,4,68.0%,200,68.0%,-,-,-,-,-,-,-,-,-,-
1548,Eliminated,0,15,4,3,2,68.0%,200,68.0%,-,-,-,-,-,-,-,-,-,-
1549,Eliminated,5,0,2,3,0,68.0%,200,68.0%,-,-,-,-,-,-,-,-,-,-
1550,Eliminated,5,0,8,2,0,68.0%,200,68.0%,-,-,-,-,-,-,-,-,-,-
1551,Eliminated,5,5,0,3,6,68.0%,200,68.0%,-,-,-,-,-,-,-,-,-,-
1552,Eliminated,5,10,8,3,2,68.0%,200,68.0%,-,-,-,-,-,-,-,-,-,-
1553,Eliminated,5,10,10,2,10,68.0%,200,68.0%,-,-,-,-,-,-,-,-,-,-
1554,Eliminated,5,15,0,2,0,68.0%,200,68.0%,-,-,-,-,-,-,-,-,-,-
1555,Eliminated,5,15,8,2,10,68.0%,200,68.0%,-,-,-,-,-,-,-,-,-,-
1556,Eliminated,5,20,2,2,6,68.0%,200,68.0%,-,-,-,-,-,-,-,-,-,-
1557,Eliminated,10,0,0,2,2,68.0%,200,68.0%,-,-,-,-,-,-,-,-,-,-
1558,Eliminated,10,5,4,1,2,68.0%,200,68.0%,-,-,-,-,-,-,-,-,-,-
1559,Eliminated,10,10,0,1,10,68.0%,200,68.0%,-,-,-,-,-,-,-,-,-,-
1560,Eliminated,10,10,0,3,6,68.0%,200,68.0%,-,-,-,-,-,-,-,-,-,-
1561,Eliminated,10,15,0,3,6,68.0%,200,68.0%,-,-,-,-,-,-,-,-,-,-
1562,Eliminated,10,15,6,1,6,68.0%,200,68.0%,-,-,-,-,-,-,-,-,-,-
1563,Eliminated,10,15,10,3,2,68.0%,200,68.0%,-,-,-,-,-,-,-,-,-,-
1564,Eliminated,10,20,2,1,8,68.0%,200,68.0%,-,-,-,-,-,-,-,-,-,-
1565,Eliminated,10,20,2,3,2,68.0%,200,68.0%,-,-,-,-,-,-,-,-,-,-
1566,Eliminated,15,0,2,1,0,68.0%,200,68.0%,-,-,-,-,-,-,-,-,-,-
1567,Eliminated,15,5,0,2,2,68.0%,200,68.0%,-,-,-,-,-,-,-,-,-,-
1568,Eliminated,15,15,0,2,10,68.0%,200,68.0%,-,-,-,-,-,-,-,-,-,-
1569,Eliminated,15,15,4,1,8,68.0%,200,68.0%,-,-,-,-,-,-,-,-,-,-
1570,Eliminated,15,15,6,1,4,68.0%,200,68.0%,-,-,-,-,-,-,-,-,-,-
1571,Eliminated,20,0,0,1,0,68.0%,200,68.0%,-,-,-,-,-,-,-,-,-,-
1572,Eliminated,20,0,2,1,0,68.0%,200,68.0%,-,-,-,-,-,-,-,-,-,-
1573,Eliminated,20,0,8,1,0,68.0%,200,68.0%,-,-,-,-,-,-,-,-,-,-
1574,Eliminated,20,5,0,2,0,68.0%,200,68.0%,-,-,-,-,-,-,-,-,-,-
1575,Eliminated,20,5,8,1,10,68.0%,200,68.0%,-,-,-,-,-,-,-,-,-,-
1576,Eliminated,20,10,2,2,2,68.0%,200,68.0%,-,-,-,-,-,-,-,-,-,-
1577,Eliminated,20,20,4,3,2,68.0%,200,68.0%,-,-,-,-,-,-,-,-,-,-
1578,Eliminated,0,0,0,3,2,67.5%,200,67.5%,-,-,-,-,-,-,-,-,-,-
1579,Eliminated,0,0,4,1,0,67.5%,200,67.5%,-,-,-,-,-,-,-,-,-,-
1580,Eliminated,0,0,6,1,6,67.5%,200,67.5%,-,-,-,-,-,-,-,-,-,-
1581,Eliminated,0,5,6,2,0,67.5%,200,67.5%,-,-,-,-,-,-,-,-,-,-
1582,Eliminated,0,10,0,3,6,67.5%,200,67.5%,-,-,-,-,-,-,-,-,-,-
1583,Eliminated,0,10,2,2,2,67.5%,200,67.5%,-,-,-,-,-,-,-,-,-,-
1584,Eliminated,0,10,2,2,6,67.5%,200,67.5%,-,-,-,-,-,-,-,-,-,-
1585,Eliminated,0,10,6,2,2,67.5%,200,67.5%,-,-,-,-,-,-,-,-,-,-
1586,Eliminated,0,20,2,3,6,67.5%,200,67.5%,-,-,-,-,-,-,-,-,-,-
1587,Eliminated,5,0,8,1,2,67.5%,200,67.5%,-,-,-,-,-,-,-,-,-,-
1588,Eliminated,5,5,4,1,2,67.5%,200,67.5%,-,-,-,-,-,-,-,-,-,-
1589,Eliminated,5,5,8,1,2,67.5%,200,67.5%,-,-,-,-,-,-,-,-,-,-
1590,Eliminated,5,10,4,2,2,67.5%,200,67.5%,-,-,-,-,-,-,-,-,-,-
1591,Eliminated,5,10,6,2,2,67.5%,200,67.5%,-,-,-,-,-,-,-,-,-,-
1592,Eliminated,5,20,4,3,2,67.5%,200,67.5%,-,-,-,-,-,-,-,-,-,-
1593,Eliminated,10,0,4,1,0,67.5%,200,67.5%,-,-,-,-,-,-,-,-,-,-
1594,Eliminated,10,5,0,2,2,67.5%,200,67.5%,-,-,-,-,-,-,-,-,-,-
1595,Eliminated,10,5,2,1,2,67.5%,200,67.5%,-,-,-,-,-,-,-,-,-,-
1596,Eliminated,10,10,0,1,8,67.5%,200,67.5%,-,-,-,-,-,-,-,-,-,-
1597,Eliminated,10,10,8,1,4,67.5%,200,67.5%,-,-,-,-,-,-,-,-,-,-
1598,Eliminated,10,20,2,2,2,67.5%,200,67.5%,-,-,-,-,-,-,-,-,-,-
1599,Eliminated,10,20,2,2,4,67.5%,200,67.5%,-,-,-,-,-,-,-,-,-,-
1600,Eliminated,10,20,2,3,4,67.5%,200,67.5%,-,-,-,-,-,-,-,-,-,-
1601,Eliminated,10,20,4,1,4,67.5%,200,67.5%,-,-,-,-,-,-,-,-,-,-
1602,Eliminated,15,0,6,3,0,67.5%,200,67.5%,-,-,-,-,-,-,-,-,-,-
1603,Eliminated,15,15,0,2,4,67.5%,200,67.5%,-,-,-,-,-,-,-,-,-,-
1604,Eliminated,15,15,2,1,6,67.5%,200,67.5%,-,-,-,-,-,-,-,-,-,-
1605,Eliminated,15,20,2,1,4,67.5%,200,67.5%,-,-,-,-,-,-,-,-,-,-
1606,Eliminated,20,0,0,2,0,67.5%,200,67.5%,-,-,-,-,-,-,-,-,-,-
1607,Eliminated,20,0,0,3,0,67.5%,200,67.5%,-,-,-,-,-,-,-,-,-,-
1608,Eliminated,20,0,10,3,0,67.5%,200,67.5%,-,-,-,-,-,-,-,-,-,-
1609,Eliminated,20,5,2,1,0,67.5%,200,67.5%,-,-,-,-,-,-,-,-,-,-
1610,Eliminated,20,5,8,2,0,67.5%,200,67.5%,-,-,-,-,-,-,-,-,-,-
1611,Eliminated,20,10,2,2,4,67.5%,200,67.5%,-,-,-,-,-,-,-,-,-,-
1612,Eliminated,20,15,2,1,6,67.5%,200,67.5%,-,-,-,-,-,-,-,-,-,-
1613,Eliminated,20,15,4,1,8,67.5%,200,67.5%,-,-,-,-,-,-,-,-,-,-
1614,Eliminated,20,15,4,3,2,67.5%,200,67.5%,-,-,-,-,-,-,-,-,-,-
1615,Eliminated,20,20,0,1,10,67.5%,200,67.5%,-,-,-,-,-,-,-,-,-,-
1616,Eliminated,20,20,2,1,4,67.5%,200,67.5%,-,-,-,-,-,-,-,-,-,-
1617,Eliminated,0,0,2,1,6,67.0%,200,67.0%,-,-,-,-,-,-,-,-,-,-
1618,Eliminated,0,0,4,2,0,67.0%,200,67.0%,-,-,-,-,-,-,-,-,-,-
1619,Eliminated,0,0,8,1,4,67.0%,200,67.0%,-,-,-,-,-,-,-,-,-,-
1620,Eliminated,0,0,8,2,0,67.0%,200,67.0%,-,-,-,-,-,-,-,-,-,-
1621,Eliminated,0,5,0,3,0,67.0%,200,67.0%,-,-,-,-,-,-,-,-,-,-
1622,Eliminated,0,5,0,3,10,67.0%,200,67.0%,-,-,-,-,-,-,-,-,-,-
1623,Eliminated,0,5,6,3,0,67.0%,200,67.0%,-,-,-,-,-,-,-,-,-,-
1624,Eliminated,0,10,8,2,4,67.0%,200,67.0%,-,-,-,-,-,-,-,-,-,-
1625,Eliminated,0,15,2,3,8,67.0%,200,67.0%,-,-,-,-,-,-,-,-,-,-
1626,Eliminated,0,15,4,3,10,67.0%,200,67.0%,-,-,-,-,-,-,-,-,-,-
1627,Eliminated,0,15,10,3,2,67.0%,200,67.0%,-,-,-,-,-,-,-,-,-,-
1628,Eliminated,0,20,4,3,2,67.0%,200,67.0%,-,-,-,-,-,-,-,-,-,-
1629,Eliminated,5,0,0,1,2,67.0%,200,67.0%,-,-,-,-,-,-,-,-,-,-
1630,Eliminated,5,0,6,2,0,67.0%,200,67.0%,-,-,-,-,-,-,-,-,-,-
1631,Eliminated,5,5,2,1,6,67.0%,200,67.0%,-,-,-,-,-,-,-,-,-,-
1632,Eliminated,5,5,4,1,6,67.0%,200,67.0%,-,-,-,-,-,-,-,-,-,-
1633,Eliminated,5,10,0,2,10,67.0%,200,67.0%,-,-,-,-,-,-,-,-,-,-
1634,Eliminated,5,10,0,3,8,67.0%,200,67.0%,-,-,-,-,-,-,-,-,-,-
1635,Eliminated,5,10,4,1,4,67.0%,200,67.0%,-,-,-,-,-,-,-,-,-,-
1636,Eliminated,5,10,4,3,2,67.0%,200,67.0%,-,-,-,-,-,-,-,-,-,-
1637,Eliminated,5,10,8,2,0,67.0%,200,67.0%,-,-,-,-,-,-,-,-,-,-
1638,Eliminated,5,15,0,3,8,67.0%,200,67.0%,-,-,-,-,-,-,-,-,-,-
1639,Eliminated,5,15,0,3,10,67.0%,200,67.0%,-,-,-,-,-,-,-,-,-,-
1640,Eliminated,5,15,2,2,2,67.0%,200,67.0%,-,-,-,-,-,-,-,-,-,-
1641,Eliminated,5,15,6,2,2,67.0%,200,67.0%,-,-,-,-,-,-,-,-,-,-
1642,Eliminated,5,20,6,2,4,67.0%,200,67.0%,-,-,-,-,-,-,-,-,-,-
1643,Eliminated,10,0,0,1,0,67.0%,200,67.0%,-,-,-,-,-,-,-,-,-,-
1644,Eliminated,10,0,6,2,0,67.0%,200,67.0%,-,-,-,-,-,-,-,-,-,-
1645,Eliminated,10,0,6,3,0,67.0%,200,67.0%,-,-,-,-,-,-,-,-,-,-
1646,Eliminated,10,10,2,1,2,67.0%,200,67.0%,-,-,-,-,-,-,-,-,-,-
1647,Eliminated,10,10,4,1,8,67.0%,200,67.0%,-,-,-,-,-,-,-,-,-,-
1648,Eliminated,10,10,8,1,2,67.0%,200,67.0%,-,-,-,-,-,-,-,-,-,-
1649,Eliminated,10,20,0,1,8,67.0%,200,67.0%,-,-,-,-,-,-,-,-,-,-
1650,Eliminated,15,0,10,1,0,67.0%,200,67.0%,-,-,-,-,-,-,-,-,-,-
1651,Eliminated,15,15,6,1,2,67.0%,200,67.0%,-,-,-,-,-,-,-,-,-,-
1652,Eliminated,15,15,6,1,6,67.0%,200,67.0%,-,-,-,-,-,-,-,-,-,-
1653,Eliminated,15,20,0,2,10,67.0%,200,67.0%,-,-,-,-,-,-,-,-,-,-
1654,Eliminated,15,20,8,2,2,67.0%,200,67.0%,-,-,-,-,-,-,-,-,-,-
1655,Eliminated,20,10,0,1,4,67.0%,200,67.0%,-,-,-,-,-,-,-,-,-,-
1656,Eliminated,20,10,6,1,8,67.0%,200,67.0%,-,-,-,-,-,-,-,-,-,-
1657,Eliminated,20,20,6,3,2,67.0%,200,67.0%,-,-,-,-,-,-,-,-,-,-
1658,Eliminated,0,0,8,1,6,66.5%,200,66.5%,-,-,-,-,-,-,-,-,-,-
1659,Eliminated,0,0,10,3,0,66.5%,200,66.5%,-,-,-,-,-,-,-,-,-,-
1660,Eliminated,0,5,0,3,4,66.5%,200,66.5%,-,-,-,-,-,-,-,-,-,-
1661,Eliminated,0,5,2,3,0,66.5%,200,66.5%,-,-,-,-,-,-,-,-,-,-
1662,Eliminated,0,15,2,3,4,66.5%,200,66.5%,-,-,-,-,-,-,-,-,-,-
1663,Eliminated,0,20,2,3,4,66.5%,200,66.5%,-,-,-,-,-,-,-,-,-,-
1664,Eliminated,5,0,0,2,0,66.5%,200,66.5%,-,-,-,-,-,-,-,-,-,-
1665,Eliminated,5,5,4,2,0,66.5%,200,66.5%,-,-,-,-,-,-,-,-,-,-
1666,Eliminated,5,5,8,3,0,66.5%,200,66.5%,-,-,-,-,-,-,-,-,-,-
1667,Eliminated,5,10,2,3,2,66.5%,200,66.5%,-,-,-,-,-,-,-,-,-,-
1668,Eliminated,5,10,10,2,4,66.5%,200,66.5%,-,-,-,-,-,-,-,-,-,-
1669,Eliminated,5,15,0,2,8,66.5%,200,66.5%,-,-,-,-,-,-,-,-,-,-
1670,Eliminated,5,15,2,2,10,66.5%,200,66.5%,-,-,-,-,-,-,-,-,-,-
1671,Eliminated,5,15,8,2,8,66.5%,200,66.5%,-,-,-,-,-,-,-,-,-,-
1672,Eliminated,10,0,4,2,0,66.5%,200,66.5%,-,-,-,-,-,-,-,-,-,-
1673,Eliminated,10,10,0,1,6,66.5%,200,66.5%,-,-,-,-,-,-,-,-,-,-
1674,Eliminated,10,10,4,2,2,66.5%,200,66.5%,-,-,-,-,-,-,-,-,-,-
1675,Eliminated,10,15,2,2,2,66.5%,200,66.5%,-,-,-,-,-,-,-,-,-,-
1676,Eliminated,10,20,2,1,10,66.5%,200,66.5%,-,-,-,-,-,-,-,-,-,-
1677,Eliminated,15,0,4,1,0,66.5%,200,66.5%,-,-,-,-,-,-,-,-,-,-
1678,Eliminated,15,0,4,3,0,66.5%,200,66.5%,-,-,-,-,-,-,-,-,-,-
1679,Eliminated,15,5,0,2,0,66.5%,200,66.5%,-,-,-,-,-,-,-,-,-,-
1680,Eliminated,15,5,2,1,0,66.5%,200,66.5%,-,-,-,-,-,-,-,-,-,-
1681,Eliminated,15,10,2,1,10,66.5%,200,66.5%,-,-,-,-,-,-,-,-,-,-
1682,Eliminated,15,15,0,2,6,66.5%,200,66.5%,-,-,-,-,-,-,-,-,-,-
1683,Eliminated,15,15,2,2,4,66.5%,200,66.5%,-,-,-,-,-,-,-,-,-,-
1684,Eliminated,15,15,4,1,4,66.5%,200,66.5%,-,-,-,-,-,-,-,-,-,-
1685,Eliminated,15,20,0,1,10,66.5%,200,66.5%,-,-,-,-,-,-,-,-,-,-
1686,Eliminated,15,20,0,2,6,66.5%,200,66.5%,-,-,-,-,-,-,-,-,-,-
1687,Eliminated,15,20,2,1,10,66.5%,200,66.5%,-,-,-,-,-,-,-,-,-,-
1688,Eliminated,15,20,2,3,2,66.5%,200,66.5%,-,-,-,-,-,-,-,-,-,-
1689,Eliminated,20,10,0,3,6,66.5%,200,66.5%,-,-,-,-,-,-,-,-,-,-
1690,Eliminated,20,10,4,1,2,66.5%,200,66.5%,-,-,-,-,-,-,-,-,-,-
1691,Eliminated,20,15,4,2,2,66.5%,200,66.5%,-,-,-,-,-,-,-,-,-,-
1692,Eliminated,20,15,10,3,2,66.5%,200,66.5%,-,-,-,-,-,-,-,-,-,-
1693,Eliminated,20,20,6,1,2,66.5%,200,66.5%,-,-,-,-,-,-,-,-,-,-
1694,Eliminated,20,20,6,1,8,66.5%,200,66.5%,-,-,-,-,-,-,-,-,-,-
1695,Eliminated,0,0,0,2,4,66.0%,200,66.0%,-,-,-,-,-,-,-,-,-,-
1696,Eliminated,0,10,4,2,2,66.0%,200,66.0%,-,-,-,-,-,-,-,-,-,-
1697,Eliminated,0,20,2,2,8,66.0%,200,66.0%,-,-,-,-,-,-,-,-,-,-
1698,Eliminated,5,0,2,2,0,66.0%,200,66.0%,-,-,-,-,-,-,-,-,-,-
1699,Eliminated,5,5,2,1,2,66.0%,200,66.0%,-,-,-,-,-,-,-,-,-,-
1700,Eliminated,5,5,8,1,4,66.0%,200,66.0%,-,-,-,-,-,-,-,-,-,-
1701,Eliminated,5,10,10,2,2,66.0%,200,66.0%,-,-,-,-,-,-,-,-,-,-
1702,Eliminated,5,15,0,2,4,66.0%,200,66.0%,-,-,-,-,-,-,-,-,-,-
1703,Eliminated,10,5,0,1,2,66.0%,200,66.0%,-,-,-,-,-,-,-,-,-,-
1704,Eliminated,10,10,2,3,0,66.0%,200,66.0%,-,-,-,-,-,-,-,-,-,-
1705,Eliminated,10,10,2,3,2,66.0%,200,66.0%,-,-,-,-,-,-,-,-,-,-
1706,Eliminated,10,15,0,2,6,66.0%,200,66.0%,-,-,-,-,-,-,-,-,-,-
1707,Eliminated,10,20,0,2,6,66.0%,200,66.0%,-,-,-,-,-,-,-,-,-,-
1708,Eliminated,15,5,6,1,0,66.0%,200,66.0%,-,-,-,-,-,-,-,-,-,-
1709,Eliminated,15,5,10,3,0,66.0%,200,66.0%,-,-,-,-,-,-,-,-,-,-
1710,Eliminated,15,10,4,1,2,66.0%,200,66.0%,-,-,-,-,-,-,-,-,-,-
1711,Eliminated,15,15,0,3,8,66.0%,200,66.0%,-,-,-,-,-,-,-,-,-,-
1712,Eliminated,15,15,8,3,2,66.0%,200,66.0%,-,-,-,-,-,-,-,-,-,-
1713,Eliminated,15,20,2,3,4,66.0%,200,66.0%,-,-,-,-,-,-,-,-,-,-
1714,Eliminated,15,20,10,2,2,66.0%,200,66.0%,-,-,-,-,-,-,-,-,-,-
1715,Eliminated,20,5,6,1,0,66.0%,200,66.0%,-,-,-,-,-,-,-,-,-,-
1716,Eliminated,20,5,6,2,0,66.0%,200,66.0%,-,-,-,-,-,-,-,-,-,-
1717,Eliminated,20,10,0,2,8,66.0%,200,66.0%,-,-,-,-,-,-,-,-,-,-
1718,Eliminated,20,10,6,1,0,66.0%,200,66.0%,-,-,-,-,-,-,-,-,-,-
1719,Eliminated,20,10,8,1,4,66.0%,200,66.0%,-,-,-,-,-,-,-,-,-,-
1720,Eliminated,0,5,0,2,0,65.5%,200,65.5%,-,-,-,-,-,-,-,-,-,-
1721,Eliminated,0,5,0,3,6,65.5%,200,65.5%,-,-,-,-,-,-,-,-,-,-
1722,Eliminated,0,5,8,2,0,65.5%,200,65.5%,-,-,-,-,-,-,-,-,-,-
1723,Eliminated,0,10,2,3,0,65.5%,200,65.5%,-,-,-,-,-,-,-,-,-,-
1724,Eliminated,0,10,4,2,8,65.5%,200,65.5%,-,-,-,-,-,-,-,-,-,-
1725,Eliminated,5,0,0,2,4,65.5%,200,65.5%,-,-,-,-,-,-,-,-,-,-
1726,Eliminated,5,0,0,3,0,65.5%,200,65.5%,-,-,-,-,-,-,-,-,-,-
1727,Eliminated,5,0,0,3,2,65.5%,200,65.5%,-,-,-,-,-,-,-,-,-,-
1728,Eliminated,5,0,10,1,4,65.5%,200,65.5%,-,-,-,-,-,-,-,-,-,-
1729,Eliminated,5,5,0,3,0,65.5%,200,65.5%,-,-,-,-,-,-,-,-,-,-
1730,Eliminated,5,5,2,2,0,65.5%,200,65.5%,-,-,-,-,-,-,-,-,-,-
1731,Eliminated,5,5,4,1,8,65.5%,200,65.5%,-,-,-,-,-,-,-,-,-,-
1732,Eliminated,5,5,6,1,2,65.5%,200,65.5%,-,-,-,-,-,-,-,-,-,-
1733,Eliminated,5,10,0,2,4,65.5%,200,65.5%,-,-,-,-,-,-,-,-,-,-
1734,Eliminated,5,15,2,3,4,65.5%,200,65.5%,-,-,-,-,-,-,-,-,-,-
1735,Eliminated,5,15,8,2,2,65.5%,200,65.5%,-,-,-,-,-,-,-,-,-,-
1736,Eliminated,5,20,0,2,6,65.5%,200,65.5%,-,-,-,-,-,-,-,-,-,-
1737,Eliminated,5,20,0,3,8,65.5%,200,65.5%,-,-,-,-,-,-,-,-,-,-
1738,Eliminated,5,20,2,2,4,65.5%,200,65.5%,-,-,-,-,-,-,-,-,-,-
1739,Eliminated,5,20,6,2,2,65.5%,200,65.5%,-,-,-,-,-,-,-,-,-,-
1740,Eliminated,5,20,6,2,6,65.5%,200,65.5%,-,-,-,-,-,-,-,-,-,-
1741,Eliminated,5,20,6,2,8,65.5%,200,65.5%,-,-,-,-,-,-,-,-,-,-
1742,Eliminated,5,20,10,3,2,65.5%,200,65.5%,-,-,-,-,-,-,-,-,-,-
1743,Eliminated,10,0,10,2,0,65.5%,200,65.5%,-,-,-,-,-,-,-,-,-,-
1744,Eliminated,10,5,0,3,0,65.5%,200,65.5%,-,-,-,-,-,-,-,-,-,-
1745,Eliminated,10,5,10,2,0,65.5%,200,65.5%,-,-,-,-,-,-,-,-,-,-
1746,Eliminated,10,10,6,1,10,65.5%,200,65.5%,-,-,-,-,-,-,-,-,-,-
1747,Eliminated,10,15,0,1,10,65.5%,200,65.5%,-,-,-,-,-,-,-,-,-,-
1748,Eliminated,10,15,0,2,4,65.5%,200,65.5%,-,-,-,-,-,-,-,-,-,-
1749,Eliminated,10,20,0,3,6,65.5%,200,65.5%,-,-,-,-,-,-,-,-,-,-
1750,Eliminated,10,20,6,2,2,65.5%,200,65.5%,-,-,-,-,-,-,-,-,-,-
1751,Eliminated,15,5,8,1,0,65.5%,200,65.5%,-,-,-,-,-,-,-,-,-,-
1752,Eliminated,15,10,8,1,4,65.5%,200,65.5%,-,-,-,-,-,-,-,-,-,-
1753,Eliminated,15,20,0,3,8,65.5%,200,65.5%,-,-,-,-,-,-,-,-,-,-
1754,Eliminated,15,20,6,2,2,65.5%,200,65.5%,-,-,-,-,-,-,-,-,-,-
1755,Eliminated,20,0,10,1,0,65.5%,200,65.5%,-,-,-,-,-,-,-,-,-,-
1756,Eliminated,20,5,8,3,0,65.5%,200,65.5%,-,-,-,-,-,-,-,-,-,-
1757,Eliminated,20,10,8,1,2,65.5%,200,65.5%,-,-,-,-,-,-,-,-,-,-
1758,Eliminated,20,15,0,1,6,65.5%,200,65.5%,-,-,-,-,-,-,-,-,-,-
1759,Eliminated,20,15,0,3,10,65.5%,200,65.5%,-,-,-,-,-,-,-,-,-,-
1760,Eliminated,20,15,8,3,2,65.5%,200,65.5%,-,-,-,-,-,-,-,-,-,-
1761,Eliminated,0,0,0,1,0,65.0%,200,65.0%,-,-,-,-,-,-,-,-,-,-
1762,Eliminated,0,0,0,1,2,65.0%,200,65.0%,-,-,-,-,-,-,-,-,-,-
1763,Eliminated,0,5,2,2,0,65.0%,200,65.0%,-,-,-,-,-,-,-,-,-,-
1764,Eliminated,0,10,2,2,4,65.0%,200,65.0%,-,-,-,-,-,-,-,-,-,-
1765,Eliminated,0,10,4,2,10,65.0%,200,65.0%,-,-,-,-,-,-,-,-,-,-
1766,Eliminated,0,10,8,2,2,65.0%,200,65.0%,-,-,-,-,-,-,-,-,-,-
1767,Eliminated,0,10,8,2,6,65.0%,200,65.0%,-,-,-,-,-,-,-,-,-,-
1768,Eliminated,0,15,10,3,0,65.0%,200,65.0%,-,-,-,-,-,-,-,-,-,-
1769,Eliminated,0,20,2,3,8,65.0%,200,65.0%,-,-,-,-,-,-,-,-,-,-
1770,Eliminated,0,20,2,3,10,65.0%,200,65.0%,-,-,-,-,-,-,-,-,-,-
1771,Eliminated,0,20,4,3,6,65.0%,200,65.0%,-,-,-,-,-,-,-,-,-,-
1772,Eliminated,5,0,2,1,0,65.0%,200,65.0%,-,-,-,-,-,-,-,-,-,-
1773,Eliminated,5,5,0,2,0,65.0%,200,65.0%,-,-,-,-,-,-,-,-,-,-
1774,Eliminated,5,5,2,3,0,65.0%,200,65.0%,-,-,-,-,-,-,-,-,-,-
1775,Eliminated,5,5,10,2,0,65.0%,200,65.0%,-,-,-,-,-,-,-,-,-,-
1776,Eliminated,5,10,2,2,4,65.0%,200,65.0%,-,-,-,-,-,-,-,-,-,-
1777,Eliminated,5,20,4,2,4,65.0%,200,65.0%,-,-,-,-,-,-,-,-,-,-
1778,Eliminated,5,20,6,3,2,65.0%,200,65.0%,-,-,-,-,-,-,-,-,-,-
1779,Eliminated,10,5,8,1,0,65.0%,200,65.0%,-,-,-,-,-,-,-,-,-,-
1780,Eliminated,10,10,6,2,0,65.0%,200,65.0%,-,-,-,-,-,-,-,-,-,-
1781,Eliminated,10,15,2,1,4,65.0%,200,65.0%,-,-,-,-,-,-,-,-,-,-
1782,Eliminated,10,15,6,3,2,65.0%,200,65.0%,-,-,-,-,-,-,-,-,-,-
1783,Eliminated,10,20,10,2,2,65.0%,200,65.0%,-,-,-,-,-,-,-,-,-,-
1784,Eliminated,10,20,10,3,2,65.0%,200,65.0%,-,-,-,-,-,-,-,-,-,-
1785,Eliminated,15,5,0,3,0,65.0%,200,65.0%,-,-,-,-,-,-,-,-,-,-
1786,Eliminated,15,5,8,1,10,65.0%,200,65.0%,-,-,-,-,-,-,-,-,-,-
1787,Eliminated,15,10,2,1,2,65.0%,200,65.0%,-,-,-,-,-,-,-,-,-,-
1788,Eliminated,15,20,0,1,6,65.0%,200,65.0%,-,-,-,-,-,-,-,-,-,-
1789,Eliminated,15,20,4,1,2,65.0%,200,65.0%,-,-,-,-,-,-,-,-,-,-
1790,Eliminated,20,5,2,3,0,65.0%,200,65.0%,-,-,-,-,-,-,-,-,-,-
1791,Eliminated,20,10,8,2,0,65.0%,200,65.0%,-,-,-,-,-,-,-,-,-,-
1792,Eliminated,20,15,0,1,4,65.0%,200,65.0%,-,-,-,-,-,-,-,-,-,-
1793,Eliminated,20,15,4,1,2,65.0%,200,65.0%,-,-,-,-,-,-,-,-,-,-
1794,Eliminated,20,15,6,1,2,65.0%,200,65.0%,-,-,-,-,-,-,-,-,-,-
1795,Eliminated,20,15,6,1,8,65.0%,200,65.0%,-,-,-,-,-,-,-,-,-,-
1796,Eliminated,20,15,6,2,2,65.0%,200,65.0%,-,-,-,-,-,-,-,-,-,-
1797,Eliminated,20,20,6,1,6,65.0%,200,65.0%,-,-,-,-,-,-,-,-,-,-
1798,Eliminated,0,0,6,1,10,64.5%,200,64.5%,-,-,-,-,-,-,-,-,-,-
1799,Eliminated,0,0,6,2,0,64.5%,200,64.5%,-,-,-,-,-,-,-,-,-,-
1800,Eliminated,0,10,0,3,0,64.5%,200,64.5%,-,-,-,-,-,-,-,-,-,-
1801,Eliminated,5,5,8,1,6,64.5%,200,64.5%,-,-,-,-,-,-,-,-,-,-
1802,Eliminated,5,10,0,3,6,64.5%,200,64.5%,-,-,-,-,-,-,-,-,-,-
1803,Eliminated,5,10,2,1,10,64.5%,200,64.5%,-,-,-,-,-,-,-,-,-,-
1804,Eliminated,5,10,4,1,10,64.5%,200,64.5%,-,-,-,-,-,-,-,-,-,-
1805,Eliminated,5,10,6,1,4,64.5%,200,64.5%,-,-,-,-,-,-,-,-,-,-
1806,Eliminated,5,10,6,2,0,64.5%,200,64.5%,-,-,-,-,-,-,-,-,-,-
1807,Eliminated,5,15,0,2,10,64.5%,200,64.5%,-,-,-,-,-,-,-,-,-,-
1808,Eliminated,5,15,2,2,6,64.5%,200,64.5%,-,-,-,-,-,-,-,-,-,-
1809,Eliminated,5,15,6,2,4,64.5%,200,64.5%,-,-,-,-,-,-,-,-,-,-
1810,Eliminated,5,20,2,3,2,64.5%,200,64.5%,-,-,-,-,-,-,-,-,-,-
1811,Eliminated,5,20,2,3,6,64.5%,200,64.5%,-,-,-,-,-,-,-,-,-,-
1812,Eliminated,10,0,2,3,0,64.5%,200,64.5%,-,-,-,-,-,-,-,-,-,-
1813,Eliminated,10,10,6,1,2,64.5%,200,64.5%,-,-,-,-,-,-,-,-,-,-
1814,Eliminated,10,15,2,1,8,64.5%,200,64.5%,-,-,-,-,-,-,-,-,-,-
1815,Eliminated,10,15,4,1,4,64.5%,200,64.5%,-,-,-,-,-,-,-,-,-,-
1816,Eliminated,10,15,6,1,8,64.5%,200,64.5%,-,-,-,-,-,-,-,-,-,-
1817,Eliminated,10,20,0,1,10,64.5%,200,64.5%,-,-,-,-,-,-,-,-,-,-
1818,Eliminated,15,5,2,3,0,64.5%,200,64.5%,-,-,-,-,-,-,-,-,-,-
1819,Eliminated,15,10,6,1,10,64.5%,200,64.5%,-,-,-,-,-,-,-,-,-,-
1820,Eliminated,15,15,4,1,2,64.5%,200,64.5%,-,-,-,-,-,-,-,-,-,-
1821,Eliminated,20,15,0,2,4,64.5%,200,64.5%,-,-,-,-,-,-,-,-,-,-
1822,Eliminated,20,20,0,2,4,64.5%,200,64.5%,-,-,-,-,-,-,-,-,-,-
1823,Eliminated,20,20,4,1,4,64.5%,200,64.5%,-,-,-,-,-,-,-,-,-,-
1824,Eliminated,0,5,10,3,0,64.0%,200,64.0%,-,-,-,-,-,-,-,-,-,-
1825,Eliminated,0,10,0,2,8,64.0%,200,64.0%,-,-,-,-,-,-,-,-,-,-
1826,Eliminated,0,10,6,3,0,64.0%,200,64.0%,-,-,-,-,-,-,-,-,-,-
1827,Eliminated,0,15,2,3,2,64.0%,200,64.0%,-,-,-,-,-,-,-,-,-,-
1828,Eliminated,0,15,6,3,0,64.0%,200,64.0%,-,-,-,-,-,-,-,-,-,-
1829,Eliminated,0,15,8,3,2,64.0%,200,64.0%,-,-,-,-,-,-,-,-,-,-
1830,Eliminated,5,0,8,3,0,64.0%,200,64.0%,-,-,-,-,-,-,-,-,-,-
1831,Eliminated,5,0,10,1,2,64.0%,200,64.0%,-,-,-,-,-,-,-,-,-,-
1832,Eliminated,5,5,6,2,0,64.0%,200,64.0%,-,-,-,-,-,-,-,-,-,-
1833,Eliminated,5,5,10,3,0,64.0%,200,64.0%,-,-,-,-,-,-,-,-,-,-
1834,Eliminated,5,15,2,3,2,64.0%,200,64.0%,-,-,-,-,-,-,-,-,-,-
1835,Eliminated,5,20,8,2,6,64.0%,200,64.0%,-,-,-,-,-,-,-,-,-,-
1836,Eliminated,5,20,8,3,2,64.0%,200,64.0%,-,-,-,-,-,-,-,-,-,-
1837,Eliminated,5,20,10,2,6,64.0%,200,64.0%,-,-,-,-,-,-,-,-,-,-
1838,Eliminated,10,10,0,1,4,64.0%,200,64.0%,-,-,-,-,-,-,-,-,-,-
1839,Eliminated,10,10,0,3,0,64.0%,200,64.0%,-,-,-,-,-,-,-,-,-,-
1840,Eliminated,10,10,4,3,0,64.0%,200,64.0%,-,-,-,-,-,-,-,-,-,-
1841,Eliminated,10,10,6,1,4,64.0%,200,64.0%,-,-,-,-,-,-,-,-,-,-
1842,Eliminated,10,10,8,2,0,64.0%,200,64.0%,-,-,-,-,-,-,-,-,-,-
1843,Eliminated,10,15,2,2,4,64.0%,200,64.0%,-,-,-,-,-,-,-,-,-,-
1844,Eliminated,10,15,4,1,2,64.0%,200,64.0%,-,-,-,-,-,-,-,-,-,-
1845,Eliminated,10,15,4,1,6,64.0%,200,64.0%,-,-,-,-,-,-,-,-,-,-
1846,Eliminated,10,15,8,2,2,64.0%,200,64.0%,-,-,-,-,-,-,-,-,-,-
1847,Eliminated,10,20,6,1,4,64.0%,200,64.0%,-,-,-,-,-,-,-,-,-,-
1848,Eliminated,15,10,6,3,0,64.0%,200,64.0%,-,-,-,-,-,-,-,-,-,-
1849,Eliminated,15,15,0,3,4,64.0%,200,64.0%,-,-,-,-,-,-,-,-,-,-
1850,Eliminated,15,15,4,3,2,64.0%,200,64.0%,-,-,-,-,-,-,-,-,-,-
1851,Eliminated,15,15,6,1,10,64.0%,200,64.0%,-,-,-,-,-,-,-,-,-,-
1852,Eliminated,15,20,0,3,0,64.0%,200,64.0%,-,-,-,-,-,-,-,-,-,-
1853,Eliminated,15,20,2,2,2,64.0%,200,64.0%,-,-,-,-,-,-,-,-,-,-
1854,Eliminated,15,20,6,1,10,64.0%,200,64.0%,-,-,-,-,-,-,-,-,-,-
1855,Eliminated,20,5,8,1,0,64.0%,200,64.0%,-,-,-,-,-,-,-,-,-,-
1856,Eliminated,20,10,4,2,2,64.0%,200,64.0%,-,-,-,-,-,-,-,-,-,-
1857,Eliminated,20,20,0,2,6,64.0%,200,64.0%,-,-,-,-,-,-,-,-,-,-
1858,Eliminated,20,20,2,1,2,64.0%,200,64.0%,-,-,-,-,-,-,-,-,-,-
1859,Eliminated,20,20,2,3,2,64.0%,200,64.0%,-,-,-,-,-,-,-,-,-,-
1860,Eliminated,20,20,6,1,10,64.0%,200,64.0%,-,-,-,-,-,-,-,-,-,-
1861,Eliminated,0,0,0,2,2,63.5%,200,63.5%,-,-,-,-,-,-,-,-,-,-
1862,Eliminated,0,5,2,1,0,63.5%,200,63.5%,-,-,-,-,-,-,-,-,-,-
1863,Eliminated,0,10,2,2,0,63.5%,200,63.5%,-,-,-,-,-,-,-,-,-,-
1864,Eliminated,0,15,2,3,6,63.5%,200,63.5%,-,-,-,-,-,-,-,-,-,-
1865,Eliminated,0,20,6,2,4,63.5%,200,63.5%,-,-,-,-,-,-,-,-,-,-
1866,Eliminated,5,0,0,1,0,63.5%,200,63.5%,-,-,-,-,-,-,-,-,-,-
1867,Eliminated,5,5,4,3,0,63.5%,200,63.5%,-,-,-,-,-,-,-,-,-,-
1868,Eliminated,5,5,6,3,0,63.5%,200,63.5%,-,-,-,-,-,-,-,-,-,-
1869,Eliminated,5,10,0,2,6,63.5%,200,63.5%,-,-,-,-,-,-,-,-,-,-
1870,Eliminated,5,10,4,1,2,63.5%,200,63.5%,-,-,-,-,-,-,-,-,-,-
1871,Eliminated,5,10,8,1,4,63.5%,200,63.5%,-,-,-,-,-,-,-,-,-,-
1872,Eliminated,5,10,8,3,0,63.5%,200,63.5%,-,-,-,-,-,-,-,-,-,-
1873,Eliminated,5,15,10,3,2,63.5%,200,63.5%,-,-,-,-,-,-,-,-,-,-
1874,Eliminated,5,20,8,2,0,63.5%,200,63.5%,-,-,-,-,-,-,-,-,-,-
1875,Eliminated,10,5,0,2,0,63.5%,200,63.5%,-,-,-,-,-,-,-,-,-,-
1876,Eliminated,10,5,2,1,0,63.5%,200,63.5%,-,-,-,-,-,-,-,-,-,-
1877,Eliminated,10,5,6,1,0,63.5%,200,63.5%,-,-,-,-,-,-,-,-,-,-
1878,Eliminated,10,10,0,3,4,63.5%,200,63.5%,-,-,-,-,-,-,-,-,-,-
1879,Eliminated,10,10,2,1,4,63.5%,200,63.5%,-,-,-,-,-,-,-,-,-,-
1880,Eliminated,10,15,4,3,0,63.5%,200,63.5%,-,-,-,-,-,-,-,-,-,-
1881,Eliminated,10,20,0,1,6,63.5%,200,63.5%,-,-,-,-,-,-,-,-,-,-
1882,Eliminated,10,20,2,1,6,63.5%,200,63.5%,-,-,-,-,-,-,-,-,-,-
1883,Eliminated,10,20,4,1,6,63.5%,200,63.5%,-,-,-,-,-,-,-,-,-,-
1884,Eliminated,10,20,6,1,6,63.5%,200,63.5%,-,-,-,-,-,-,-,-,-,-
1885,Eliminated,15,0,2,2,0,63.5%,200,63.5%,-,-,-,-,-,-,-,-,-,-
1886,Eliminated,15,5,4,2,0,63.5%,200,63.5%,-,-,-,-,-,-,-,-,-,-
1887,Eliminated,15,5,6,2,0,63.5%,200,63.5%,-,-,-,-,-,-,-,-,-,-
1888,Eliminated,15,10,8,1,2,63.5%,200,63.5%,-,-,-,-,-,-,-,-,-,-
1889,Eliminated,15,15,6,1,8,63.5%,200,63.5%,-,-,-,-,-,-,-,-,-,-
1890,Eliminated,15,20,0,3,4,63.5%,200,63.5%,-,-,-,-,-,-,-,-,-,-
1891,Eliminated,15,20,4,1,4,63.5%,200,63.5%,-,-,-,-,-,-,-,-,-,-
1892,Eliminated,20,5,0,3,0,63.5%,200,63.5%,-,-,-,-,-,-,-,-,-,-
1893,Eliminated,20,5,4,2,0,63.5%,200,63.5%,-,-,-,-,-,-,-,-,-,-
1894,Eliminated,20,10,0,1,6,63.5%,200,63.5%,-,-,-,-,-,-,-,-,-,-
1895,Eliminated,20,10,0,2,0,63.5%,200,63.5%,-,-,-,-,-,-,-,-,-,-
1896,Eliminated,20,10,10,2,0,63.5%,200,63.5%,-,-,-,-,-,-,-,-,-,-
1897,Eliminated,0,0,0,1,4,63.0%,200,63.0%,-,-,-,-,-,-,-,-,-,-
1898,Eliminated,0,5,0,2,2,63.0%,200,63.0%,-,-,-,-,-,-,-,-,-,-
1899,Eliminated,0,5,0,2,10,63.0%,200,63.0%,-,-,-,-,-,-,-,-,-,-
1900,Eliminated,0,5,0,3,2,63.0%,200,63.0%,-,-,-,-,-,-,-,-,-,-
1901,Eliminated,0,5,4,3,0,63.0%,200,63.0%,-,-,-,-,-,-,-,-,-,-
1902,Eliminated,0,5,6,1,2,63.0%,200,63.0%,-,-,-,-,-,-,-,-,-,-
1903,Eliminated,0,10,10,3,0,63.0%,200,63.0%,-,-,-,-,-,-,-,-,-,-
1904,Eliminated,0,15,0,3,6,63.0%,200,63.0%,-,-,-,-,-,-,-,-,-,-
1905,Eliminated,0,15,2,2,6,63.0%,200,63.0%,-,-,-,-,-,-,-,-,-,-
1906,Eliminated,0,20,2,2,4,63.0%,200,63.0%,-,-,-,-,-,-,-,-,-,-
1907,Eliminated,0,20,6,3,2,63.0%,200,63.0%,-,-,-,-,-,-,-,-,-,-
1908,Eliminated,5,5,0,3,2,63.0%,200,63.0%,-,-,-,-,-,-,-,-,-,-
1909,Eliminated,5,15,4,1,4,63.0%,200,63.0%,-,-,-,-,-,-,-,-,-,-
1910,Eliminated,5,15,8,2,4,63.0%,200,63.0%,-,-,-,-,-,-,-,-,-,-
1911,Eliminated,10,5,4,1,0,63.0%,200,63.0%,-,-,-,-,-,-,-,-,-,-
1912,Eliminated,10,5,6,3,0,63.0%,200,63.0%,-,-,-,-,-,-,-,-,-,-
1913,Eliminated,10,5,10,3,0,63.0%,200,63.0%,-,-,-,-,-,-,-,-,-,-
1914,Eliminated,15,5,6,3,0,63.0%,200,63.0%,-,-,-,-,-,-,-,-,-,-
1915,Eliminated,15,10,0,1,4,63.0%,200,63.0%,-,-,-,-,-,-,-,-,-,-
1916,Eliminated,15,10,0,3,6,63.0%,200,63.0%,-,-,-,-,-,-,-,-,-,-
1917,Eliminated,15,10,4,2,0,63.0%,200,63.0%,-,-,-,-,-,-,-,-,-,-
1918,Eliminated,15,10,8,2,0,63.0%,200,63.0%,-,-,-,-,-,-,-,-,-,-
1919,Eliminated,15,10,8,3,0,63.0%,200,63.0%,-,-,-,-,-,-,-,-,-,-
1920,Eliminated,15,20,6,1,2,63.0%,200,63.0%,-,-,-,-,-,-,-,-,-,-
1921,Eliminated,20,5,10,1,4,63.0%,200,63.0%,-,-,-,-,-,-,-,-,-,-
1922,Eliminated,20,15,0,3,4,63.0%,200,63.0%,-,-,-,-,-,-,-,-,-,-
1923,Eliminated,20,15,6,1,10,63.0%,200,63.0%,-,-,-,-,-,-,-,-,-,-
1924,Eliminated,20,15,8,1,6,63.0%,200,63.0%,-,-,-,-,-,-,-,-,-,-
1925,Eliminated,20,20,2,2,2,63.0%,200,63.0%,-,-,-,-,-,-,-,-,-,-
1926,Eliminated,0,5,4,1,4,62.5%,200,62.5%,-,-,-,-,-,-,-,-,-,-
1927,Eliminated,0,10,0,2,0,62.5%,200,62.5%,-,-,-,-,-,-,-,-,-,-
1928,Eliminated,0,10,0,2,10,62.5%,200,62.5%,-,-,-,-,-,-,-,-,-,-
1929,Eliminated,0,15,0,2,6,62.5%,200,62.5%,-,-,-,-,-,-,-,-,-,-
1930,Eliminated,0,15,0,3,4,62.5%,200,62.5%,-,-,-,-,-,-,-,-,-,-
1931,Eliminated,0,15,2,2,4,62.5%,200,62.5%,-,-,-,-,-,-,-,-,-,-
1932,Eliminated,0,15,2,2,8,62.5%,200,62.5%,-,-,-,-,-,-,-,-,-,-
1933,Eliminated,0,20,2,2,0,62.5%,200,62.5%,-,-,-,-,-,-,-,-,-,-
1934,Eliminated,5,0,8,1,0,62.5%,200,62.5%,-,-,-,-,-,-,-,-,-,-
1935,Eliminated,5,5,0,3,4,62.5%,200,62.5%,-,-,-,-,-,-,-,-,-,-
1936,Eliminated,5,10,0,2,0,62.5%,200,62.5%,-,-,-,-,-,-,-,-,-,-
1937,Eliminated,5,10,2,1,6,62.5%,200,62.5%,-,-,-,-,-,-,-,-,-,-
1938,Eliminated,5,10,4,1,8,62.5%,200,62.5%,-,-,-,-,-,-,-,-,-,-
1939,Eliminated,5,10,6,1,2,62.5%,200,62.5%,-,-,-,-,-,-,-,-,-,-
1940,Eliminated,5,15,2,3,0,62.5%,200,62.5%,-,-,-,-,-,-,-,-,-,-
1941,Eliminated,5,20,8,2,4,62.5%,200,62.5%,-,-,-,-,-,-,-,-,-,-
1942,Eliminated,10,10,2,2,0,62.5%,200,62.5%,-,-,-,-,-,-,-,-,-,-
1943,Eliminated,10,10,4,2,0,62.5%,200,62.5%,-,-,-,-,-,-,-,-,-,-
1944,Eliminated,15,10,2,1,0,62.5%,200,62.5%,-,-,-,-,-,-,-,-,-,-
1945,Eliminated,15,10,8,1,0,62.5%,200,62.5%,-,-,-,-,-,-,-,-,-,-
1946,Eliminated,15,20,8,1,0,62.5%,200,62.5%,-,-,-,-,-,-,-,-,-,-
1947,Eliminated,20,5,6,3,0,62.5%,200,62.5%,-,-,-,-,-,-,-,-,-,-
1948,Eliminated,0,5,10,2,2,62.0%,200,62.0%,-,-,-,-,-,-,-,-,-,-
1949,Eliminated,0,10,0,2,2,62.0%,200,62.0%,-,-,-,-,-,-,-,-,-,-
1950,Eliminated,0,10,4,2,0,62.0%,200,62.0%,-,-,-,-,-,-,-,-,-,-
1951,Eliminated,0,10,6,2,10,62.0%,200,62.0%,-,-,-,-,-,-,-,-,-,-
1952,Eliminated,0,15,0,2,0,62.0%,200,62.0%,-,-,-,-,-,-,-,-,-,-
1953,Eliminated,0,15,0,2,10,62.0%,200,62.0%,-,-,-,-,-,-,-,-,-,-
1954,Eliminated,0,20,4,2,6,62.0%,200,62.0%,-,-,-,-,-,-,-,-,-,-
1955,Eliminated,0,20,8,3,2,62.0%,200,62.0%,-,-,-,-,-,-,-,-,-,-
1956,Eliminated,5,5,0,1,6,62.0%,200,62.0%,-,-,-,-,-,-,-,-,-,-
1957,Eliminated,5,15,2,1,10,62.0%,200,62.0%,-,-,-,-,-,-,-,-,-,-
1958,Eliminated,5,15,2,2,4,62.0%,200,62.0%,-,-,-,-,-,-,-,-,-,-
1959,Eliminated,5,15,10,2,6,62.0%,200,62.0%,-,-,-,-,-,-,-,-,-,-
1960,Eliminated,5,20,0,2,4,62.0%,200,62.0%,-,-,-,-,-,-,-,-,-,-
1961,Eliminated,5,20,0,3,6,62.0%,200,62.0%,-,-,-,-,-,-,-,-,-,-
1962,Eliminated,5,20,10,2,0,62.0%,200,62.0%,-,-,-,-,-,-,-,-,-,-
1963,Eliminated,5,20,10,2,2,62.0%,200,62.0%,-,-,-,-,-,-,-,-,-,-
1964,Eliminated,10,20,0,3,4,62.0%,200,62.0%,-,-,-,-,-,-,-,-,-,-
1965,Eliminated,10,20,4,1,8,62.0%,200,62.0%,-,-,-,-,-,-,-,-,-,-
1966,Eliminated,15,5,0,1,0,62.0%,200,62.0%,-,-,-,-,-,-,-,-,-,-
1967,Eliminated,15,10,0,2,2,62.0%,200,62.0%,-,-,-,-,-,-,-,-,-,-
1968,Eliminated,15,10,0,3,0,62.0%,200,62.0%,-,-,-,-,-,-,-,-,-,-
1969,Eliminated,15,20,0,2,2,62.0%,200,62.0%,-,-,-,-,-,-,-,-,-,-
1970,Eliminated,20,5,4,1,0,62.0%,200,62.0%,-,-,-,-,-,-,-,-,-,-
1971,Eliminated,20,15,4,1,0,62.0%,200,62.0%,-,-,-,-,-,-,-,-,-,-
1972,Eliminated,20,20,8,1,2,62.0%,200,62.0%,-,-,-,-,-,-,-,-,-,-
1973,Eliminated,20,20,8,1,4,62.0%,200,62.0%,-,-,-,-,-,-,-,-,-,-
1974,Eliminated,0,5,0,2,6,61.5%,200,61.5%,-,-,-,-,-,-,-,-,-,-
1975,Eliminated,0,5,4,1,6,61.5%,200,61.5%,-,-,-,-,-,-,-,-,-,-
1976,Eliminated,0,5,8,1,4,61.5%,200,61.5%,-,-,-,-,-,-,-,-,-,-
1977,Eliminated,0,10,0,2,4,61.5%,200,61.5%,-,-,-,-,-,-,-,-,-,-
1978,Eliminated,0,10,6,2,0,61.5%,200,61.5%,-,-,-,-,-,-,-,-,-,-
1979,Eliminated,0,15,4,2,2,61.5%,200,61.5%,-,-,-,-,-,-,-,-,-,-
1980,Eliminated,0,15,4,2,6,61.5%,200,61.5%,-,-,-,-,-,-,-,-,-,-
1981,Eliminated,0,20,4,2,4,61.5%,200,61.5%,-,-,-,-,-,-,-,-,-,-
1982,Eliminated,0,20,4,2,8,61.5%,200,61.5%,-,-,-,-,-,-,-,-,-,-
1983,Eliminated,5,5,0,1,0,61.5%,200,61.5%,-,-,-,-,-,-,-,-,-,-
1984,Eliminated,5,5,6,1,10,61.5%,200,61.5%,-,-,-,-,-,-,-,-,-,-
1985,Eliminated,5,15,2,2,0,61.5%,200,61.5%,-,-,-,-,-,-,-,-,-,-
1986,Eliminated,5,15,4,2,2,61.5%,200,61.5%,-,-,-,-,-,-,-,-,-,-
1987,Eliminated,5,15,10,2,8,61.5%,200,61.5%,-,-,-,-,-,-,-,-,-,-
1988,Eliminated,5,20,2,3,0,61.5%,200,61.5%,-,-,-,-,-,-,-,-,-,-
1989,Eliminated,5,20,2,3,4,61.5%,200,61.5%,-,-,-,-,-,-,-,-,-,-
1990,Eliminated,5,20,8,2,2,61.5%,200,61.5%,-,-,-,-,-,-,-,-,-,-
1991,Eliminated,10,5,4,2,0,61.5%,200,61.5%,-,-,-,-,-,-,-,-,-,-
1992,Eliminated,10,5,8,1,10,61.5%,200,61.5%,-,-,-,-,-,-,-,-,-,-
1993,Eliminated,10,10,0,1,2,61.5%,200,61.5%,-,-,-,-,-,-,-,-,-,-
1994,Eliminated,10,10,0,2,0,61.5%,200,61.5%,-,-,-,-,-,-,-,-,-,-
1995,Eliminated,10,10,2,1,0,61.5%,200,61.5%,-,-,-,-,-,-,-,-,-,-
1996,Eliminated,10,10,10,2,0,61.5%,200,61.5%,-,-,-,-,-,-,-,-,-,-
1997,Eliminated,10,15,0,3,4,61.5%,200,61.5%,-,-,-,-,-,-,-,-,-,-
1998,Eliminated,10,15,4,3,2,61.5%,200,61.5%,-,-,-,-,-,-,-,-,-,-
1999,Eliminated,10,15,6,3,0,61.5%,200,61.5%,-,-,-,-,-,-,-,-,-,-
2000,Eliminated,10,20,4,2,2,61.5%,200,61.5%,-,-,-,-,-,-,-,-,-,-
2001,Eliminated,15,10,2,3,0,61.5%,200,61.5%,-,-,-,-,-,-,-,-,-,-
2002,Eliminated,15,10,4,3,0,61.5%,200,61.5%,-,-,-,-,-,-,-,-,-,-
2003,Eliminated,15,20,0,2,4,61.5%,200,61.5%,-,-,-,-,-,-,-,-,-,-
2004,Eliminated,15,20,6,1,8,61.5%,200,61.5%,-,-,-,-,-,-,-,-,-,-
2005,Eliminated,15,20,10,3,2,61.5%,200,61.5%,-,-,-,-,-,-,-,-,-,-
2006,Eliminated,20,5,0,1,2,61.5%,200,61.5%,-,-,-,-,-,-,-,-,-,-
2007,Eliminated,20,10,0,2,2,61.5%,200,61.5%,-,-,-,-,-,-,-,-,-,-
2008,Eliminated,20,10,0,3,0,61.5%,200,61.5%,-,-,-,-,-,-,-,-,-,-
2009,Eliminated,20,15,2,1,4,61.5%,200,61.5%,-,-,-,-,-,-,-,-,-,-
2010,Eliminated,20,15,8,1,4,61.5%,200,61.5%,-,-,-,-,-,-,-,-,-,-
2011,Eliminated,20,20,0,1,8,61.5%,200,61.5%,-,-,-,-,-,-,-,-,-,-
2012,Eliminated,20,20,6,1,4,61.5%,200,61.5%,-,-,-,-,-,-,-,-,-,-
2013,Eliminated,20,20,6,2,0,61.5%,200,61.5%,-,-,-,-,-,-,-,-,-,-
2014,Eliminated,20,20,10,2,2,61.5%,200,61.5%,-,-,-,-,-,-,-,-,-,-
2015,Eliminated,0,5,2,1,4,61.0%,200,61.0%,-,-,-,-,-,-,-,-,-,-
2016,Eliminated,0,10,0,3,2,61.0%,200,61.0%,-,-,-,-,-,-,-,-,-,-
2017,Eliminated,0,10,0,3,10,61.0%,200,61.0%,-,-,-,-,-,-,-,-,-,-
2018,Eliminated,0,20,6,2,2,61.0%,200,61.0%,-,-,-,-,-,-,-,-,-,-
2019,Eliminated,0,20,6,2,6,61.0%,200,61.0%,-,-,-,-,-,-,-,-,-,-
2020,Eliminated,0,20,8,3,0,61.0%,200,61.0%,-,-,-,-,-,-,-,-,-,-
2021,Eliminated,5,5,2,1,0,61.0%,200,61.0%,-,-,-,-,-,-,-,-,-,-
2022,Eliminated,5,10,0,3,4,61.0%,200,61.0%,-,-,-,-,-,-,-,-,-,-
2023,Eliminated,5,10,2,1,4,61.0%,200,61.0%,-,-,-,-,-,-,-,-,-,-
2024,Eliminated,5,10,4,1,6,61.0%,200,61.0%,-,-,-,-,-,-,-,-,-,-
2025,Eliminated,5,15,0,1,10,61.0%,200,61.0%,-,-,-,-,-,-,-,-,-,-
2026,Eliminated,5,15,4,3,0,61.0%,200,61.0%,-,-,-,-,-,-,-,-,-,-
2027,Eliminated,5,20,2,2,0,61.0%,200,61.0%,-,-,-,-,-,-,-,-,-,-
2028,Eliminated,10,15,6,1,2,61.0%,200,61.0%,-,-,-,-,-,-,-,-,-,-
2029,Eliminated,10,15,6,1,4,61.0%,200,61.0%,-,-,-,-,-,-,-,-,-,-
2030,Eliminated,10,15,6,1,10,61.0%,200,61.0%,-,-,-,-,-,-,-,-,-,-
2031,Eliminated,10,20,0,2,2,61.0%,200,61.0%,-,-,-,-,-,-,-,-,-,-
2032,Eliminated,15,10,10,3,0,61.0%,200,61.0%,-,-,-,-,-,-,-,-,-,-
2033,Eliminated,15,15,0,3,0,61.0%,200,61.0%,-,-,-,-,-,-,-,-,-,-
2034,Eliminated,15,15,2,1,2,61.0%,200,61.0%,-,-,-,-,-,-,-,-,-,-
2035,Eliminated,15,20,2,2,0,61.0%,200,61.0%,-,-,-,-,-,-,-,-,-,-
2036,Eliminated,15,20,6,1,4,61.0%,200,61.0%,-,-,-,-,-,-,-,-,-,-
2037,Eliminated,20,5,10,2,0,61.0%,200,61.0%,-,-,-,-,-,-,-,-,-,-
2038,Eliminated,20,10,6,1,10,61.0%,200,61.0%,-,-,-,-,-,-,-,-,-,-
2039,Eliminated,20,15,6,1,4,61.0%,200,61.0%,-,-,-,-,-,-,-,-,-,-
2040,Eliminated,0,10,4,3,0,60.5%,200,60.5%,-,-,-,-,-,-,-,-,-,-
2041,Eliminated,0,10,6,2,8,60.5%,200,60.5%,-,-,-,-,-,-,-,-,-,-
2042,Eliminated,0,15,0,3,10,60.5%,200,60.5%,-,-,-,-,-,-,-,-,-,-
2043,Eliminated,0,15,6,2,6,60.5%,200,60.5%,-,-,-,-,-,-,-,-,-,-
2044,Eliminated,0,20,0,3,8,60.5%,200,60.5%,-,-,-,-,-,-,-,-,-,-
2045,Eliminated,0,20,0,3,10,60.5%,200,60.5%,-,-,-,-,-,-,-,-,-,-
2046,Eliminated,5,0,10,1,0,60.5%,200,60.5%,-,-,-,-,-,-,-,-,-,-
2047,Eliminated,5,5,0,1,4,60.5%,200,60.5%,-,-,-,-,-,-,-,-,-,-
2048,Eliminated,5,5,4,1,0,60.5%,200,60.5%,-,-,-,-,-,-,-,-,-,-
2049,Eliminated,5,15,0,2,6,60.5%,200,60.5%,-,-,-,-,-,-,-,-,-,-
2050,Eliminated,5,15,10,2,2,60.5%,200,60.5%,-,-,-,-,-,-,-,-,-,-
2051,Eliminated,5,20,6,2,0,60.5%,200,60.5%,-,-,-,-,-,-,-,-,-,-
2052,Eliminated,5,20,8,1,4,60.5%,200,60.5%,-,-,-,-,-,-,-,-,-,-
2053,Eliminated,10,5,6,2,0,60.5%,200,60.5%,-,-,-,-,-,-,-,-,-,-
2054,Eliminated,10,15,2,1,2,60.5%,200,60.5%,-,-,-,-,-,-,-,-,-,-
2055,Eliminated,10,15,2,3,0,60.5%,200,60.5%,-,-,-,-,-,-,-,-,-,-
2056,Eliminated,10,20,0,2,4,60.5%,200,60.5%,-,-,-,-,-,-,-,-,-,-
2057,Eliminated,10,20,2,1,4,60.5%,200,60.5%,-,-,-,-,-,-,-,-,-,-
2058,Eliminated,10,20,4,1,2,60.5%,200,60.5%,-,-,-,-,-,-,-,-,-,-
2059,Eliminated,10,20,4,3,0,60.5%,200,60.5%,-,-,-,-,-,-,-,-,-,-
2060,Eliminated,15,5,10,1,4,60.5%,200,60.5%,-,-,-,-,-,-,-,-,-,-
2061,Eliminated,15,10,6,2,0,60.5%,200,60.5%,-,-,-,-,-,-,-,-,-,-
2062,Eliminated,15,10,10,2,0,60.5%,200,60.5%,-,-,-,-,-,-,-,-,-,-
2063,Eliminated,15,15,0,2,0,60.5%,200,60.5%,-,-,-,-,-,-,-,-,-,-
2064,Eliminated,15,15,2,3,0,60.5%,200,60.5%,-,-,-,-,-,-,-,-,-,-
2065,Eliminated,15,15,8,2,0,60.5%,200,60.5%,-,-,-,-,-,-,-,-,-,-
2066,Eliminated,15,20,6,1,0,60.5%,200,60.5%,-,-,-,-,-,-,-,-,-,-
2067,Eliminated,15,20,8,1,4,60.5%,200,60.5%,-,-,-,-,-,-,-,-,-,-
2068,Eliminated,20,10,0,3,2,60.5%,200,60.5%,-,-,-,-,-,-,-,-,-,-
2069,Eliminated,20,10,4,2,0,60.5%,200,60.5%,-,-,-,-,-,-,-,-,-,-
2070,Eliminated,20,10,6,3,0,60.5%,200,60.5%,-,-,-,-,-,-,-,-,-,-
2071,Eliminated,20,20,0,1,4,60.5%,200,60.5%,-,-,-,-,-,-,-,-,-,-
2072,Eliminated,0,5,2,1,8,60.0%,200,60.0%,-,-,-,-,-,-,-,-,-,-
2073,Eliminated,0,5,8,1,2,60.0%,200,60.0%,-,-,-,-,-,-,-,-,-,-
2074,Eliminated,0,10,0,3,4,60.0%,200,60.0%,-,-,-,-,-,-,-,-,-,-
2075,Eliminated,0,10,8,2,0,60.0%,200,60.0%,-,-,-,-,-,-,-,-,-,-
2076,Eliminated,0,15,0,3,8,60.0%,200,60.0%,-,-,-,-,-,-,-,-,-,-
2077,Eliminated,0,15,6,2,2,60.0%,200,60.0%,-,-,-,-,-,-,-,-,-,-
2078,Eliminated,0,15,8,2,0,60.0%,200,60.0%,-,-,-,-,-,-,-,-,-,-
2079,Eliminated,0,20,0,2,6,60.0%,200,60.0%,-,-,-,-,-,-,-,-,-,-
2080,Eliminated,0,20,6,3,0,60.0%,200,60.0%,-,-,-,-,-,-,-,-,-,-
2081,Eliminated,5,5,0,2,2,60.0%,200,60.0%,-,-,-,-,-,-,-,-,-,-
2082,Eliminated,5,5,6,1,0,60.0%,200,60.0%,-,-,-,-,-,-,-,-,-,-
2083,Eliminated,5,10,0,3,2,60.0%,200,60.0%,-,-,-,-,-,-,-,-,-,-
2084,Eliminated,5,10,2,3,0,60.0%,200,60.0%,-,-,-,-,-,-,-,-,-,-
2085,Eliminated,5,10,6,1,10,60.0%,200,60.0%,-,-,-,-,-,-,-,-,-,-
2086,Eliminated,5,10,10,3,0,60.0%,200,60.0%,-,-,-,-,-,-,-,-,-,-
2087,Eliminated,5,15,4,3,2,60.0%,200,60.0%,-,-,-,-,-,-,-,-,-,-
2088,Eliminated,5,20,4,3,0,60.0%,200,60.0%,-,-,-,-,-,-,-,-,-,-
2089,Eliminated,5,20,6,3,0,60.0%,200,60.0%,-,-,-,-,-,-,-,-,-,-
2090,Eliminated,10,10,6,1,0,60.0%,200,60.0%,-,-,-,-,-,-,-,-,-,-
2091,Eliminated,10,20,6,1,10,60.0%,200,60.0%,-,-,-,-,-,-,-,-,-,-
2092,Eliminated,15,10,2,2,0,60.0%,200,60.0%,-,-,-,-,-,-,-,-,-,-
2093,Eliminated,15,10,8,1,6,60.0%,200,60.0%,-,-,-,-,-,-,-,-,-,-
2094,Eliminated,15,15,0,1,4,60.0%,200,60.0%,-,-,-,-,-,-,-,-,-,-
2095,Eliminated,15,15,4,3,0,60.0%,200,60.0%,-,-,-,-,-,-,-,-,-,-
2096,Eliminated,15,15,6,2,0,60.0%,200,60.0%,-,-,-,-,-,-,-,-,-,-
2097,Eliminated,15,15,10,2,0,60.0%,200,60.0%,-,-,-,-,-,-,-,-,-,-
2098,Eliminated,15,20,0,1,4,60.0%,200,60.0%,-,-,-,-,-,-,-,-,-,-
2099,Eliminated,15,20,4,3,0,60.0%,200,60.0%,-,-,-,-,-,-,-,-,-,-
2100,Eliminated,15,20,10,3,0,60.0%,200,60.0%,-,-,-,-,-,-,-,-,-,-
2101,Eliminated,20,10,0,1,2,60.0%,200,60.0%,-,-,-,-,-,-,-,-,-,-
2102,Eliminated,20,10,4,3,0,60.0%,200,60.0%,-,-,-,-,-,-,-,-,-,-
2103,Eliminated,20,10,6,2,0,60.0%,200,60.0%,-,-,-,-,-,-,-,-,-,-
2104,Eliminated,20,20,0,2,0,60.0%,200,60.0%,-,-,-,-,-,-,-,-,-,-
2105,Eliminated,20,20,0,3,2,60.0%,200,60.0%,-,-,-,-,-,-,-,-,-,-
2106,Eliminated,20,20,4,1,2,60.0%,200,60.0%,-,-,-,-,-,-,-,-,-,-
2107,Eliminated,0,5,2,1,2,59.5%,200,59.5%,-,-,-,-,-,-,-,-,-,-
2108,Eliminated,0,5,10,2,4,59.5%,200,59.5%,-,-,-,-,-,-,-,-,-,-
2109,Eliminated,0,10,6,1,2,59.5%,200,59.5%,-,-,-,-,-,-,-,-,-,-
2110,Eliminated,0,10,8,3,0,59.5%,200,59.5%,-,-,-,-,-,-,-,-,-,-
2111,Eliminated,0,15,4,2,8,59.5%,200,59.5%,-,-,-,-,-,-,-,-,-,-
2112,Eliminated,0,15,8,2,2,59.5%,200,59.5%,-,-,-,-,-,-,-,-,-,-
2113,Eliminated,0,20,0,2,10,59.5%,200,59.5%,-,-,-,-,-,-,-,-,-,-
2114,Eliminated,5,10,2,1,2,59.5%,200,59.5%,-,-,-,-,-,-,-,-,-,-
2115,Eliminated,5,10,4,2,0,59.5%,200,59.5%,-,-,-,-,-,-,-,-,-,-
2116,Eliminated,5,10,6,3,0,59.5%,200,59.5%,-,-,-,-,-,-,-,-,-,-
2117,Eliminated,5,10,8,1,2,59.5%,200,59.5%,-,-,-,-,-,-,-,-,-,-
2118,Eliminated,5,15,0,3,0,59.5%,200,59.5%,-,-,-,-,-,-,-,-,-,-
2119,Eliminated,5,15,4,2,0,59.5%,200,59.5%,-,-,-,-,-,-,-,-,-,-
2120,Eliminated,10,0,10,1,0,59.5%,200,59.5%,-,-,-,-,-,-,-,-,-,-
2121,Eliminated,10,10,4,1,0,59.5%,200,59.5%,-,-,-,-,-,-,-,-,-,-
2122,Eliminated,10,15,0,1,6,59.5%,200,59.5%,-,-,-,-,-,-,-,-,-,-
2123,Eliminated,15,5,10,2,0,59.5%,200,59.5%,-,-,-,-,-,-,-,-,-,-
2124,Eliminated,15,15,2,2,0,59.5%,200,59.5%,-,-,-,-,-,-,-,-,-,-
2125,Eliminated,15,20,2,1,2,59.5%,200,59.5%,-,-,-,-,-,-,-,-,-,-
2126,Eliminated,20,15,0,1,2,59.5%,200,59.5%,-,-,-,-,-,-,-,-,-,-
2127,Eliminated,20,15,8,1,2,59.5%,200,59.5%,-,-,-,-,-,-,-,-,-,-
2128,Eliminated,20,15,10,3,0,59.5%,200,59.5%,-,-,-,-,-,-,-,-,-,-
2129,Eliminated,20,20,10,2,0,59.5%,200,59.5%,-,-,-,-,-,-,-,-,-,-
2130,Eliminated,0,10,8,2,8,59.0%,200,59.0%,-,-,-,-,-,-,-,-,-,-
2131,Eliminated,0,15,0,3,0,59.0%,200,59.0%,-,-,-,-,-,-,-,-,-,-
2132,Eliminated,0,15,4,3,0,59.0%,200,59.0%,-,-,-,-,-,-,-,-,-,-
2133,Eliminated,0,15,8,2,4,59.0%,200,59.0%,-,-,-,-,-,-,-,-,-,-
2134,Eliminated,0,20,0,2,2,59.0%,200,59.0%,-,-,-,-,-,-,-,-,-,-
2135,Eliminated,0,20,2,2,6,59.0%,200,59.0%,-,-,-,-,-,-,-,-,-,-
2136,Eliminated,0,20,2,2,10,59.0%,200,59.0%,-,-,-,-,-,-,-,-,-,-
2137,Eliminated,0,20,2,3,2,59.0%,200,59.0%,-,-,-,-,-,-,-,-,-,-
2138,Eliminated,0,20,4,2,2,59.0%,200,59.0%,-,-,-,-,-,-,-,-,-,-
2139,Eliminated,0,20,8,2,4,59.0%,200,59.0%,-,-,-,-,-,-,-,-,-,-
2140,Eliminated,5,0,10,3,0,59.0%,200,59.0%,-,-,-,-,-,-,-,-,-,-
2141,Eliminated,5,10,0,1,10,59.0%,200,59.0%,-,-,-,-,-,-,-,-,-,-
2142,Eliminated,5,10,4,3,0,59.0%,200,59.0%,-,-,-,-,-,-,-,-,-,-
2143,Eliminated,5,15,2,1,2,59.0%,200,59.0%,-,-,-,-,-,-,-,-,-,-
2144,Eliminated,5,15,6,3,0,59.0%,200,59.0%,-,-,-,-,-,-,-,-,-,-
2145,Eliminated,5,20,0,3,0,59.0%,200,59.0%,-,-,-,-,-,-,-,-,-,-
2146,Eliminated,5,20,0,3,4,59.0%,200,59.0%,-,-,-,-,-,-,-,-,-,-
2147,Eliminated,5,20,4,1,10,59.0%,200,59.0%,-,-,-,-,-,-,-,-,-,-
2148,Eliminated,5,20,4,2,2,59.0%,200,59.0%,-,-,-,-,-,-,-,-,-,-
2149,Eliminated,10,15,8,3,0,59.0%,200,59.0%,-,-,-,-,-,-,-,-,-,-
2150,Eliminated,10,20,0,2,0,59.0%,200,59.0%,-,-,-,-,-,-,-,-,-,-
2151,Eliminated,10,20,0,2,8,59.0%,200,59.0%,-,-,-,-,-,-,-,-,-,-
2152,Eliminated,10,20,0,3,0,59.0%,200,59.0%,-,-,-,-,-,-,-,-,-,-
2153,Eliminated,10,20,8,1,2,59.0%,200,59.0%,-,-,-,-,-,-,-,-,-,-
2154,Eliminated,15,10,0,1,0,59.0%,200,59.0%,-,-,-,-,-,-,-,-,-,-
2155,Eliminated,15,15,0,1,0,59.0%,200,59.0%,-,-,-,-,-,-,-,-,-,-
2156,Eliminated,15,15,0,2,2,59.0%,200,59.0%,-,-,-,-,-,-,-,-,-,-
2157,Eliminated,15,15,8,1,4,59.0%,200,59.0%,-,-,-,-,-,-,-,-,-,-
2158,Eliminated,15,20,10,2,0,59.0%,200,59.0%,-,-,-,-,-,-,-,-,-,-
2159,Eliminated,20,10,2,1,0,59.0%,200,59.0%,-,-,-,-,-,-,-,-,-,-
2160,Eliminated,20,15,0,3,0,59.0%,200,59.0%,-,-,-,-,-,-,-,-,-,-
2161,Eliminated,20,15,8,2,0,59.0%,200,59.0%,-,-,-,-,-,-,-,-,-,-
2162,Eliminated,20,15,8,3,0,59.0%,200,59.0%,-,-,-,-,-,-,-,-,-,-
2163,Eliminated,20,20,0,3,4,59.0%,200,59.0%,-,-,-,-,-,-,-,-,-,-
2164,Eliminated,20,20,8,3,0,59.0%,200,59.0%,-,-,-,-,-,-,-,-,-,-
2165,Eliminated,0,5,0,2,4,58.5%,200,58.5%,-,-,-,-,-,-,-,-,-,-
2166,Eliminated,0,5,4,1,2,58.5%,200,58.5%,-,-,-,-,-,-,-,-,-,-
2167,Eliminated,0,5,10,2,6,58.5%,200,58.5%,-,-,-,-,-,-,-,-,-,-
2168,Eliminated,0,15,0,3,2,58.5%,200,58.5%,-,-,-,-,-,-,-,-,-,-
2169,Eliminated,0,20,0,3,2,58.5%,200,58.5%,-,-,-,-,-,-,-,-,-,-
2170,Eliminated,0,20,2,3,0,58.5%,200,58.5%,-,-,-,-,-,-,-,-,-,-
2171,Eliminated,0,20,8,2,2,58.5%,200,58.5%,-,-,-,-,-,-,-,-,-,-
2172,Eliminated,5,10,0,3,0,58.5%,200,58.5%,-,-,-,-,-,-,-,-,-,-
2173,Eliminated,5,10,10,2,0,58.5%,200,58.5%,-,-,-,-,-,-,-,-,-,-
2174,Eliminated,5,15,0,3,4,58.5%,200,58.5%,-,-,-,-,-,-,-,-,-,-
2175,Eliminated,5,20,2,1,10,58.5%,200,58.5%,-,-,-,-,-,-,-,-,-,-
2176,Eliminated,5,20,8,3,0,58.5%,200,58.5%,-,-,-,-,-,-,-,-,-,-
2177,Eliminated,5,20,10,3,0,58.5%,200,58.5%,-,-,-,-,-,-,-,-,-,-
2178,Eliminated,10,10,8,3,0,58.5%,200,58.5%,-,-,-,-,-,-,-,-,-,-
2179,Eliminated,10,15,0,3,2,58.5%,200,58.5%,-,-,-,-,-,-,-,-,-,-
2180,Eliminated,10,15,10,2,0,58.5%,200,58.5%,-,-,-,-,-,-,-,-,-,-
2181,Eliminated,10,20,2,2,0,58.5%,200,58.5%,-,-,-,-,-,-,-,-,-,-
2182,Eliminated,10,20,2,3,0,58.5%,200,58.5%,-,-,-,-,-,-,-,-,-,-
2183,Eliminated,10,20,6,1,8,58.5%,200,58.5%,-,-,-,-,-,-,-,-,-,-
2184,Eliminated,10,20,8,1,6,58.5%,200,58.5%,-,-,-,-,-,-,-,-,-,-
2185,Eliminated,10,20,8,2,0,58.5%,200,58.5%,-,-,-,-,-,-,-,-,-,-
2186,Eliminated,15,15,0,1,2,58.5%,200,58.5%,-,-,-,-,-,-,-,-,-,-
2187,Eliminated,15,15,6,3,0,58.5%,200,58.5%,-,-,-,-,-,-,-,-,-,-
2188,Eliminated,15,20,8,2,0,58.5%,200,58.5%,-,-,-,-,-,-,-,-,-,-
2189,Eliminated,20,10,8,3,0,58.5%,200,58.5%,-,-,-,-,-,-,-,-,-,-
2190,Eliminated,20,15,4,2,0,58.5%,200,58.5%,-,-,-,-,-,-,-,-,-,-
2191,Eliminated,20,15,8,1,0,58.5%,200,58.5%,-,-,-,-,-,-,-,-,-,-
2192,Eliminated,20,20,0,1,0,58.5%,200,58.5%,-,-,-,-,-,-,-,-,-,-
2193,Eliminated,20,20,2,2,0,58.5%,200,58.5%,-,-,-,-,-,-,-,-,-,-
2194,Eliminated,0,10,0,2,6,58.0%,200,58.0%,-,-,-,-,-,-,-,-,-,-
2195,Eliminated,0,15,2,2,2,58.0%,200,58.0%,-,-,-,-,-,-,-,-,-,-
2196,Eliminated,0,15,2,2,10,58.0%,200,58.0%,-,-,-,-,-,-,-,-,-,-
2197,Eliminated,0,15,2,3,0,58.0%,200,58.0%,-,-,-,-,-,-,-,-,-,-
2198,Eliminated,0,15,4,2,10,58.0%,200,58.0%,-,-,-,-,-,-,-,-,-,-
2199,Eliminated,0,15,6,2,10,58.0%,200,58.0%,-,-,-,-,-,-,-,-,-,-
2200,Eliminated,0,20,4,3,0,58.0%,200,58.0%,-,-,-,-,-,-,-,-,-,-
2201,Eliminated,0,20,10,3,2,58.0%,200,58.0%,-,-,-,-,-,-,-,-,-,-
2202,Eliminated,5,5,8,1,0,58.0%,200,58.0%,-,-,-,-,-,-,-,-,-,-
2203,Eliminated,5,10,6,1,6,58.0%,200,58.0%,-,-,-,-,-,-,-,-,-,-
2204,Eliminated,5,15,4,1,10,58.0%,200,58.0%,-,-,-,-,-,-,-,-,-,-
2205,Eliminated,5,15,8,3,0,58.0%,200,58.0%,-,-,-,-,-,-,-,-,-,-
2206,Eliminated,5,20,10,2,8,58.0%,200,58.0%,-,-,-,-,-,-,-,-,-,-
2207,Eliminated,10,10,0,1,0,58.0%,200,58.0%,-,-,-,-,-,-,-,-,-,-
2208,Eliminated,10,10,6,3,0,58.0%,200,58.0%,-,-,-,-,-,-,-,-,-,-
2209,Eliminated,10,15,0,2,0,58.0%,200,58.0%,-,-,-,-,-,-,-,-,-,-
2210,Eliminated,10,15,4,2,0,58.0%,200,58.0%,-,-,-,-,-,-,-,-,-,-
2211,Eliminated,10,20,0,1,0,58.0%,200,58.0%,-,-,-,-,-,-,-,-,-,-
2212,Eliminated,15,15,8,3,0,58.0%,200,58.0%,-,-,-,-,-,-,-,-,-,-
2213,Eliminated,15,20,0,1,2,58.0%,200,58.0%,-,-,-,-,-,-,-,-,-,-
2214,Eliminated,15,20,2,1,0,58.0%,200,58.0%,-,-,-,-,-,-,-,-,-,-
2215,Eliminated,15,20,8,1,6,58.0%,200,58.0%,-,-,-,-,-,-,-,-,-,-
2216,Eliminated,15,20,8,3,0,58.0%,200,58.0%,-,-,-,-,-,-,-,-,-,-
2217,Eliminated,20,10,4,1,0,58.0%,200,58.0%,-,-,-,-,-,-,-,-,-,-
2218,Eliminated,20,10,10,3,0,58.0%,200,58.0%,-,-,-,-,-,-,-,-,-,-
2219,Eliminated,20,15,0,1,0,58.0%,200,58.0%,-,-,-,-,-,-,-,-,-,-
2220,Eliminated,20,15,2,2,0,58.0%,200,58.0%,-,-,-,-,-,-,-,-,-,-
2221,Eliminated,20,15,6,3,0,58.0%,200,58.0%,-,-,-,-,-,-,-,-,-,-
2222,Eliminated,0,5,0,1,4,57.5%,200,57.5%,-,-,-,-,-,-,-,-,-,-
2223,Eliminated,0,5,2,1,6,57.5%,200,57.5%,-,-,-,-,-,-,-,-,-,-
2224,Eliminated,5,10,0,2,2,57.5%,200,57.5%,-,-,-,-,-,-,-,-,-,-
2225,Eliminated,5,15,6,2,0,57.5%,200,57.5%,-,-,-,-,-,-,-,-,-,-
2226,Eliminated,10,20,0,3,2,57.5%,200,57.5%,-,-,-,-,-,-,-,-,-,-
2227,Eliminated,10,20,2,1,2,57.5%,200,57.5%,-,-,-,-,-,-,-,-,-,-
2228,Eliminated,10,20,4,2,0,57.5%,200,57.5%,-,-,-,-,-,-,-,-,-,-
2229,Eliminated,10,20,6,2,0,57.5%,200,57.5%,-,-,-,-,-,-,-,-,-,-
2230,Eliminated,20,15,0,2,2,57.5%,200,57.5%,-,-,-,-,-,-,-,-,-,-
2231,Eliminated,20,15,10,2,0,57.5%,200,57.5%,-,-,-,-,-,-,-,-,-,-
2232,Eliminated,0,15,2,2,0,57.0%,200,57.0%,-,-,-,-,-,-,-,-,-,-
2233,Eliminated,0,20,0,2,8,57.0%,200,57.0%,-,-,-,-,-,-,-,-,-,-
2234,Eliminated,0,20,0,3,6,57.0%,200,57.0%,-,-,-,-,-,-,-,-,-,-
2235,Eliminated,0,20,4,2,10,57.0%,200,57.0%,-,-,-,-,-,-,-,-,-,-
2236,Eliminated,5,15,6,1,4,57.0%,200,57.0%,-,-,-,-,-,-,-,-,-,-
2237,Eliminated,5,15,8,1,4,57.0%,200,57.0%,-,-,-,-,-,-,-,-,-,-
2238,Eliminated,5,20,4,2,0,57.0%,200,57.0%,-,-,-,-,-,-,-,-,-,-
2239,Eliminated,10,15,8,1,6,57.0%,200,57.0%,-,-,-,-,-,-,-,-,-,-
2240,Eliminated,10,20,6,3,0,57.0%,200,57.0%,-,-,-,-,-,-,-,-,-,-
2241,Eliminated,10,20,10,2,0,57.0%,200,57.0%,-,-,-,-,-,-,-,-,-,-
2242,Eliminated,15,5,10,1,2,57.0%,200,57.0%,-,-,-,-,-,-,-,-,-,-
2243,Eliminated,15,10,0,2,4,57.0%,200,57.0%,-,-,-,-,-,-,-,-,-,-
2244,Eliminated,15,10,6,1,0,57.0%,200,57.0%,-,-,-,-,-,-,-,-,-,-
2245,Eliminated,15,15,4,1,0,57.0%,200,57.0%,-,-,-,-,-,-,-,-,-,-
2246,Eliminated,15,15,8,1,6,57.0%,200,57.0%,-,-,-,-,-,-,-,-,-,-
2247,Eliminated,15,20,0,3,2,57.0%,200,57.0%,-,-,-,-,-,-,-,-,-,-
2248,Eliminated,15,20,8,1,2,57.0%,200,57.0%,-,-,-,-,-,-,-,-,-,-
2249,Eliminated,20,20,6,1,0,57.0%,200,57.0%,-,-,-,-,-,-,-,-,-,-
2250,Eliminated,0,5,6,1,0,56.5%,200,56.5%,-,-,-,-,-,-,-,-,-,-
2251,Eliminated,0,5,6,1,6,56.5%,200,56.5%,-,-,-,-,-,-,-,-,-,-
2252,Eliminated,0,5,10,2,0,56.5%,200,56.5%,-,-,-,-,-,-,-,-,-,-
2253,Eliminated,0,15,0,2,2,56.5%,200,56.5%,-,-,-,-,-,-,-,-,-,-
2254,Eliminated,0,15,0,2,4,56.5%,200,56.5%,-,-,-,-,-,-,-,-,-,-
2255,Eliminated,0,15,4,2,0,56.5%,200,56.5%,-,-,-,-,-,-,-,-,-,-
2256,Eliminated,0,15,8,3,0,56.5%,200,56.5%,-,-,-,-,-,-,-,-,-,-
2257,Eliminated,5,5,8,2,0,56.5%,200,56.5%,-,-,-,-,-,-,-,-,-,-
2258,Eliminated,5,10,2,1,8,56.5%,200,56.5%,-,-,-,-,-,-,-,-,-,-
2259,Eliminated,5,15,0,3,2,56.5%,200,56.5%,-,-,-,-,-,-,-,-,-,-
2260,Eliminated,5,15,6,1,6,56.5%,200,56.5%,-,-,-,-,-,-,-,-,-,-
2261,Eliminated,5,20,0,1,10,56.5%,200,56.5%,-,-,-,-,-,-,-,-,-,-
2262,Eliminated,10,5,10,1,4,56.5%,200,56.5%,-,-,-,-,-,-,-,-,-,-
2263,Eliminated,10,10,0,3,2,56.5%,200,56.5%,-,-,-,-,-,-,-,-,-,-
2264,Eliminated,10,15,0,2,2,56.5%,200,56.5%,-,-,-,-,-,-,-,-,-,-
2265,Eliminated,15,10,0,2,0,56.5%,200,56.5%,-,-,-,-,-,-,-,-,-,-
2266,Eliminated,15,10,4,1,0,56.5%,200,56.5%,-,-,-,-,-,-,-,-,-,-
2267,Eliminated,15,15,10,3,0,56.5%,200,56.5%,-,-,-,-,-,-,-,-,-,-
2268,Eliminated,15,20,6,2,0,56.5%,200,56.5%,-,-,-,-,-,-,-,-,-,-
2269,Eliminated,20,15,6,2,0,56.5%,200,56.5%,-,-,-,-,-,-,-,-,-,-
2270,Eliminated,20,20,0,1,2,56.5%,200,56.5%,-,-,-,-,-,-,-,-,-,-
2271,Eliminated,20,20,0,2,2,56.5%,200,56.5%,-,-,-,-,-,-,-,-,-,-
2272,Eliminated,20,20,4,3,0,56.5%,200,56.5%,-,-,-,-,-,-,-,-,-,-
2273,Eliminated,0,20,0,3,4,56.0%,200,56.0%,-,-,-,-,-,-,-,-,-,-
2274,Eliminated,0,20,2,2,2,56.0%,200,56.0%,-,-,-,-,-,-,-,-,-,-
2275,Eliminated,0,20,4,2,0,56.0%,200,56.0%,-,-,-,-,-,-,-,-,-,-
2276,Eliminated,0,20,10,3,0,56.0%,200,56.0%,-,-,-,-,-,-,-,-,-,-
2277,Eliminated,5,10,2,2,0,56.0%,200,56.0%,-,-,-,-,-,-,-,-,-,-
2278,Eliminated,5,15,10,2,0,56.0%,200,56.0%,-,-,-,-,-,-,-,-,-,-
2279,Eliminated,5,15,10,2,4,56.0%,200,56.0%,-,-,-,-,-,-,-,-,-,-
2280,Eliminated,5,15,10,3,0,56.0%,200,56.0%,-,-,-,-,-,-,-,-,-,-
2281,Eliminated,5,20,0,1,8,56.0%,200,56.0%,-,-,-,-,-,-,-,-,-,-
2282,Eliminated,5,20,2,1,6,56.0%,200,56.0%,-,-,-,-,-,-,-,-,-,-
2283,Eliminated,5,20,2,2,2,56.0%,200,56.0%,-,-,-,-,-,-,-,-,-,-
2284,Eliminated,5,20,4,1,4,56.0%,200,56.0%,-,-,-,-,-,-,-,-,-,-
2285,Eliminated,5,20,6,1,4,56.0%,200,56.0%,-,-,-,-,-,-,-,-,-,-
2286,Eliminated,5,20,8,1,2,56.0%,200,56.0%,-,-,-,-,-,-,-,-,-,-
2287,Eliminated,5,20,10,2,4,56.0%,200,56.0%,-,-,-,-,-,-,-,-,-,-
2288,Eliminated,10,10,0,2,2,56.0%,200,56.0%,-,-,-,-,-,-,-,-,-,-
2289,Eliminated,15,10,0,1,2,56.0%,200,56.0%,-,-,-,-,-,-,-,-,-,-
2290,Eliminated,15,15,0,3,2,56.0%,200,56.0%,-,-,-,-,-,-,-,-,-,-
2291,Eliminated,15,15,4,2,0,56.0%,200,56.0%,-,-,-,-,-,-,-,-,-,-
2292,Eliminated,15,15,6,1,0,56.0%,200,56.0%,-,-,-,-,-,-,-,-,-,-
2293,Eliminated,15,15,8,1,2,56.0%,200,56.0%,-,-,-,-,-,-,-,-,-,-
2294,Eliminated,15,20,0,1,0,56.0%,200,56.0%,-,-,-,-,-,-,-,-,-,-
2295,Eliminated,20,15,6,1,0,56.0%,200,56.0%,-,-,-,-,-,-,-,-,-,-
2296,Eliminated,20,20,2,3,0,56.0%,200,56.0%,-,-,-,-,-,-,-,-,-,-
2297,Eliminated,0,15,6,2,0,55.5%,200,55.5%,-,-,-,-,-,-,-,-,-,-
2298,Eliminated,5,0,10,1,6,55.5%,200,55.5%,-,-,-,-,-,-,-,-,-,-
2299,Eliminated,5,5,0,1,2,55.5%,200,55.5%,-,-,-,-,-,-,-,-,-,-
2300,Eliminated,5,10,6,1,8,55.5%,200,55.5%,-,-,-,-,-,-,-,-,-,-
2301,Eliminated,5,15,10,2,10,55.5%,200,55.5%,-,-,-,-,-,-,-,-,-,-
2302,Eliminated,10,15,2,2,0,55.5%,200,55.5%,-,-,-,-,-,-,-,-,-,-
2303,Eliminated,10,15,8,1,4,55.5%,200,55.5%,-,-,-,-,-,-,-,-,-,-
2304,Eliminated,10,15,8,2,0,55.5%,200,55.5%,-,-,-,-,-,-,-,-,-,-
2305,Eliminated,10,15,10,3,0,55.5%,200,55.5%,-,-,-,-,-,-,-,-,-,-
2306,Eliminated,10,20,0,1,4,55.5%,200,55.5%,-,-,-,-,-,-,-,-,-,-
2307,Eliminated,10,20,4,1,0,55.5%,200,55.5%,-,-,-,-,-,-,-,-,-,-
2308,Eliminated,10,20,6,1,0,55.5%,200,55.5%,-,-,-,-,-,-,-,-,-,-
2309,Eliminated,15,20,0,2,0,55.5%,200,55.5%,-,-,-,-,-,-,-,-,-,-
2310,Eliminated,15,20,4,2,0,55.5%,200,55.5%,-,-,-,-,-,-,-,-,-,-
2311,Eliminated,15,20,6,3,0,55.5%,200,55.5%,-,-,-,-,-,-,-,-,-,-
2312,Eliminated,20,15,0,3,2,55.5%,200,55.5%,-,-,-,-,-,-,-,-,-,-
2313,Eliminated,20,20,2,1,0,55.5%,200,55.5%,-,-,-,-,-,-,-,-,-,-
2314,Eliminated,0,5,0,1,6,55.0%,200,55.0%,-,-,-,-,-,-,-,-,-,-
2315,Eliminated,0,5,4,1,0,55.0%,200,55.0%,-,-,-,-,-,-,-,-,-,-
2316,Eliminated,0,10,0,3,8,55.0%,200,55.0%,-,-,-,-,-,-,-,-,-,-
2317,Eliminated,0,20,0,3,0,55.0%,200,55.0%,-,-,-,-,-,-,-,-,-,-
2318,Eliminated,0,20,8,2,0,55.0%,200,55.0%,-,-,-,-,-,-,-,-,-,-
2319,Eliminated,5,10,0,1,8,55.0%,200,55.0%,-,-,-,-,-,-,-,-,-,-
2320,Eliminated,5,10,6,1,0,55.0%,200,55.0%,-,-,-,-,-,-,-,-,-,-
2321,Eliminated,5,15,2,1,8,55.0%,200,55.0%,-,-,-,-,-,-,-,-,-,-
2322,Eliminated,5,15,8,1,2,55.0%,200,55.0%,-,-,-,-,-,-,-,-,-,-
2323,Eliminated,5,20,0,2,0,55.0%,200,55.0%,-,-,-,-,-,-,-,-,-,-
2324,Eliminated,5,20,0,3,2,55.0%,200,55.0%,-,-,-,-,-,-,-,-,-,-
2325,Eliminated,5,20,4,1,0,55.0%,200,55.0%,-,-,-,-,-,-,-,-,-,-
2326,Eliminated,5,20,4,1,2,55.0%,200,55.0%,-,-,-,-,-,-,-,-,-,-
2327,Eliminated,10,15,8,1,2,55.0%,200,55.0%,-,-,-,-,-,-,-,-,-,-
2328,Eliminated,15,10,8,1,8,55.0%,200,55.0%,-,-,-,-,-,-,-,-,-,-
2329,Eliminated,15,15,8,1,0,55.0%,200,55.0%,-,-,-,-,-,-,-,-,-,-
2330,Eliminated,20,10,0,1,0,55.0%,200,55.0%,-,-,-,-,-,-,-,-,-,-
2331,Eliminated,20,20,4,1,0,55.0%,200,55.0%,-,-,-,-,-,-,-,-,-,-
2332,Eliminated,20,20,8,2,0,55.0%,200,55.0%,-,-,-,-,-,-,-,-,-,-
2333,Eliminated,0,5,0,1,2,54.5%,200,54.5%,-,-,-,-,-,-,-,-,-,-
2334,Eliminated,0,10,6,1,4,54.5%,200,54.5%,-,-,-,-,-,-,-,-,-,-
2335,Eliminated,0,15,0,2,8,54.5%,200,54.5%,-,-,-,-,-,-,-,-,-,-
2336,Eliminated,0,15,6,2,8,54.5%,200,54.5%,-,-,-,-,-,-,-,-,-,-
2337,Eliminated,0,15,8,2,6,54.5%,200,54.5%,-,-,-,-,-,-,-,-,-,-
2338,Eliminated,5,0,10,1,8,54.5%,200,54.5%,-,-,-,-,-,-,-,-,-,-
2339,Eliminated,5,15,4,1,2,54.5%,200,54.5%,-,-,-,-,-,-,-,-,-,-
2340,Eliminated,5,15,6,1,2,54.5%,200,54.5%,-,-,-,-,-,-,-,-,-,-
2341,Eliminated,5,15,8,1,0,54.5%,200,54.5%,-,-,-,-,-,-,-,-,-,-
2342,Eliminated,5,15,8,2,0,54.5%,200,54.5%,-,-,-,-,-,-,-,-,-,-
2343,Eliminated,10,10,8,1,6,54.5%,200,54.5%,-,-,-,-,-,-,-,-,-,-
2344,Eliminated,10,20,0,1,2,54.5%,200,54.5%,-,-,-,-,-,-,-,-,-,-
2345,Eliminated,10,20,6,1,2,54.5%,200,54.5%,-,-,-,-,-,-,-,-,-,-
2346,Eliminated,20,5,10,1,2,54.5%,200,54.5%,-,-,-,-,-,-,-,-,-,-
2347,Eliminated,20,10,2,3,0,54.5%,200,54.5%,-,-,-,-,-,-,-,-,-,-
2348,Eliminated,20,15,4,3,0,54.5%,200,54.5%,-,-,-,-,-,-,-,-,-,-
2349,Eliminated,0,15,6,1,2,54.0%,200,54.0%,-,-,-,-,-,-,-,-,-,-
2350,Eliminated,5,15,6,1,10,54.0%,200,54.0%,-,-,-,-,-,-,-,-,-,-
2351,Eliminated,10,15,6,1,0,54.0%,200,54.0%,-,-,-,-,-,-,-,-,-,-
2352,Eliminated,10,20,2,1,0,54.0%,200,54.0%,-,-,-,-,-,-,-,-,-,-
2353,Eliminated,10,20,10,3,0,54.0%,200,54.0%,-,-,-,-,-,-,-,-,-,-
2354,Eliminated,20,15,0,2,0,54.0%,200,54.0%,-,-,-,-,-,-,-,-,-,-
2355,Eliminated,20,15,2,3,0,54.0%,200,54.0%,-,-,-,-,-,-,-,-,-,-
2356,Eliminated,20,20,8,1,6,54.0%,200,54.0%,-,-,-,-,-,-,-,-,-,-
2357,Eliminated,0,0,10,1,0,53.5%,200,53.5%,-,-,-,-,-,-,-,-,-,-
2358,Eliminated,0,10,2,1,2,53.5%,200,53.5%,-,-,-,-,-,-,-,-,-,-
2359,Eliminated,0,20,0,2,0,53.5%,200,53.5%,-,-,-,-,-,-,-,-,-,-
2360,Eliminated,0,20,0,2,4,53.5%,200,53.5%,-,-,-,-,-,-,-,-,-,-
2361,Eliminated,5,15,4,1,6,53.5%,200,53.5%,-,-,-,-,-,-,-,-,-,-
2362,Eliminated,5,15,4,1,8,53.5%,200,53.5%,-,-,-,-,-,-,-,-,-,-
2363,Eliminated,5,20,2,1,2,53.5%,200,53.5%,-,-,-,-,-,-,-,-,-,-
2364,Eliminated,10,5,10,1,2,53.5%,200,53.5%,-,-,-,-,-,-,-,-,-,-
2365,Eliminated,10,10,10,3,0,53.5%,200,53.5%,-,-,-,-,-,-,-,-,-,-
2366,Eliminated,10,15,6,2,0,53.5%,200,53.5%,-,-,-,-,-,-,-,-,-,-
2367,Eliminated,15,20,2,3,0,53.5%,200,53.5%,-,-,-,-,-,-,-,-,-,-
2368,Eliminated,15,20,4,1,0,53.5%,200,53.5%,-,-,-,-,-,-,-,-,-,-
2369,Eliminated,20,20,10,3,0,53.5%,200,53.5%,-,-,-,-,-,-,-,-,-,-
2370,Eliminated,0,5,0,1,0,53.0%,200,53.0%,-,-,-,-,-,-,-,-,-,-
2371,Eliminated,0,5,4,1,10,53.0%,200,53.0%,-,-,-,-,-,-,-,-,-,-
2372,Eliminated,0,5,8,1,0,53.0%,200,53.0%,-,-,-,-,-,-,-,-,-,-
2373,Eliminated,0,5,8,1,6,53.0%,200,53.0%,-,-,-,-,-,-,-,-,-,-
2374,Eliminated,0,10,4,1,2,53.0%,200,53.0%,-,-,-,-,-,-,-,-,-,-
2375,Eliminated,0,20,6,2,0,53.0%,200,53.0%,-,-,-,-,-,-,-,-,-,-
2376,Eliminated,5,10,0,1,0,53.0%,200,53.0%,-,-,-,-,-,-,-,-,-,-
2377,Eliminated,5,10,2,1,0,53.0%,200,53.0%,-,-,-,-,-,-,-,-,-,-
2378,Eliminated,5,10,8,1,6,53.0%,200,53.0%,-,-,-,-,-,-,-,-,-,-
2379,Eliminated,10,10,10,1,2,53.0%,200,53.0%,-,-,-,-,-,-,-,-,-,-
2380,Eliminated,10,20,8,1,4,53.0%,200,53.0%,-,-,-,-,-,-,-,-,-,-
2381,Eliminated,10,20,8,3,0,53.0%,200,53.0%,-,-,-,-,-,-,-,-,-,-
2382,Eliminated,15,5,10,1,6,53.0%,200,53.0%,-,-,-,-,-,-,-,-,-,-
2383,Eliminated,0,0,8,1,10,52.5%,200,52.5%,-,-,-,-,-,-,-,-,-,-
2384,Eliminated,0,10,6,1,6,52.5%,200,52.5%,-,-,-,-,-,-,-,-,-,-
2385,Eliminated,5,10,0,1,6,52.5%,200,52.5%,-,-,-,-,-,-,-,-,-,-
2386,Eliminated,5,10,4,1,0,52.5%,200,52.5%,-,-,-,-,-,-,-,-,-,-
2387,Eliminated,5,15,0,1,2,52.5%,200,52.5%,-,-,-,-,-,-,-,-,-,-
2388,Eliminated,5,20,4,1,8,52.5%,200,52.5%,-,-,-,-,-,-,-,-,-,-
2389,Eliminated,5,20,8,1,0,52.5%,200,52.5%,-,-,-,-,-,-,-,-,-,-
2390,Eliminated,10,10,8,1,0,52.5%,200,52.5%,-,-,-,-,-,-,-,-,-,-
2391,Eliminated,10,15,8,1,0,52.5%,200,52.5%,-,-,-,-,-,-,-,-,-,-
2392,Eliminated,10,20,8,1,0,52.5%,200,52.5%,-,-,-,-,-,-,-,-,-,-
2393,Eliminated,20,20,8,1,0,52.5%,200,52.5%,-,-,-,-,-,-,-,-,-,-
2394,Eliminated,5,15,0,1,8,52.0%,200,52.0%,-,-,-,-,-,-,-,-,-,-
2395,Eliminated,5,15,0,2,2,52.0%,200,52.0%,-,-,-,-,-,-,-,-,-,-
2396,Eliminated,5,15,2,1,4,52.0%,200,52.0%,-,-,-,-,-,-,-,-,-,-
2397,Eliminated,5,20,0,2,2,52.0%,200,52.0%,-,-,-,-,-,-,-,-,-,-
2398,Eliminated,10,5,10,1,6,52.0%,200,52.0%,-,-,-,-,-,-,-,-,-,-
2399,Eliminated,10,15,4,1,0,52.0%,200,52.0%,-,-,-,-,-,-,-,-,-,-
2400,Eliminated,0,10,6,1,0,51.5%,200,51.5%,-,-,-,-,-,-,-,-,-,-
2401,Eliminated,0,20,4,1,2,51.5%,200,51.5%,-,-,-,-,-,-,-,-,-,-
2402,Eliminated,0,20,6,2,10,51.5%,200,51.5%,-,-,-,-,-,-,-,-,-,-
2403,Eliminated,5,20,0,1,0,51.5%,200,51.5%,-,-,-,-,-,-,-,-,-,-
2404,Eliminated,10,15,0,1,2,51.5%,200,51.5%,-,-,-,-,-,-,-,-,-,-
2405,Eliminated,10,15,0,1,4,51.5%,200,51.5%,-,-,-,-,-,-,-,-,-,-
2406,Eliminated,10,15,0,3,0,51.5%,200,51.5%,-,-,-,-,-,-,-,-,-,-
2407,Eliminated,10,15,2,1,0,51.5%,200,51.5%,-,-,-,-,-,-,-,-,-,-
2408,Eliminated,15,5,10,1,0,51.5%,200,51.5%,-,-,-,-,-,-,-,-,-,-
2409,Eliminated,15,10,8,1,10,51.5%,200,51.5%,-,-,-,-,-,-,-,-,-,-
2410,Eliminated,20,5,10,1,6,51.5%,200,51.5%,-,-,-,-,-,-,-,-,-,-
2411,Eliminated,20,10,2,2,0,51.5%,200,51.5%,-,-,-,-,-,-,-,-,-,-
2412,Eliminated,20,20,0,3,0,51.5%,200,51.5%,-,-,-,-,-,-,-,-,-,-
2413,Eliminated,20,20,6,3,0,51.5%,200,51.5%,-,-,-,-,-,-,-,-,-,-
2414,Eliminated,0,0,10,1,4,51.0%,200,51.0%,-,-,-,-,-,-,-,-,-,-
2415,Eliminated,0,20,6,2,8,51.0%,200,51.0%,-,-,-,-,-,-,-,-,-,-
2416,Eliminated,5,15,4,1,0,51.0%,200,51.0%,-,-,-,-,-,-,-,-,-,-
2417,Eliminated,15,15,2,1,0,51.0%,200,51.0%,-,-,-,-,-,-,-,-,-,-
2418,Eliminated,20,15,2,1,0,51.0%,200,51.0%,-,-,-,-,-,-,-,-,-,-
2419,Eliminated,0,5,0,1,8,50.5%,200,50.5%,-,-,-,-,-,-,-,-,-,-
2420,Eliminated,0,5,2,1,10,50.5%,200,50.5%,-,-,-,-,-,-,-,-,-,-
2421,Eliminated,0,10,0,1,4,50.5%,200,50.5%,-,-,-,-,-,-,-,-,-,-
2422,Eliminated,0,10,8,1,0,50.5%,200,50.5%,-,-,-,-,-,-,-,-,-,-
2423,Eliminated,0,10,8,1,2,50.5%,200,50.5%,-,-,-,-,-,-,-,-,-,-
2424,Eliminated,0,10,8,1,6,50.5%,200,50.5%,-,-,-,-,-,-,-,-,-,-
2425,Eliminated,5,0,10,1,10,50.5%,200,50.5%,-,-,-,-,-,-,-,-,-,-
2426,Eliminated,5,5,8,1,8,50.5%,200,50.5%,-,-,-,-,-,-,-,-,-,-
2427,Eliminated,5,10,0,1,2,50.5%,200,50.5%,-,-,-,-,-,-,-,-,-,-
2428,Eliminated,5,10,0,1,4,50.5%,200,50.5%,-,-,-,-,-,-,-,-,-,-
2429,Eliminated,5,15,6,1,0,50.5%,200,50.5%,-,-,-,-,-,-,-,-,-,-
2430,Eliminated,5,20,2,1,0,50.5%,200,50.5%,-,-,-,-,-,-,-,-,-,-
2431,Eliminated,10,15,0,1,0,50.5%,200,50.5%,-,-,-,-,-,-,-,-,-,-
2432,Eliminated,0,10,4,1,4,50.0%,200,50.0%,-,-,-,-,-,-,-,-,-,-
2433,Eliminated,0,10,10,2,2,50.0%,200,50.0%,-,-,-,-,-,-,-,-,-,-
2434,Eliminated,0,15,4,1,0,50.0%,200,50.0%,-,-,-,-,-,-,-,-,-,-
2435,Eliminated,5,20,0,1,2,50.0%,200,50.0%,-,-,-,-,-,-,-,-,-,-
2436,Eliminated,5,20,2,1,4,50.0%,200,50.0%,-,-,-,-,-,-,-,-,-,-
2437,Eliminated,5,20,6,1,2,50.0%,200,50.0%,-,-,-,-,-,-,-,-,-,-
2438,Eliminated,5,20,10,2,10,50.0%,200,50.0%,-,-,-,-,-,-,-,-,-,-
2439,Eliminated,10,5,10,1,0,50.0%,200,50.0%,-,-,-,-,-,-,-,-,-,-
2440,Eliminated,10,10,10,1,0,50.0%,200,50.0%,-,-,-,-,-,-,-,-,-,-
2441,Eliminated,15,10,10,1,2,50.0%,200,50.0%,-,-,-,-,-,-,-,-,-,-
2442,Eliminated,15,20,10,1,2,50.0%,200,50.0%,-,-,-,-,-,-,-,-,-,-
2443,Eliminated,20,20,4,2,0,50.0%,200,50.0%,-,-,-,-,-,-,-,-,-,-
2444,Eliminated,0,5,0,1,10,49.5%,200,49.5%,-,-,-,-,-,-,-,-,-,-
2445,Eliminated,0,15,8,1,4,49.5%,200,49.5%,-,-,-,-,-,-,-,-,-,-
2446,Eliminated,5,20,2,1,8,49.5%,200,49.5%,-,-,-,-,-,-,-,-,-,-
2447,Eliminated,5,20,6,1,0,49.5%,200,49.5%,-,-,-,-,-,-,-,-,-,-
2448,Eliminated,10,10,8,1,8,49.5%,200,49.5%,-,-,-,-,-,-,-,-,-,-
2449,Eliminated,20,20,8,1,10,49.5%,200,49.5%,-,-,-,-,-,-,-,-,-,-
2450,Eliminated,0,0,8,1,8,49.0%,200,49.0%,-,-,-,-,-,-,-,-,-,-
2451,Eliminated,0,5,10,1,2,49.0%,200,49.0%,-,-,-,-,-,-,-,-,-,-
2452,Eliminated,0,15,8,1,2,49.0%,200,49.0%,-,-,-,-,-,-,-,-,-,-
2453,Eliminated,0,20,4,1,0,49.0%,200,49.0%,-,-,-,-,-,-,-,-,-,-
2454,Eliminated,10,20,8,1,10,49.0%,200,49.0%,-,-,-,-,-,-,-,-,-,-
2455,Eliminated,0,10,4,1,0,48.5%,200,48.5%,-,-,-,-,-,-,-,-,-,-
2456,Eliminated,0,20,8,1,2,48.5%,200,48.5%,-,-,-,-,-,-,-,-,-,-
2457,Eliminated,5,10,8,1,0,48.5%,200,48.5%,-,-,-,-,-,-,-,-,-,-
2458,Eliminated,5,15,0,1,0,48.5%,200,48.5%,-,-,-,-,-,-,-,-,-,-
2459,Eliminated,20,5,10,1,0,48.5%,200,48.5%,-,-,-,-,-,-,-,-,-,-
2460,Eliminated,0,5,6,1,10,48.0%,200,48.0%,-,-,-,-,-,-,-,-,-,-
2461,Eliminated,0,10,8,2,10,48.0%,200,48.0%,-,-,-,-,-,-,-,-,-,-
2462,Eliminated,0,20,6,1,2,48.0%,200,48.0%,-,-,-,-,-,-,-,-,-,-
2463,Eliminated,5,5,10,1,2,48.0%,200,48.0%,-,-,-,-,-,-,-,-,-,-
2464,Eliminated,5,15,2,1,0,48.0%,200,48.0%,-,-,-,-,-,-,-,-,-,-
2465,Eliminated,5,20,6,1,6,48.0%,200,48.0%,-,-,-,-,-,-,-,-,-,-
2466,Eliminated,0,5,4,1,8,47.5%,200,47.5%,-,-,-,-,-,-,-,-,-,-
2467,Eliminated,0,5,10,2,8,47.5%,200,47.5%,-,-,-,-,-,-,-,-,-,-
2468,Eliminated,5,20,4,1,6,47.5%,200,47.5%,-,-,-,-,-,-,-,-,-,-
2469,Eliminated,5,20,6,1,8,47.5%,200,47.5%,-,-,-,-,-,-,-,-,-,-
2470,Eliminated,15,20,10,1,0,47.5%,200,47.5%,-,-,-,-,-,-,-,-,-,-
2471,Eliminated,5,15,0,1,6,47.0%,200,47.0%,-,-,-,-,-,-,-,-,-,-
2472,Eliminated,5,15,6,1,8,47.0%,200,47.0%,-,-,-,-,-,-,-,-,-,-
2473,Eliminated,15,15,10,1,0,47.0%,200,47.0%,-,-,-,-,-,-,-,-,-,-
2474,Eliminated,0,10,0,1,0,46.5%,200,46.5%,-,-,-,-,-,-,-,-,-,-
2475,Eliminated,0,15,6,1,0,46.5%,200,46.5%,-,-,-,-,-,-,-,-,-,-
2476,Eliminated,0,15,6,1,4,46.5%,200,46.5%,-,-,-,-,-,-,-,-,-,-
2477,Eliminated,0,15,8,1,0,46.5%,200,46.5%,-,-,-,-,-,-,-,-,-,-
2478,Eliminated,5,15,2,1,6,46.5%,200,46.5%,-,-,-,-,-,-,-,-,-,-
2479,Eliminated,5,20,6,1,10,46.5%,200,46.5%,-,-,-,-,-,-,-,-,-,-
2480,Eliminated,10,15,8,1,10,46.5%,200,46.5%,-,-,-,-,-,-,-,-,-,-
2481,Eliminated,10,20,8,1,8,46.5%,200,46.5%,-,-,-,-,-,-,-,-,-,-
2482,Eliminated,15,15,8,1,8,46.5%,200,46.5%,-,-,-,-,-,-,-,-,-,-
2483,Eliminated,0,10,0,1,2,46.0%,200,46.0%,-,-,-,-,-,-,-,-,-,-
2484,Eliminated,0,15,2,1,0,46.0%,200,46.0%,-,-,-,-,-,-,-,-,-,-
2485,Eliminated,0,15,4,1,2,46.0%,200,46.0%,-,-,-,-,-,-,-,-,-,-
2486,Eliminated,0,20,8,2,6,46.0%,200,46.0%,-,-,-,-,-,-,-,-,-,-
2487,Eliminated,5,5,8,1,10,46.0%,200,46.0%,-,-,-,-,-,-,-,-,-,-
2488,Eliminated,5,5,10,1,0,46.0%,200,46.0%,-,-,-,-,-,-,-,-,-,-
2489,Eliminated,5,5,10,1,4,46.0%,200,46.0%,-,-,-,-,-,-,-,-,-,-
2490,Eliminated,5,20,0,1,4,46.0%,200,46.0%,-,-,-,-,-,-,-,-,-,-
2491,Eliminated,5,20,0,1,6,46.0%,200,46.0%,-,-,-,-,-,-,-,-,-,-
2492,Eliminated,15,20,8,1,10,46.0%,200,46.0%,-,-,-,-,-,-,-,-,-,-
2493,Eliminated,20,10,8,1,10,46.0%,200,46.0%,-,-,-,-,-,-,-,-,-,-
2494,Eliminated,0,10,2,1,0,45.5%,200,45.5%,-,-,-,-,-,-,-,-,-,-
2495,Eliminated,0,0,10,1,2,45.0%,200,45.0%,-,-,-,-,-,-,-,-,-,-
2496,Eliminated,0,15,6,1,6,45.0%,200,45.0%,-,-,-,-,-,-,-,-,-,-
2497,Eliminated,15,10,10,1,4,45.0%,200,45.0%,-,-,-,-,-,-,-,-,-,-
2498,Eliminated,20,10,8,1,8,45.0%,200,45.0%,-,-,-,-,-,-,-,-,-,-
2499,Eliminated,20,10,10,1,0,45.0%,200,45.0%,-,-,-,-,-,-,-,-,-,-
2500,Eliminated,20,15,8,1,10,45.0%,200,45.0%,-,-,-,-,-,-,-,-,-,-
2501,Eliminated,20,20,8,1,8,45.0%,200,45.0%,-,-,-,-,-,-,-,-,-,-
2502,Eliminated,0,10,10,2,4,44.5%,200,44.5%,-,-,-,-,-,-,-,-,-,-
2503,Eliminated,0,20,4,1,4,44.5%,200,44.5%,-,-,-,-,-,-,-,-,-,-
2504,Eliminated,0,20,8,1,4,44.5%,200,44.5%,-,-,-,-,-,-,-,-,-,-
2505,Eliminated,5,10,8,1,8,44.5%,200,44.5%,-,-,-,-,-,-,-,-,-,-
2506,Eliminated,5,15,8,1,6,44.5%,200,44.5%,-,-,-,-,-,-,-,-,-,-
2507,Eliminated,15,15,10,1,2,44.5%,200,44.5%,-,-,-,-,-,-,-,-,-,-
2508,Eliminated,0,5,6,1,8,44.0%,200,44.0%,-,-,-,-,-,-,-,-,-,-
2509,Eliminated,0,10,8,1,4,44.0%,200,44.0%,-,-,-,-,-,-,-,-,-,-
2510,Eliminated,0,15,0,1,0,44.0%,200,44.0%,-,-,-,-,-,-,-,-,-,-
2511,Eliminated,15,15,8,1,10,44.0%,200,44.0%,-,-,-,-,-,-,-,-,-,-
2512,Eliminated,0,5,10,2,10,43.5%,200,43.5%,-,-,-,-,-,-,-,-,-,-
2513,Eliminated,0,10,4,1,6,43.5%,200,43.5%,-,-,-,-,-,-,-,-,-,-
2514,Eliminated,0,20,2,1,2,43.5%,200,43.5%,-,-,-,-,-,-,-,-,-,-
2515,Eliminated,20,10,10,1,2,43.5%,200,43.5%,-,-,-,-,-,-,-,-,-,-
2516,Eliminated,20,10,10,1,4,43.5%,200,43.5%,-,-,-,-,-,-,-,-,-,-
2517,Eliminated,20,15,10,1,0,43.5%,200,43.5%,-,-,-,-,-,-,-,-,-,-
2518,Eliminated,0,15,4,1,4,43.0%,200,43.0%,-,-,-,-,-,-,-,-,-,-
2519,Eliminated,0,20,6,1,4,43.0%,200,43.0%,-,-,-,-,-,-,-,-,-,-
2520,Eliminated,20,15,8,1,8,43.0%,200,43.0%,-,-,-,-,-,-,-,-,-,-
2521,Eliminated,20,20,10,1,2,43.0%,200,43.0%,-,-,-,-,-,-,-,-,-,-
2522,Eliminated,0,20,6,1,0,42.5%,200,42.5%,-,-,-,-,-,-,-,-,-,-
2523,Eliminated,5,20,8,1,6,42.5%,200,42.5%,-,-,-,-,-,-,-,-,-,-
2524,Eliminated,10,15,8,1,8,42.5%,200,42.5%,-,-,-,-,-,-,-,-,-,-
2525,Eliminated,10,20,10,1,0,42.5%,200,42.5%,-,-,-,-,-,-,-,-,-,-
2526,Eliminated,10,20,10,1,2,42.5%,200,42.5%,-,-,-,-,-,-,-,-,-,-
2527,Eliminated,20,20,10,1,0,42.5%,200,42.5%,-,-,-,-,-,-,-,-,-,-
2528,Eliminated,0,10,10,2,0,42.0%,200,42.0%,-,-,-,-,-,-,-,-,-,-
2529,Eliminated,0,15,10,2,2,42.0%,200,42.0%,-,-,-,-,-,-,-,-,-,-
2530,Eliminated,0,20,8,1,0,42.0%,200,42.0%,-,-,-,-,-,-,-,-,-,-
2531,Eliminated,15,20,8,1,8,42.0%,200,42.0%,-,-,-,-,-,-,-,-,-,-
2532,Eliminated,0,5,10,1,0,41.5%,200,41.5%,-,-,-,-,-,-,-,-,-,-
2533,Eliminated,5,10,10,1,2,41.5%,200,41.5%,-,-,-,-,-,-,-,-,-,-
2534,Eliminated,0,10,2,1,4,41.0%,200,41.0%,-,-,-,-,-,-,-,-,-,-
2535,Eliminated,0,15,2,1,2,41.0%,200,41.0%,-,-,-,-,-,-,-,-,-,-
2536,Eliminated,0,15,10,1,2,41.0%,200,41.0%,-,-,-,-,-,-,-,-,-,-
2537,Eliminated,0,20,2,1,0,41.0%,200,41.0%,-,-,-,-,-,-,-,-,-,-
2538,Eliminated,5,15,0,1,4,41.0%,200,41.0%,-,-,-,-,-,-,-,-,-,-
2539,Eliminated,5,20,10,1,0,41.0%,200,41.0%,-,-,-,-,-,-,-,-,-,-
2540,Eliminated,0,10,10,2,6,40.5%,200,40.5%,-,-,-,-,-,-,-,-,-,-
2541,Eliminated,0,20,0,1,2,40.5%,200,40.5%,-,-,-,-,-,-,-,-,-,-
2542,Eliminated,5,15,10,1,4,40.5%,200,40.5%,-,-,-,-,-,-,-,-,-,-
2543,Eliminated,5,20,10,1,2,40.5%,200,40.5%,-,-,-,-,-,-,-,-,-,-
2544,Eliminated,10,10,8,1,10,40.5%,200,40.5%,-,-,-,-,-,-,-,-,-,-
2545,Eliminated,10,15,10,1,4,40.5%,200,40.5%,-,-,-,-,-,-,-,-,-,-
2546,Eliminated,15,10,10,1,0,40.5%,200,40.5%,-,-,-,-,-,-,-,-,-,-
2547,Eliminated,15,15,10,1,4,40.5%,200,40.5%,-,-,-,-,-,-,-,-,-,-
2548,Eliminated,20,10,10,1,6,40.5%,200,40.5%,-,-,-,-,-,-,-,-,-,-
2549,Eliminated,0,5,8,1,8,40.0%,200,40.0%,-,-,-,-,-,-,-,-,-,-
2550,Eliminated,0,15,2,1,4,40.0%,200,40.0%,-,-,-,-,-,-,-,-,-,-
2551,Eliminated,0,15,8,2,8,40.0%,200,40.0%,-,-,-,-,-,-,-,-,-,-
2552,Eliminated,5,20,10,1,4,40.0%,200,40.0%,-,-,-,-,-,-,-,-,-,-
2553,Eliminated,10,15,10,1,0,39.5%,200,39.5%,-,-,-,-,-,-,-,-,-,-
2554,Eliminated,10,15,10,1,2,39.5%,200,39.5%,-,-,-,-,-,-,-,-,-,-
2555,Eliminated,10,20,10,1,4,39.5%,200,39.5%,-,-,-,-,-,-,-,-,-,-
2556,Eliminated,0,10,2,1,8,39.0%,200,39.0%,-,-,-,-,-,-,-,-,-,-
2557,Eliminated,0,10,8,1,8,39.0%,200,39.0%,-,-,-,-,-,-,-,-,-,-
2558,Eliminated,0,15,0,1,4,39.0%,200,39.0%,-,-,-,-,-,-,-,-,-,-
2559,Eliminated,5,10,8,1,10,39.0%,200,39.0%,-,-,-,-,-,-,-,-,-,-
2560,Eliminated,5,10,10,1,0,39.0%,200,39.0%,-,-,-,-,-,-,-,-,-,-
2561,Eliminated,5,10,10,1,4,39.0%,200,39.0%,-,-,-,-,-,-,-,-,-,-
2562,Eliminated,10,10,10,1,4,39.0%,200,39.0%,-,-,-,-,-,-,-,-,-,-
2563,Eliminated,0,10,10,1,0,38.5%,200,38.5%,-,-,-,-,-,-,-,-,-,-
2564,Eliminated,0,15,8,1,6,38.5%,200,38.5%,-,-,-,-,-,-,-,-,-,-
2565,Eliminated,0,15,10,2,0,38.5%,200,38.5%,-,-,-,-,-,-,-,-,-,-
2566,Eliminated,5,15,10,1,2,38.5%,200,38.5%,-,-,-,-,-,-,-,-,-,-
2567,Eliminated,15,5,10,1,8,38.5%,200,38.5%,-,-,-,-,-,-,-,-,-,-
2568,Eliminated,0,10,0,1,6,38.0%,200,38.0%,-,-,-,-,-,-,-,-,-,-
2569,Eliminated,0,15,8,2,10,38.0%,200,38.0%,-,-,-,-,-,-,-,-,-,-
2570,Eliminated,0,20,10,2,0,38.0%,200,38.0%,-,-,-,-,-,-,-,-,-,-
2571,Eliminated,5,15,10,1,0,38.0%,200,38.0%,-,-,-,-,-,-,-,-,-,-
2572,Eliminated,5,20,8,1,8,38.0%,200,38.0%,-,-,-,-,-,-,-,-,-,-
2573,Eliminated,15,20,10,1,4,38.0%,200,38.0%,-,-,-,-,-,-,-,-,-,-
2574,Eliminated,0,15,0,1,2,37.5%,200,37.5%,-,-,-,-,-,-,-,-,-,-
2575,Eliminated,0,20,0,1,0,37.5%,200,37.5%,-,-,-,-,-,-,-,-,-,-
2576,Eliminated,0,20,10,2,2,37.5%,200,37.5%,-,-,-,-,-,-,-,-,-,-
2577,Eliminated,0,20,2,1,4,37.0%,200,37.0%,-,-,-,-,-,-,-,-,-,-
2578,Eliminated,0,20,8,2,10,37.0%,200,37.0%,-,-,-,-,-,-,-,-,-,-
2579,Eliminated,5,15,8,1,8,37.0%,200,37.0%,-,-,-,-,-,-,-,-,-,-
2580,Eliminated,20,15,10,1,4,37.0%,200,37.0%,-,-,-,-,-,-,-,-,-,-
2581,Eliminated,20,20,10,1,4,37.0%,200,37.0%,-,-,-,-,-,-,-,-,-,-
2582,Eliminated,0,5,10,1,4,36.5%,200,36.5%,-,-,-,-,-,-,-,-,-,-
2583,Eliminated,0,10,2,1,6,36.5%,200,36.5%,-,-,-,-,-,-,-,-,-,-
2584,Eliminated,20,15,10,1,2,36.5%,200,36.5%,-,-,-,-,-,-,-,-,-,-
2585,Eliminated,0,15,10,1,0,36.0%,200,36.0%,-,-,-,-,-,-,-,-,-,-
2586,Eliminated,0,15,10,1,4,36.0%,200,36.0%,-,-,-,-,-,-,-,-,-,-
2587,Eliminated,0,20,8,2,8,36.0%,200,36.0%,-,-,-,-,-,-,-,-,-,-
2588,Eliminated,0,20,6,1,6,35.5%,200,35.5%,-,-,-,-,-,-,-,-,-,-
2589,Eliminated,20,5,10,1,8,35.5%,200,35.5%,-,-,-,-,-,-,-,-,-,-
2590,Eliminated,0,10,2,1,10,35.0%,200,35.0%,-,-,-,-,-,-,-,-,-,-
2591,Eliminated,0,10,4,1,10,35.0%,200,35.0%,-,-,-,-,-,-,-,-,-,-
2592,Eliminated,0,10,6,1,8,35.0%,200,35.0%,-,-,-,-,-,-,-,-,-,-
2593,Eliminated,0,10,10,1,2,35.0%,200,35.0%,-,-,-,-,-,-,-,-,-,-
2594,Eliminated,5,20,8,1,10,35.0%,200,35.0%,-,-,-,-,-,-,-,-,-,-
2595,Eliminated,20,15,10,1,6,35.0%,200,35.0%,-,-,-,-,-,-,-,-,-,-
2596,Eliminated,0,0,10,1,6,34.5%,200,34.5%,-,-,-,-,-,-,-,-,-,-
2597,Eliminated,0,10,4,1,8,34.5%,200,34.5%,-,-,-,-,-,-,-,-,-,-
2598,Eliminated,0,10,10,1,4,34.5%,200,34.5%,-,-,-,-,-,-,-,-,-,-
2599,Eliminated,0,20,10,1,2,34.5%,200,34.5%,-,-,-,-,-,-,-,-,-,-
2600,Eliminated,5,15,8,1,10,34.0%,200,34.0%,-,-,-,-,-,-,-,-,-,-
2601,Eliminated,0,20,10,2,4,33.5%,200,33.5%,-,-,-,-,-,-,-,-,-,-
2602,Eliminated,5,5,10,1,6,33.5%,200,33.5%,-,-,-,-,-,-,-,-,-,-
2603,Eliminated,0,20,10,1,0,33.0%,200,33.0%,-,-,-,-,-,-,-,-,-,-
2604,Eliminated,0,20,10,1,4,33.0%,200,33.0%,-,-,-,-,-,-,-,-,-,-
2605,Eliminated,15,10,10,1,6,33.0%,200,33.0%,-,-,-,-,-,-,-,-,-,-
2606,Eliminated,0,20,0,1,4,32.5%,200,32.5%,-,-,-,-,-,-,-,-,-,-
2607,Eliminated,10,10,10,1,6,32.5%,200,32.5%,-,-,-,-,-,-,-,-,-,-
2608,Eliminated,0,15,10,2,4,32.0%,200,32.0%,-,-,-,-,-,-,-,-,-,-
2609,Eliminated,0,20,8,1,6,32.0%,200,32.0%,-,-,-,-,-,-,-,-,-,-
2610,Eliminated,10,5,10,1,8,32.0%,200,32.0%,-,-,-,-,-,-,-,-,-,-
2611,Eliminated,0,15,4,1,6,31.5%,200,31.5%,-,-,-,-,-,-,-,-,-,-
2612,Eliminated,0,5,8,1,10,31.0%,200,31.0%,-,-,-,-,-,-,-,-,-,-
2613,Eliminated,0,5,10,1,6,31.0%,200,31.0%,-,-,-,-,-,-,-,-,-,-
2614,Eliminated,0,15,2,1,6,31.0%,200,31.0%,-,-,-,-,-,-,-,-,-,-
2615,Eliminated,0,10,0,1,8,30.5%,200,30.5%,-,-,-,-,-,-,-,-,-,-
2616,Eliminated,5,15,10,1,6,30.5%,200,30.5%,-,-,-,-,-,-,-,-,-,-
2617,Eliminated,15,5,10,1,10,30.5%,200,30.5%,-,-,-,-,-,-,-,-,-,-
2618,Eliminated,20,20,10,1,6,30.5%,200,30.5%,-,-,-,-,-,-,-,-,-,-
2619,Eliminated,0,10,0,1,10,30.0%,200,30.0%,-,-,-,-,-,-,-,-,-,-
2620,Eliminated,0,10,6,1,10,30.0%,200,30.0%,-,-,-,-,-,-,-,-,-,-
2621,Eliminated,0,10,10,1,6,30.0%,200,30.0%,-,-,-,-,-,-,-,-,-,-
2622,Eliminated,0,15,0,1,6,30.0%,200,30.0%,-,-,-,-,-,-,-,-,-,-
2623,Eliminated,0,20,10,2,6,30.0%,200,30.0%,-,-,-,-,-,-,-,-,-,-
2624,Eliminated,5,10,10,1,6,30.0%,200,30.0%,-,-,-,-,-,-,-,-,-,-
2625,Eliminated,0,20,0,1,6,29.5%,200,29.5%,-,-,-,-,-,-,-,-,-,-
2626,Eliminated,0,20,4,1,6,29.5%,200,29.5%,-,-,-,-,-,-,-,-,-,-
2627,Eliminated,0,20,4,1,8,29.5%,200,29.5%,-,-,-,-,-,-,-,-,-,-
2628,Eliminated,20,5,10,1,10,29.5%,200,29.5%,-,-,-,-,-,-,-,-,-,-
2629,Eliminated,0,10,10,2,8,28.5%,200,28.5%,-,-,-,-,-,-,-,-,-,-
2630,Eliminated,0,20,2,1,8,28.5%,200,28.5%,-,-,-,-,-,-,-,-,-,-
2631,Eliminated,0,15,2,1,10,28.0%,200,28.0%,-,-,-,-,-,-,-,-,-,-
2632,Eliminated,0,20,2,1,6,28.0%,200,28.0%,-,-,-,-,-,-,-,-,-,-
2633,Eliminated,0,15,8,1,8,27.5%,200,27.5%,-,-,-,-,-,-,-,-,-,-
2634,Eliminated,0,15,0,1,8,27.0%,200,27.0%,-,-,-,-,-,-,-,-,-,-
2635,Eliminated,15,20,10,1,6,27.0%,200,27.0%,-,-,-,-,-,-,-,-,-,-
2636,Eliminated,0,10,8,1,10,26.5%,200,26.5%,-,-,-,-,-,-,-,-,-,-
2637,Eliminated,0,15,4,1,10,26.5%,200,26.5%,-,-,-,-,-,-,-,-,-,-
2638,Eliminated,0,15,6,1,8,26.5%,200,26.5%,-,-,-,-,-,-,-,-,-,-
2639,Eliminated,5,20,10,1,6,26.5%,200,26.5%,-,-,-,-,-,-,-,-,-,-
2640,Eliminated,10,15,10,1,6,26.5%,200,26.5%,-,-,-,-,-,-,-,-,-,-
2641,Eliminated,0,15,2,1,8,26.0%,200,26.0%,-,-,-,-,-,-,-,-,-,-
2642,Eliminated,0,15,6,1,10,26.0%,200,26.0%,-,-,-,-,-,-,-,-,-,-
2643,Eliminated,10,20,10,1,6,26.0%,200,26.0%,-,-,-,-,-,-,-,-,-,-
2644,Eliminated,15,15,10,1,6,26.0%,200,26.0%,-,-,-,-,-,-,-,-,-,-
2645,Eliminated,0,20,0,1,10,25.5%,200,25.5%,-,-,-,-,-,-,-,-,-,-
2646,Eliminated,0,20,10,1,6,25.5%,200,25.5%,-,-,-,-,-,-,-,-,-,-
2647,Eliminated,0,15,0,1,10,25.0%,200,25.0%,-,-,-,-,-,-,-,-,-,-
2648,Eliminated,0,0,10,1,8,24.0%,200,24.0%,-,-,-,-,-,-,-,-,-,-
2649,Eliminated,0,5,10,1,8,24.0%,200,24.0%,-,-,-,-,-,-,-,-,-,-
2650,Eliminated,0,15,4,1,8,24.0%,200,24.0%,-,-,-,-,-,-,-,-,-,-
2651,Eliminated,0,20,4,1,10,24.0%,200,24.0%,-,-,-,-,-,-,-,-,-,-
2652,Eliminated,0,20,6,1,8,24.0%,200,24.0%,-,-,-,-,-,-,-,-,-,-
2653,Eliminated,0,15,10,2,6,23.5%,200,23.5%,-,-,-,-,-,-,-,-,-,-
2654,Eliminated,0,20,8,1,8,23.5%,200,23.5%,-,-,-,-,-,-,-,-,-,-
2655,Eliminated,0,10,10,2,10,23.0%,200,23.0%,-,-,-,-,-,-,-,-,-,-
2656,Eliminated,0,15,10,1,6,23.0%,200,23.0%,-,-,-,-,-,-,-,-,-,-
2657,Eliminated,0,15,10,2,8,22.5%,200,22.5%,-,-,-,-,-,-,-,-,-,-
2658,Eliminated,10,5,10,1,10,22.0%,200,22.0%,-,-,-,-,-,-,-,-,-,-
2659,Eliminated,0,10,10,1,8,21.0%,200,21.0%,-,-,-,-,-,-,-,-,-,-
2660,Eliminated,20,10,10,1,8,21.0%,200,21.0%,-,-,-,-,-,-,-,-,-,-
2661,Eliminated,0,20,6,1,10,20.5%,200,20.5%,-,-,-,-,-,-,-,-,-,-
2662,Eliminated,10,10,10,1,8,20.5%,200,20.5%,-,-,-,-,-,-,-,-,-,-
2663,Eliminated,0,15,8,1,10,19.5%,200,19.5%,-,-,-,-,-,-,-,-,-,-
2664,Eliminated,5,15,10,1,8,19.0%,200,19.0%,-,-,-,-,-,-,-,-,-,-
2665,Eliminated,0,20,8,1,10,18.5%,200,18.5%,-,-,-,-,-,-,-,-,-,-
2666,Eliminated,0,20,0,1,8,17.5%,200,17.5%,-,-,-,-,-,-,-,-,-,-
2667,Eliminated,0,20,2,1,10,17.5%,200,17.5%,-,-,-,-,-,-,-,-,-,-
2668,Eliminated,0,15,10,1,8,17.0%,200,17.0%,-,-,-,-,-,-,-,-,-,-
2669,Eliminated,15,10,10,1,8,17.0%,200,17.0%,-,-,-,-,-,-,-,-,-,-
2670,Eliminated,15,20,10,1,8,16.5%,200,16.5%,-,-,-,-,-,-,-,-,-,-
2671,Eliminated,20,15,10,1,8,16.5%,200,16.5%,-,-,-,-,-,-,-,-,-,-
2672,Eliminated,5,10,10,1,8,15.5%,200,15.5%,-,-,-,-,-,-,-,-,-,-
2673,Eliminated,10,15,10,1,8,15.5%,200,15.5%,-,-,-,-,-,-,-,-,-,-
2674,Eliminated,10,20,10,1,8,15.0%,200,15.0%,-,-,-,-,-,-,-,-,-,-
2675,Eliminated,20,20,10,1,8,15.0%,200,15.0%,-,-,-,-,-,-,-,-,-,-
2676,Eliminated,0,5,10,1,10,14.5%,200,14.5%,-,-,-,-,-,-,-,-,-,-
2677,Eliminated,15,10,10,1,10,14.5%,200,14.5%,-,-,-,-,-,-,-,-,-,-
2678,Eliminated,0,15,10,1,10,14.0%,200,14.0%,-,-,-,-,-,-,-,-,-,-
2679,Eliminated,0,20,10,2,8,14.0%,200,14.0%,-,-,-,-,-,-,-,-,-,-
2680,Eliminated,5,5,10,1,8,14.0%,200,14.0%,-,-,-,-,-,-,-,-,-,-
2681,Eliminated,15,15,10,1,8,13.5%,200,13.5%,-,-,-,-,-,-,-,-,-,-
2682,Eliminated,0,0,10,1,10,13.0%,200,13.0%,-,-,-,-,-,-,-,-,-,-
2683,Eliminated,5,5,10,1,10,13.0%,200,13.0%,-,-,-,-,-,-,-,-,-,-
2684,Eliminated,20,10,10,1,10,13.0%,200,13.0%,-,-,-,-,-,-,-,-,-,-
2685,Eliminated,0,20,10,1,8,12.5%,200,12.5%,-,-,-,-,-,-,-,-,-,-
2686,Eliminated,5,20,10,1,8,12.0%,200,12.0%,-,-,-,-,-,-,-,-,-,-
2687,Eliminated,5,10,10,1,10,11.0%,200,11.0%,-,-,-,-,-,-,-,-,-,-
2688,Eliminated,15,20,10,1,10,11.0%,200,11.0%,-,-,-,-,-,-,-,-,-,-
2689,Eliminated,10,20,10,1,10,10.5%,200,10.5%,-,-,-,-,-,-,-,-,-,-
2690,Eliminated,0,10,10,1,10,9.5%,200,9.5%,-,-,-,-,-,-,-,-,-,-
2691,Eliminated,10,10,10,1,10,9.5%,200,9.5%,-,-,-,-,-,-,-,-,-,-
2692,Eliminated,0,15,10,2,10,8.5%,200,8.5%,-,-,-,-,-,-,-,-,-,-
2693,Eliminated,0,20,10,2,10,8.5%,200,8.5%,-,-,-,-,-,-,-,-,-,-
2694,Eliminated,5,15,10,1,10,8.5%,200,8.5%,-,-,-,-,-,-,-,-,-,-
2695,Eliminated,10,15,10,1,10,8.5%,200,8.5%,-,-,-,-,-,-,-,-,-,-
2696,Eliminated,20,15,10,1,10,8.5%,200,8.5%,-,-,-,-,-,-,-,-,-,-
2697,Eliminated,20,20,10,1,10,8.5%,200,8.5%,-,-,-,-,-,-,-,-,-,-
2698,Eliminated,5,20,10,1,10,8.0%,200,8.0%,-,-,-,-,-,-,-,-,-,-
2699,Eliminated,15,15,10,1,10,7.5%,200,7.5%,-,-,-,-,-,-,-,-,-,-
2700,Eliminated,0,20,10,1,10,7.0%,200,7.0%,-,-,-,-,-,-,-,-,-,-
